step,time_unix,learning_rate_discriminator,learning_rate_generator,runtime/checkpoint_save_time_ms,runtime/checkpoint_size_mb,train_discriminator_loss,train_discriminator_loss_period,train_discriminator_loss_resolution,train_discriminator_loss_total,train_generator_loss,train_generator_loss_feature_matching_period,train_generator_loss_feature_matching_resolution,train_generator_loss_mel,train_generator_loss_period_adversarial,train_generator_loss_resolution_adversarial,train_generator_loss_total,train_loss,val_loss,val_validation_loss_mel,val_validation_loss_total
0,1783411137.1376882,,,,,,,,,,,,,,,,,41.05865463256836,0.9124145495891571,41.05865463256836
5,1783411179.250133,4.999999995049369e-05,4.999999995049369e-05,,,0.6913086175918579,0.6322265863418579,0.5908203125,0.6913086175918579,50.297454833984375,6.307949542999268,8.44219970703125,0.8587609529495239,4.018750190734863,4.8229169845581055,50.297454833984375,50.297454833984375,,,
10,1783411179.929353,4.9999999801974745e-05,4.9999999801974745e-05,,,0.5049804449081421,0.4605468809604645,0.4443359375,0.5049804449081421,47.048274993896484,7.139041900634766,8.970705032348633,0.7665433883666992,4.046875,4.708333492279053,47.048274993896484,47.048274993896484,,,
15,1783411180.608956,4.9999999554443176e-05,4.9999999554443176e-05,,,0.48512372374534607,0.44990235567092896,0.3522135615348816,0.48512372374534607,42.84955596923828,6.600295543670654,10.10905647277832,0.6889078617095947,3.721874952316284,5.15625,42.84955596923828,42.84955596923828,,,
20,1783411181.2867868,4.999999920789898e-05,4.999999920789898e-05,,,0.3347981870174408,0.30742189288139343,0.2737630307674408,0.3347981870174408,42.55205154418945,7.587673187255859,9.961673736572266,0.6507982015609741,4.1875,4.9479169845581055,42.55205154418945,42.55205154418945,,,
25,1783411181.9649193,4.9999998762342145e-05,4.9999998762342145e-05,,,0.33702799677848816,0.30976563692092896,0.2726237177848816,0.33702799677848816,39.94736099243164,7.893527507781982,9.88650131225586,0.5859161019325256,4.190625190734863,5.083333492279053,39.94736099243164,39.94736099243164,,,
30,1783411182.6474798,4.999999821777269e-05,4.999999821777269e-05,,,0.40869140625,0.38447266817092896,0.2421875,0.40869140625,37.4351806640625,7.32924222946167,12.303561210632324,0.5457073450088501,3.659374952316284,6.59375,37.4351806640625,37.4351806640625,,,
35,1783411183.3304617,4.99999975741906e-05,4.99999975741906e-05,,,0.3086751103401184,0.2865234315395355,0.2215169370174408,0.3086751103401184,35.03919982910156,7.399036407470703,10.807563781738281,0.4976164698600769,3.609375,5.5729169845581055,35.03919982910156,35.03919982910156,,,
40,1783411184.011104,4.999999683159589e-05,4.999999683159589e-05,,,0.33826497197151184,0.3173828125,0.2088216245174408,0.33826497197151184,34.520599365234375,7.340311527252197,12.414934158325195,0.47938066720962524,3.690624952316284,6.7604169845581055,34.520599365234375,34.520599365234375,,,
45,1783411184.6890016,4.999999598998858e-05,4.999999598998858e-05,,,0.33740234375,0.3173828125,0.2001953125,0.33740234375,34.04923629760742,7.700683116912842,11.669917106628418,0.46007636189460754,3.856250047683716,6.21875,34.04923629760742,34.04923629760742,,,
50,1783411185.370175,4.999999504936864e-05,4.999999504936864e-05,,,0.31405436992645264,0.29594728350639343,0.1810709685087204,0.31405436992645264,34.26913833618164,8.273050308227539,13.540605545043945,0.44604969024658203,3.8500001430511475,7.1979169845581055,34.26913833618164,34.26913833618164,,,
55,1783411186.0536714,4.999999400973608e-05,4.999999400973608e-05,,,0.3579508364200592,0.341796875,0.1615397185087204,0.3579508364200592,32.73887634277344,7.643260478973389,12.51279067993164,0.4326750338077545,3.700000047683716,6.739583492279053,32.73887634277344,32.73887634277344,,,
60,1783411186.734528,4.999999287109091e-05,4.999999287109091e-05,,,0.2990071773529053,0.2842773497104645,0.1472981870174408,0.2990071773529053,33.099029541015625,8.3408842086792,13.706687927246094,0.419258713722229,3.784374952316284,7.364583492279053,33.099029541015625,33.099029541015625,,,
65,1783411187.416049,4.999999163343316e-05,4.999999163343316e-05,,,0.31511229276657104,0.29931640625,0.157958984375,0.31511229276657104,33.01536560058594,8.600523948669434,14.71798324584961,0.41040095686912537,3.71875,7.5625,33.01536560058594,33.01536560058594,,,
70,1783411188.0932622,4.9999990296762806e-05,4.9999990296762806e-05,,,0.28251954913139343,0.26689454913139343,0.15625,0.28251954913139343,32.572021484375,8.594929695129395,12.818328857421875,0.40443170070648193,3.8687500953674316,6.270833492279053,32.572021484375,32.572021484375,,,
75,1783411188.7748833,4.999998886107985e-05,4.999998886107985e-05,,,0.28103840351104736,0.2655273377895355,0.1551106870174408,0.28103840351104736,32.24709701538086,8.605473518371582,14.116331100463867,0.39515721797943115,3.753124952316284,6.9479169845581055,32.24709701538086,32.24709701538086,,,
80,1783411189.4549704,4.9999987326384326e-05,4.9999987326384326e-05,,,0.2704915404319763,0.255615234375,0.1487630307674408,0.2704915404319763,32.43814468383789,9.143465995788574,15.020589828491211,0.3819887638092041,3.84375,7.59375,32.43814468383789,32.43814468383789,,,
85,1783411190.1333747,4.999998569267621e-05,4.999998569267621e-05,,,0.3323811888694763,0.3167968690395355,0.1558431088924408,0.3323811888694763,31.403621673583984,8.373310089111328,13.752626419067383,0.38219553232192993,3.746875047683716,7.09375,31.403621673583984,31.403621673583984,,,
90,1783411190.8104706,4.999998395995552e-05,4.999998395995552e-05,,,0.2861328125,0.2703613340854645,0.15771484375,0.2861328125,31.82672119140625,8.725214958190918,13.580678939819336,0.38064125180244446,3.9312500953674316,6.833333492279053,31.82672119140625,31.82672119140625,,,
95,1783411191.492311,4.999998212822226e-05,4.999998212822226e-05,,,0.3506835997104645,0.3346191346645355,0.16064453125,0.3506835997104645,30.798383712768555,8.288969993591309,12.972601890563965,0.3746219277381897,3.7281250953674316,6.2604169845581055,30.798383712768555,30.798383712768555,,,
100,1783411192.1722806,4.999998019747644e-05,4.999998019747644e-05,,,0.2816569209098816,0.26494142413139343,0.1671549528837204,0.2816569209098816,31.24026870727539,8.63217830657959,13.629362106323242,0.3714895248413086,3.846874952316284,6.8125,31.24026870727539,31.24026870727539,,,
105,1783411192.8509479,4.9999978167718076e-05,4.9999978167718076e-05,,,0.30415040254592896,0.28828126192092896,0.15869140625,0.30415040254592896,30.68759536743164,8.563502311706543,12.933881759643555,0.3648027181625366,3.793750047683716,6.208333492279053,30.68759536743164,30.68759536743164,,,
110,1783411193.5282772,4.999997603894716e-05,4.999997603894716e-05,,,0.2794433534145355,0.2635253965854645,0.1591796875,0.2794433534145355,30.679637908935547,8.71423053741455,13.245200157165527,0.3586632311344147,3.862499952316284,6.3854169845581055,30.679637908935547,30.679637908935547,,,
115,1783411194.206233,4.99999738111637e-05,4.99999738111637e-05,,,0.3137857913970947,0.2967773377895355,0.1700846403837204,0.3137857913970947,30.273530960083008,8.51223373413086,13.620870590209961,0.3541259467601776,3.7875001430511475,6.7604169845581055,30.273530960083008,30.273530960083008,,,
120,1783411194.8816829,4.999997148436772e-05,4.999997148436772e-05,,,0.4108073115348816,0.3946289122104645,0.1617838591337204,0.4108073115348816,29.013181686401367,7.758251190185547,13.95545482635498,0.3490511476993561,3.46875,6.833333492279053,29.013181686401367,29.013181686401367,,,
125,1783411195.5541227,4.999996905855922e-05,4.999996905855922e-05,,,0.2757324278354645,0.2587890625,0.16943359375,0.2757324278354645,30.257884979248047,8.689403533935547,13.41192626953125,0.3490786552429199,3.875,6.4375,30.257884979248047,30.257884979248047,,,
130,1783411196.233025,4.999996653373823e-05,4.999996653373823e-05,,,0.31554362177848816,0.29804688692092896,0.1749674528837204,0.31554362177848816,30.268789291381836,8.839588165283203,13.46632194519043,0.34593209624290466,3.893749952316284,6.21875,30.268789291381836,30.268789291381836,,,
135,1783411196.9137168,4.999996390990473e-05,4.999996390990473e-05,,,0.31295573711395264,0.2965331971645355,0.1642252653837204,0.31295573711395264,29.513389587402344,8.221620559692383,12.980814933776855,0.3465958535671234,3.75,6.46875,29.513389587402344,29.513389587402344,,,
140,1783411197.589784,4.999996118705874e-05,4.999996118705874e-05,,,0.3382975161075592,0.3192382752895355,0.1905924528837204,0.3382975161075592,29.706836700439453,8.60069751739502,12.663809776306152,0.3424112796783447,3.8531250953674316,5.78125,29.706836700439453,29.706836700439453,,,
145,1783411198.2685242,4.999995836520027e-05,4.999995836520027e-05,,,0.2824056148529053,0.2640136778354645,0.1839192807674408,0.2824056148529053,28.802734375,8.094544410705566,11.442713737487793,0.3379250168800354,3.815624952316284,5.4166669845581055,28.802734375,28.802734375,,,
150,1783411198.9495962,4.999995544432933e-05,4.999995544432933e-05,,,0.3362467586994171,0.3199218809604645,0.1632487028837204,0.3362467586994171,29.047019958496094,8.254592895507812,12.379805564880371,0.3380385935306549,3.7562501430511475,5.864583492279053,29.047019958496094,29.047019958496094,,,
155,1783411199.6289632,4.999995242444594e-05,4.999995242444594e-05,,,0.2879394590854645,0.2723144590854645,0.15625,0.2879394590854645,29.837133407592773,8.802434921264648,14.176573753356934,0.3355175852775574,3.84375,6.75,29.837133407592773,29.837133407592773,,,
160,1783411200.304859,4.99999493055501e-05,4.99999493055501e-05,,,0.3467610776424408,0.32890626788139343,0.1785481870174408,0.3467610776424408,28.763914108276367,8.292652130126953,12.345599174499512,0.3322276175022125,3.690624952316284,5.958333492279053,28.763914108276367,28.763914108276367,,,
165,1783411200.981286,4.9999946087641836e-05,4.9999946087641836e-05,,,0.29000651836395264,0.2730468809604645,0.1695963591337204,0.29000651836395264,29.71919822692871,8.813529014587402,13.453601837158203,0.33314576745033264,3.96875,6.0,29.71919822692871,29.71919822692871,,,
170,1783411201.6615202,4.999994277072116e-05,4.999994277072116e-05,,,0.31220704317092896,0.29326173663139343,0.189453125,0.31220704317092896,28.68320083618164,8.347865104675293,12.508185386657715,0.32692450284957886,3.7906250953674316,5.8229169845581055,28.68320083618164,28.68320083618164,,,
175,1783411202.339471,4.999993935478808e-05,4.999993935478808e-05,,,0.31025391817092896,0.2919921875,0.1826171875,0.31025391817092896,30.3399658203125,9.500295639038086,13.592684745788574,0.33231914043426514,3.909374952316284,6.1666669845581055,30.3399658203125,30.3399658203125,,,
180,1783411203.022909,4.9999935839842604e-05,4.9999935839842604e-05,,,0.33338215947151184,0.3153320252895355,0.1805013120174408,0.33338215947151184,28.27617645263672,7.949833869934082,12.20767593383789,0.32801735401153564,3.7875001430511475,5.5729169845581055,28.27617645263672,28.27617645263672,,,
185,1783411203.7016091,4.999993222588476e-05,4.999993222588476e-05,,,0.27967122197151184,0.26171875,0.1795247495174408,0.27967122197151184,28.7808780670166,8.449482917785645,12.243650436401367,0.32814234495162964,3.7875001430511475,5.53125,28.7808780670166,28.7808780670166,,,
190,1783411204.3808043,4.9999928512914545e-05,4.9999928512914545e-05,,,0.30569660663604736,0.2881835997104645,0.1751302182674408,0.30569660663604736,28.609790802001953,8.32624626159668,12.349143981933594,0.32341864705085754,3.9281251430511475,5.6666669845581055,28.609790802001953,28.609790802001953,,,
195,1783411205.0608094,4.999992470093198e-05,4.999992470093198e-05,,,0.32076823711395264,0.3038085997104645,0.1695963591337204,0.32076823711395264,28.729398727416992,8.559306144714355,13.154155731201172,0.32223355770111084,3.7593750953674316,5.9479169845581055,28.729398727416992,28.729398727416992,,,
200,1783411205.7366145,4.999992078993709e-05,4.999992078993709e-05,,,0.3758300840854645,0.35664063692092896,0.19189453125,0.3758300840854645,27.776660919189453,7.933563232421875,11.49836540222168,0.31816044449806213,3.8218750953674316,5.5416669845581055,27.776660919189453,27.776660919189453,,,
205,1783411206.4136937,4.999991677992988e-05,4.999991677992988e-05,,,0.36868488788604736,0.3482421934604645,0.2044270932674408,0.36868488788604736,28.09798812866211,8.171197891235352,11.598917961120605,0.32213476300239563,3.7250001430511475,5.458333492279053,28.09798812866211,28.09798812866211,,,
210,1783411207.1011727,4.999991267091036e-05,4.999991267091036e-05,,,0.34127604961395264,0.3216796815395355,0.1959635466337204,0.34127604961395264,28.457839965820312,8.335077285766602,12.996527671813965,0.3181755542755127,3.9156250953674316,5.895833492279053,28.457839965820312,28.457839965820312,,,
215,1783411207.789994,4.999990846287855e-05,4.999990846287855e-05,,,0.3160644769668579,0.29619142413139343,0.19873046875,0.3160644769668579,28.960182189941406,8.899867057800293,13.272845268249512,0.31557196378707886,3.9375,5.9479169845581055,28.960182189941406,28.960182189941406,,,
220,1783411208.4759045,4.99999041558345e-05,4.99999041558345e-05,,,0.34077149629592896,0.32246094942092896,0.18310546875,0.34077149629592896,28.405590057373047,8.563090324401855,12.91727066040039,0.31480881571769714,3.8187501430511475,5.65625,28.405590057373047,28.405590057373047,,,
225,1783411209.1618946,4.9999899749778175e-05,4.9999899749778175e-05,,,0.3777506649494171,0.357421875,0.2032877653837204,0.3777506649494171,27.863807678222656,8.076154708862305,11.567172050476074,0.31860411167144775,3.746875047683716,5.46875,27.863807678222656,27.863807678222656,,,
230,1783411209.846557,4.999989524470962e-05,4.999989524470962e-05,,,0.31692707538604736,0.29541015625,0.2151692807674408,0.31692707538604736,28.399099349975586,8.535815238952637,12.147482872009277,0.3159859776496887,3.893749952316284,5.3541669845581055,28.399099349975586,28.399099349975586,,,
235,1783411210.5275993,4.9999890640628855e-05,4.9999890640628855e-05,,,0.3075357973575592,0.2874999940395355,0.2003580778837204,0.3075357973575592,28.481063842773438,8.367987632751465,13.236869812011719,0.3192780911922455,3.8218750953674316,6.0,28.481063842773438,28.481063842773438,,,
240,1783411211.2052624,4.999988593753588e-05,4.999988593753588e-05,,,0.3523763120174408,0.33154296875,0.2083333432674408,0.3523763120174408,28.165790557861328,8.515159606933594,12.248881340026855,0.3100859820842743,3.9156250953674316,5.5625,28.165790557861328,28.165790557861328,,,
245,1783411211.884253,4.999988113543074e-05,4.999988113543074e-05,,,0.3448893427848816,0.32304689288139343,0.2184244841337204,0.3448893427848816,27.403091430664062,8.163290023803711,10.623531341552734,0.3089664578437805,3.78125,4.927083492279053,27.403091430664062,27.403091430664062,,,
250,1783411212.5626862,4.999987623431343e-05,4.999987623431343e-05,,,0.3525227904319763,0.3294921815395355,0.2303059995174408,0.3525227904319763,27.051441192626953,8.055254936218262,11.91137981414795,0.30099180340766907,3.7281250953674316,5.3229169845581055,27.051441192626953,27.051441192626953,,,
255,1783411213.243822,4.9999871234183986e-05,4.9999871234183986e-05,,,0.3168945610523224,0.29619142413139343,0.20703125,0.3168945610523224,28.424089431762695,8.743535041809082,12.454048156738281,0.31119775772094727,3.8843750953674316,5.46875,28.424089431762695,28.424089431762695,,,
260,1783411213.9237847,4.9999866135042425e-05,4.9999866135042425e-05,,,0.36127930879592896,0.3409179747104645,0.20361328125,0.36127930879592896,26.763713836669922,7.566494941711426,11.843623161315918,0.3064662516117096,3.6781251430511475,5.4375,26.763713836669922,26.763713836669922,,,
265,1783411214.603683,4.9999860936888756e-05,4.9999860936888756e-05,,,0.2586425840854645,0.23876953125,0.19873046875,0.2586425840854645,29.456157684326172,9.705883026123047,12.827108383178711,0.3059689998626709,4.140625,5.583333492279053,29.456157684326172,29.456157684326172,,,
270,1783411215.2815795,4.999985563972301e-05,4.999985563972301e-05,,,0.33629557490348816,0.3138671815395355,0.2242838591337204,0.33629557490348816,27.30605697631836,8.101691246032715,12.212698936462402,0.30346694588661194,3.809375047683716,5.177083492279053,27.30605697631836,27.30605697631836,,,
275,1783411215.9612453,4.999985024354521e-05,4.999985024354521e-05,,,0.34728190302848816,0.3262695372104645,0.2101237028837204,0.34728190302848816,27.095943450927734,7.816745758056641,12.35114860534668,0.3061184883117676,3.7093751430511475,5.59375,27.095943450927734,27.095943450927734,,,
280,1783411216.6433525,4.9999844748355366e-05,4.9999844748355366e-05,,,0.3639485836029053,0.3423828184604645,0.2156575620174408,0.3639485836029053,26.44367218017578,7.639867305755615,11.091185569763184,0.2997198700904846,3.715625047683716,4.9166669845581055,26.44367218017578,26.44367218017578,,,
285,1783411217.3237197,4.999983915415351e-05,4.999983915415351e-05,,,0.361572265625,0.34199219942092896,0.19580078125,0.361572265625,28.04041290283203,8.569927215576172,11.911869049072266,0.30754926800727844,3.903125047683716,5.364583492279053,28.04041290283203,28.04041290283203,,,
290,1783411218.0048392,4.999983346093965e-05,4.999983346093965e-05,,,0.4722493588924408,0.447265625,0.2498372495174408,0.4722493588924408,25.851810455322266,7.2086100578308105,11.092269897460938,0.29945865273475647,3.5375001430511475,5.208333492279053,25.851810455322266,25.851810455322266,,,
295,1783411218.6879668,4.9999827668713825e-05,4.9999827668713825e-05,,,0.33875328302383423,0.31718751788139343,0.2156575620174408,0.33875328302383423,27.97881317138672,8.614691734313965,12.200765609741211,0.3057703971862793,3.840625047683716,5.4375,27.97881317138672,27.97881317138672,,,
300,1783411219.3723886,4.9999821777476044e-05,4.9999821777476044e-05,,,0.36324870586395264,0.3408203125,0.2242838591337204,0.36324870586395264,27.129627227783203,8.209571838378906,11.358396530151367,0.30039000511169434,3.7750000953674316,4.9166669845581055,27.129627227783203,27.129627227783203,,,
305,1783411220.052788,4.9999815787226346e-05,4.9999815787226346e-05,,,0.39173176884651184,0.3671875,0.2454427182674408,0.39173176884651184,26.84072494506836,7.8603363037109375,10.941627502441406,0.3027726113796234,3.778125047683716,4.833333492279053,26.84072494506836,26.84072494506836,,,
310,1783411220.7343771,4.9999809697964744e-05,4.9999809697964744e-05,,,0.33133137226104736,0.306640625,0.2469075620174408,0.33133137226104736,26.857351303100586,7.951205730438232,11.819326400756836,0.29995936155319214,3.7093751430511475,5.1666669845581055,26.857351303100586,26.857351303100586,,,
315,1783411221.4140851,4.999980350969126e-05,4.999980350969126e-05,,,0.3684244751930237,0.3436523377895355,0.2477213591337204,0.3684244751930237,27.039051055908203,8.234623908996582,11.203765869140625,0.29756224155426025,3.799999952316284,4.9375,27.039051055908203,27.039051055908203,,,
320,1783411222.093368,4.999979722240593e-05,4.999979722240593e-05,,,0.46560871601104736,0.4419921934604645,0.2361653745174408,0.46560871601104736,25.385971069335938,7.220550537109375,11.08478832244873,0.288719117641449,3.5562500953674316,5.083333492279053,25.385971069335938,25.385971069335938,,,
325,1783411222.7702916,4.9999790836108765e-05,4.9999790836108765e-05,,,0.4022460877895355,0.376220703125,0.26025390625,0.4022460877895355,26.722030639648438,7.866418361663818,11.152620315551758,0.2978411316871643,3.8531250953674316,4.84375,26.722030639648438,26.722030639648438,,,
330,1783411223.4473562,4.9999784350799805e-05,4.9999784350799805e-05,,,0.45869141817092896,0.43583986163139343,0.228515625,0.45869141817092896,25.608051300048828,7.005721569061279,11.54542064666748,0.2976591885089874,3.5250000953674316,5.28125,25.608051300048828,25.608051300048828,,,
335,1783411224.1295667,4.999977776647908e-05,4.999977776647908e-05,,,0.3810384273529053,0.3565429747104645,0.2449544370174408,0.3810384273529053,26.563486099243164,7.755901336669922,10.444972038269043,0.29723528027534485,3.887500047683716,5.0,26.563486099243164,26.563486099243164,,,
340,1783411224.8105145,4.99997710831466e-05,4.99997710831466e-05,,,0.3730306029319763,0.34648439288139343,0.2654622495174408,0.3730306029319763,26.526439666748047,7.947118282318115,11.906442642211914,0.291044682264328,3.7750000953674316,5.1666669845581055,26.526439666748047,26.526439666748047,,,
345,1783411225.491193,4.999976430080238e-05,4.999976430080238e-05,,,0.40677082538604736,0.3785156309604645,0.2825520932674408,0.40677082538604736,25.82882308959961,7.530738353729248,10.507231712341309,0.2896636128425598,3.7250001430511475,4.875,25.82882308959961,25.82882308959961,,,
350,1783411226.1711159,4.999975741944648e-05,4.999975741944648e-05,,,0.41476237773895264,0.3896484375,0.2511393427848816,0.41476237773895264,26.242555618286133,7.947386264801025,11.533068656921387,0.2906293570995331,3.581249952316284,4.8229169845581055,26.242555618286133,26.242555618286133,,,
355,1783411226.850214,4.99997504390789e-05,4.99997504390789e-05,,,0.3583984375,0.3331054747104645,0.2529296875,0.3583984375,27.217937469482422,8.314957618713379,11.458990097045898,0.2970091700553894,3.887500047683716,5.0416669845581055,27.217937469482422,27.217937469482422,,,
360,1783411227.528371,4.999974335969968e-05,4.999974335969968e-05,,,0.4157552123069763,0.39042970538139343,0.2532552182674408,0.4157552123069763,25.976837158203125,7.5771331787109375,11.54410457611084,0.2908676564693451,3.6468751430511475,5.09375,25.976837158203125,25.976837158203125,,,
365,1783411228.210485,4.9999736181308846e-05,4.9999736181308846e-05,,,0.36152344942092896,0.33320313692092896,0.283203125,0.36152344942092896,26.529747009277344,8.058660507202148,10.659662246704102,0.29217395186424255,3.78125,4.7604169845581055,26.529747009277344,26.529747009277344,,,
370,1783411228.8892758,4.999972890390641e-05,4.999972890390641e-05,,,0.34208986163139343,0.3155273497104645,0.265625,0.34208986163139343,26.586139678955078,8.156147956848145,10.922079086303711,0.2910248339176178,3.7750000953674316,4.6666669845581055,26.586139678955078,26.586139678955078,,,
375,1783411229.5683358,4.999972152749242e-05,4.999972152749242e-05,,,0.3324218988418579,0.30644533038139343,0.259765625,0.3324218988418579,26.549192428588867,8.012807846069336,10.795881271362305,0.2918408513069153,3.846874952316284,4.770833492279053,26.549192428588867,26.549192428588867,,,
380,1783411230.2405741,4.999971405206692e-05,4.999971405206692e-05,,,0.44804689288139343,0.4195312559604645,0.28515625,0.44804689288139343,25.40808868408203,7.21429967880249,10.973570823669434,0.2888559401035309,3.5875000953674316,5.1041669845581055,25.40808868408203,25.40808868408203,,,
385,1783411230.9114187,4.999970647762991e-05,4.999970647762991e-05,,,0.3418782651424408,0.31689453125,0.2498372495174408,0.3418782651424408,27.611263275146484,8.749629974365234,11.832687377929688,0.29412567615509033,3.940624952316284,5.020833492279053,27.611263275146484,27.611263275146484,,,
390,1783411236.1776416,4.999969880418143e-05,4.999969880418143e-05,,,0.38473308086395264,0.35859376192092896,0.2613932490348816,0.38473308086395264,25.816818237304688,7.564004421234131,11.531431198120117,0.2884880602359772,3.621875047683716,4.958333492279053,25.816818237304688,25.816818237304688,,,
390,1783411238.9647782,,,,,,,,,,,,,,,,,12.731124992370605,0.28291388988494875,12.731124992370605
390,1783411240.3390234,,,1370.1348609999968,690.209620475769,,,,,,,,,,,,,,,
390,1783411241.8916912,,,1548.650366000004,690.209620475769,,,,,,,,,,,,,,,
395,1783411242.7150261,4.9999691031721516e-05,4.9999691031721516e-05,,,0.4228515923023224,0.39189454913139343,0.3095703125,0.4228515923023224,25.940906524658203,7.699571132659912,10.875259399414062,0.2869596481323242,3.762500047683716,4.78125,25.940906524658203,25.940906524658203,,,
400,1783411243.3949156,4.999968316025019e-05,4.999968316025019e-05,,,0.43818360567092896,0.4130859375,0.2509765625,0.43818360567092896,25.365135192871094,7.364003658294678,11.818521499633789,0.2848728597164154,3.515625,4.84375,25.365135192871094,25.365135192871094,,,
405,1783411244.0738935,4.999967518976749e-05,4.999967518976749e-05,,,0.4333333373069763,0.4033203125,0.3001302182674408,0.4333333373069763,25.397308349609375,7.4959716796875,10.538833618164062,0.28200358152389526,3.690624952316284,4.6666669845581055,25.397308349609375,25.397308349609375,,,
410,1783411244.7490816,4.999966712027346e-05,4.999966712027346e-05,,,0.4121907353401184,0.3851562440395355,0.2703450620174408,0.4121907353401184,25.485931396484375,7.671121120452881,10.446653366088867,0.2838157117366791,3.5531251430511475,4.453125,25.485931396484375,25.485931396484375,,,
415,1783411245.4280357,4.999965895176811e-05,4.999965895176811e-05,,,0.4423665404319763,0.4146484434604645,0.2771809995174408,0.4423665404319763,24.8192195892334,7.051558017730713,10.652300834655762,0.2819984555244446,3.549999952316284,4.625,24.8192195892334,24.8192195892334,,,
420,1783411246.1047268,4.9999650684251475e-05,4.9999650684251475e-05,,,0.40149742364883423,0.37480470538139343,0.2669270932674408,0.40149742364883423,26.155277252197266,8.068625450134277,11.787474632263184,0.2831849455833435,3.684375047683716,4.802083492279053,26.155277252197266,26.155277252197266,,,
425,1783411246.780288,4.999964231772359e-05,4.999964231772359e-05,,,0.41149091720581055,0.38457033038139343,0.2692057490348816,0.41149091720581055,24.888607025146484,7.119744777679443,11.320757865905762,0.2801693081855774,3.559375047683716,4.6979169845581055,24.888607025146484,24.888607025146484,,,
430,1783411247.4586706,4.99996338521845e-05,4.99996338521845e-05,,,0.4023437798023224,0.37333986163139343,0.2900390625,0.4023437798023224,24.60986328125,6.959752559661865,9.867816925048828,0.28342118859291077,3.4625000953674316,4.46875,24.60986328125,24.60986328125,,,
435,1783411248.1368434,4.999962528763422e-05,4.999962528763422e-05,,,0.43323567509651184,0.4053710997104645,0.2786458432674408,0.43323567509651184,25.185054779052734,7.321824550628662,11.337600708007812,0.28144189715385437,3.6000001430511475,4.645833492279053,25.185054779052734,25.185054779052734,,,
440,1783411248.8149989,4.9999616624072786e-05,4.9999616624072786e-05,,,0.45844727754592896,0.4312500059604645,0.27197265625,0.45844727754592896,25.572736740112305,7.5856828689575195,11.216255187988281,0.2853659987449646,3.546875,4.770833492279053,25.572736740112305,25.572736740112305,,,
445,1783411249.5182636,4.999960786150025e-05,4.999960786150025e-05,,,0.3708333373069763,0.3416992127895355,0.2913411557674408,0.3708333373069763,26.2911376953125,8.139815330505371,11.064966201782227,0.28400540351867676,3.8062500953674316,4.583333492279053,26.2911376953125,26.2911376953125,,,
450,1783411250.1975398,4.9999598999916624e-05,4.9999598999916624e-05,,,0.39187824726104736,0.3658203184604645,0.2605794370174408,0.39187824726104736,25.703224182128906,7.796863079071045,11.343938827514648,0.2828029692173004,3.5531251430511475,4.927083492279053,25.703224182128906,25.703224182128906,,,
455,1783411250.8760545,4.9999590039321954e-05,4.9999590039321954e-05,,,0.38644206523895264,0.36015626788139343,0.2628580927848816,0.38644206523895264,26.76849365234375,8.323370933532715,10.796382904052734,0.2883070707321167,3.940624952316284,4.5104169845581055,26.76849365234375,26.76849365234375,,,
460,1783411251.5540376,4.9999580979716295e-05,4.9999580979716295e-05,,,0.4260091185569763,0.400390625,0.2561849057674408,0.4260091185569763,25.422260284423828,7.593438625335693,10.251260757446289,0.2838320732116699,3.565624952316284,4.65625,25.422260284423828,25.422260284423828,,,
465,1783411252.2315495,4.999957182109966e-05,4.999957182109966e-05,,,0.39326173067092896,0.3642578125,0.2900390625,0.39326173067092896,25.335128784179688,7.428244113922119,10.00723648071289,0.2834702432155609,3.700000047683716,4.5,25.335128784179688,25.335128784179688,,,
470,1783411252.9080255,4.999956256347209e-05,4.999956256347209e-05,,,0.39892578125,0.37177735567092896,0.271484375,0.39892578125,24.890836715698242,7.271811008453369,10.65338134765625,0.28051018714904785,3.481250047683716,4.4947919845581055,24.890836715698242,24.890836715698242,,,
475,1783411253.5861855,4.999955320683362e-05,4.999955320683362e-05,,,0.3769368529319763,0.3490234315395355,0.2791341245174408,0.3769368529319763,25.693675994873047,7.643776893615723,10.497343063354492,0.2839619815349579,3.7562501430511475,4.65625,25.693675994873047,25.693675994873047,,,
480,1783411254.2656536,4.9999543751184283e-05,4.9999543751184283e-05,,,0.43614909052848816,0.40888673067092896,0.2726237177848816,0.43614909052848816,25.60548210144043,7.597463130950928,10.613162994384766,0.282658189535141,3.7593750953674316,4.677083492279053,25.60548210144043,25.60548210144043,,,
485,1783411254.9459724,4.999953419652414e-05,4.999953419652414e-05,,,0.4520670771598816,0.42304688692092896,0.2902018427848816,0.4520670771598816,25.145355224609375,7.274674415588379,10.479269981384277,0.28284358978271484,3.621875047683716,4.7291669845581055,25.145355224609375,25.145355224609375,,,
490,1783411255.6278558,4.9999524542853204e-05,4.9999524542853204e-05,,,0.38502606749534607,0.35673829913139343,0.2828776240348816,0.38502606749534607,25.631328582763672,7.7366623878479,11.0007963180542,0.280551016330719,3.703125,4.6666669845581055,25.631328582763672,25.631328582763672,,,
495,1783411256.315868,4.999951479017151e-05,4.999951479017151e-05,,,0.36022135615348816,0.33173829317092896,0.2848307490348816,0.36022135615348816,25.993146896362305,8.011957168579102,10.893041610717773,0.2819724678993225,3.7281250953674316,4.75,25.993146896362305,25.993146896362305,,,
500,1783411256.9954538,4.999950493847912e-05,4.999950493847912e-05,,,0.37504881620407104,0.34521484375,0.29833984375,0.37504881620407104,26.01744270324707,8.191256523132324,10.554356575012207,0.27745187282562256,3.828125,4.5729169845581055,26.01744270324707,26.01744270324707,,,
505,1783411257.677124,4.999949498777605e-05,4.999949498777605e-05,,,0.4709309935569763,0.44257813692092896,0.2835286557674408,0.4709309935569763,25.446537017822266,7.339206218719482,12.220236778259277,0.2840022146701813,3.581249952316284,5.239583492279053,25.446537017822266,25.446537017822266,,,
510,1783411258.3591642,4.999948493806235e-05,4.999948493806235e-05,,,0.4454101622104645,0.4126953184604645,0.3271484375,0.4454101622104645,24.86227798461914,7.341217994689941,10.45706844329834,0.27712589502334595,3.565624952316284,4.390625,24.86227798461914,24.86227798461914,,,
515,1783411259.0409293,4.999947478933806e-05,4.999947478933806e-05,,,0.40294596552848816,0.3734374940395355,0.2950846552848816,0.40294596552848816,25.264774322509766,7.652202129364014,10.228828430175781,0.27795374393463135,3.6343750953674316,4.473958492279053,25.264774322509766,25.264774322509766,,,
520,1783411259.7201955,4.999946454160322e-05,4.999946454160322e-05,,,0.45333659648895264,0.4248046875,0.2853190302848816,0.45333659648895264,25.47008514404297,7.528601169586182,10.701980590820312,0.28278785943984985,3.6937501430511475,4.520833492279053,25.47008514404297,25.47008514404297,,,
525,1783411260.3997822,4.999945419485787e-05,4.999945419485787e-05,,,0.4260091185569763,0.39667969942092896,0.2932942807674408,0.4260091185569763,24.955474853515625,7.447089672088623,10.352662086486816,0.27779385447502136,3.528125047683716,4.442708492279053,24.955474853515625,24.955474853515625,,,
530,1783411261.0798106,4.999944374910204e-05,4.999944374910204e-05,,,0.4228678345680237,0.392578125,0.3028971552848816,0.4228678345680237,25.08651351928711,7.435965061187744,11.50451946258545,0.27585867047309875,3.628124952316284,4.583333492279053,25.08651351928711,25.08651351928711,,,
535,1783411261.7610388,4.999943320433578e-05,4.999943320433578e-05,,,0.48019206523895264,0.45039063692092896,0.2980143427848816,0.48019206523895264,24.83181381225586,7.435423374176025,10.660444259643555,0.2761141359806061,3.440624952316284,4.645833492279053,24.83181381225586,24.83181381225586,,,
540,1783411262.4392,4.9999422560559155e-05,4.9999422560559155e-05,,,0.4422200322151184,0.4124999940395355,0.2972005307674408,0.4422200322151184,24.81793212890625,7.337361812591553,10.466781616210938,0.2739013135433197,3.640625,4.677083492279053,24.81793212890625,24.81793212890625,,,
545,1783411263.1210315,4.999941181777217e-05,4.999941181777217e-05,,,0.4291015565395355,0.4007812440395355,0.283203125,0.4291015565395355,25.690994262695312,7.834445953369141,11.052106857299805,0.28033068776130676,3.6625001430511475,4.739583492279053,25.690994262695312,25.690994262695312,,,
550,1783411263.8017192,4.999940097597489e-05,4.999940097597489e-05,,,0.4637044370174408,0.4312500059604645,0.3245442807674408,0.4637044370174408,24.472259521484375,6.886424541473389,10.311558723449707,0.2795715630054474,3.518749952316284,4.552083492279053,24.472259521484375,24.472259521484375,,,
555,1783411264.482966,4.999939003516735e-05,4.999939003516735e-05,,,0.4802083373069763,0.4468750059604645,0.3333333432674408,0.4802083373069763,23.848487854003906,6.733304500579834,9.415779113769531,0.2726078927516937,3.481250047683716,4.25,23.848487854003906,23.848487854003906,,,
560,1783411265.1618872,4.99993789953496e-05,4.99993789953496e-05,,,0.39806315302848816,0.3709960877895355,0.2706705927848816,0.39806315302848816,25.427082061767578,7.893959999084473,10.592158317565918,0.2750219702720642,3.6500000953674316,4.4791669845581055,25.427082061767578,25.427082061767578,,,
565,1783411265.8399627,4.999936785652168e-05,4.999936785652168e-05,,,0.4103353023529053,0.3824218809604645,0.2791341245174408,0.4103353023529053,24.799057006835938,7.231625556945801,10.276620864868164,0.27743470668792725,3.6031250953674316,4.520833492279053,24.799057006835938,24.799057006835938,,,
570,1783411266.5205405,4.9999356618683626e-05,4.9999356618683626e-05,,,0.38416343927383423,0.35273438692092896,0.3142903745174408,0.38416343927383423,25.02081298828125,7.619273662567139,9.557632446289062,0.27612143754959106,3.6000001430511475,4.203125,25.02081298828125,25.02081298828125,,,
575,1783411267.2015593,4.999934528183548e-05,4.999934528183548e-05,,,0.4581543207168579,0.43046876788139343,0.27685546875,0.4581543207168579,25.315013885498047,7.651095867156982,10.472495079040527,0.27803248167037964,3.6500000953674316,4.552083492279053,25.315013885498047,25.315013885498047,,,
580,1783411267.8837683,4.9999333845977305e-05,4.9999333845977305e-05,,,0.40345051884651184,0.3709960877895355,0.3245442807674408,0.40345051884651184,25.04743194580078,7.632256507873535,10.324835777282715,0.2730528712272644,3.684375047683716,4.109375,25.04743194580078,25.04743194580078,,,
585,1783411268.5653167,4.999932231110915e-05,4.999932231110915e-05,,,0.37633466720581055,0.34550783038139343,0.3082682490348816,0.37633466720581055,25.4765625,7.816132545471191,10.492462158203125,0.27617448568344116,3.7281250953674316,4.552083492279053,25.4765625,25.4765625,,,
590,1783411269.2445822,4.999931067723103e-05,4.999931067723103e-05,,,0.47197267413139343,0.4390625059604645,0.3291015625,0.47197267413139343,24.81027603149414,7.467830181121826,9.849364280700684,0.27341917157173157,3.637500047683716,4.161458492279053,24.81027603149414,24.81027603149414,,,
595,1783411269.9301777,4.999929894434302e-05,4.999929894434302e-05,,,0.48644205927848816,0.4566406309604645,0.2980143427848816,0.48644205927848816,24.367637634277344,6.861952304840088,10.454999923706055,0.27647632360458374,3.559375047683716,4.59375,24.367637634277344,24.367637634277344,,,
600,1783411270.612507,4.999928711244517e-05,4.999928711244517e-05,,,0.4157877564430237,0.3843750059604645,0.3141276240348816,0.4157877564430237,24.059856414794922,6.74945592880249,10.66607666015625,0.2748852074146271,3.4125001430511475,4.614583492279053,24.059856414794922,24.059856414794922,,,
605,1783411271.2959008,4.9999275181537496e-05,4.9999275181537496e-05,,,0.46202799677848816,0.431640625,0.3038737177848816,0.46202799677848816,24.98700714111328,7.549170017242432,10.520679473876953,0.2727624475955963,3.6625001430511475,4.489583492279053,24.98700714111328,24.98700714111328,,,
610,1783411271.9801278,4.9999263151620056e-05,4.9999263151620056e-05,,,0.46188151836395264,0.4312500059604645,0.3063151240348816,0.46188151836395264,24.28759002685547,7.127742290496826,10.463272094726562,0.27136528491973877,3.453125,4.489583492279053,24.28759002685547,24.28759002685547,,,
615,1783411272.661479,4.99992510226929e-05,4.99992510226929e-05,,,0.36451825499534607,0.33525392413139343,0.2926432490348816,0.36451825499534607,25.811159133911133,7.991073131561279,10.921445846557617,0.2761070132255554,3.8500001430511475,4.53125,25.811159133911133,25.811159133911133,,,
620,1783411273.3436322,4.999923879475609e-05,4.999923879475609e-05,,,0.42412108182907104,0.3929687440395355,0.3115234375,0.42412108182907104,24.82407569885254,7.520272731781006,10.905837059020996,0.26881226897239685,3.690624952316284,4.2604169845581055,24.82407569885254,24.82407569885254,,,
625,1783411274.0227911,4.999922646780966e-05,4.999922646780966e-05,,,0.3912760615348816,0.3599609434604645,0.3131510615348816,0.3912760615348816,24.582334518432617,7.258213043212891,9.90217399597168,0.2706608176231384,3.731250047683716,4.2291669845581055,24.582334518432617,24.582334518432617,,,
630,1783411274.7061841,4.999921404185368e-05,4.999921404185368e-05,,,0.4694661498069763,0.435546875,0.3391927182674408,0.4694661498069763,24.15966033935547,7.0765228271484375,9.592275619506836,0.26903825998306274,3.5875000953674316,4.296875,24.15966033935547,24.15966033935547,,,
635,1783411275.3887498,4.999920151688815e-05,4.999920151688815e-05,,,0.42138671875,0.39082032442092896,0.3056640625,0.42138671875,24.630435943603516,7.362610816955566,10.406989097595215,0.2698620855808258,3.653125047683716,4.302083492279053,24.630435943603516,24.630435943603516,,,
640,1783411276.0666516,4.999918889291317e-05,4.999918889291317e-05,,,0.3844401240348816,0.35429689288139343,0.3014323115348816,0.3844401240348816,25.035598754882812,7.644629955291748,10.162688255310059,0.2683035433292389,3.859375,4.4166669845581055,25.035598754882812,25.035598754882812,,,
645,1783411276.747992,4.999917616992876e-05,4.999917616992876e-05,,,0.41943359375,0.3912109434604645,0.2822265625,0.41943359375,25.188215255737305,7.81331205368042,11.232806205749512,0.27003607153892517,3.640625,4.59375,25.188215255737305,25.188215255737305,,,
650,1783411277.4260335,4.9999163347935e-05,4.9999163347935e-05,,,0.42379558086395264,0.3919921815395355,0.3180338740348816,0.42379558086395264,25.47605323791504,7.828245639801025,11.423360824584961,0.2725752890110016,3.7593750953674316,4.802083492279053,25.47605323791504,25.47605323791504,,,
655,1783411278.105172,4.999915042693191e-05,4.999915042693191e-05,,,0.4135091304779053,0.38212892413139343,0.3138020932674408,0.4135091304779053,24.536922454833984,7.222666263580322,10.571272850036621,0.27176719903945923,3.596874952316284,4.3072919845581055,24.536922454833984,24.536922454833984,,,
660,1783411278.7844021,4.999913740691957e-05,4.999913740691957e-05,,,0.4473470151424408,0.41718751192092896,0.3015950620174408,0.4473470151424408,24.88636016845703,7.435268402099609,10.49691390991211,0.2714431583881378,3.753124952316284,4.333333492279053,24.88636016845703,24.88636016845703,,,
665,1783411279.468765,4.9999124287897994e-05,4.9999124287897994e-05,,,0.39505207538604736,0.3648437559604645,0.3020833432674408,0.39505207538604736,24.076181411743164,6.936421871185303,9.89197826385498,0.27111202478408813,3.518749952316284,4.317708492279053,24.076181411743164,24.076181411743164,,,
670,1783411280.1593127,4.999911106986725e-05,4.999911106986725e-05,,,0.4705403745174408,0.43867188692092896,0.3186849057674408,0.4705403745174408,23.900619506835938,6.94213342666626,10.249855041503906,0.2672143578529358,3.46875,4.4010419845581055,23.900619506835938,23.900619506835938,,,
675,1783411280.845956,4.999909775282741e-05,4.999909775282741e-05,,,0.43151041865348816,0.3984375,0.3307291865348816,0.43151041865348816,24.34092903137207,7.19399881362915,10.269763946533203,0.2674573063850403,3.6625001430511475,4.21875,24.34092903137207,24.34092903137207,,,
680,1783411281.5292132,4.999908433677852e-05,4.999908433677852e-05,,,0.38863933086395264,0.3597656190395355,0.2887369990348816,0.38863933086395264,25.122283935546875,7.614070892333984,10.366323471069336,0.27361610531806946,3.715625047683716,4.4322919845581055,25.122283935546875,25.122283935546875,,,
685,1783411282.2134674,4.999907082172061e-05,4.999907082172061e-05,,,0.4011067748069763,0.37031251192092896,0.3079427182674408,0.4011067748069763,24.116214752197266,6.9896392822265625,10.255297660827637,0.2699422240257263,3.503124952316284,4.505208492279053,24.116214752197266,24.116214752197266,,,
690,1783411282.8963015,4.999905720765376e-05,4.999905720765376e-05,,,0.46533203125,0.4345703125,0.3076171875,0.46533203125,24.354705810546875,7.341343879699707,10.334821701049805,0.2658722996711731,3.59375,4.21875,24.354705810546875,24.354705810546875,,,
695,1783411283.5795035,4.999904349457801e-05,4.999904349457801e-05,,,0.4328450560569763,0.4019531309604645,0.3089192807674408,0.4328450560569763,24.583223342895508,7.283500671386719,10.187427520751953,0.27185744047164917,3.621875047683716,4.255208492279053,24.583223342895508,24.583223342895508,,,
700,1783411284.26449,4.999902968249343e-05,4.999902968249343e-05,,,0.40026041865348816,0.3697265684604645,0.3053385615348816,0.40026041865348816,24.58587646484375,7.124600887298584,10.525283813476562,0.2738286554813385,3.637500047683716,4.489583492279053,24.58587646484375,24.58587646484375,,,
705,1783411284.9525194,4.999901577140005e-05,4.999901577140005e-05,,,0.5189127922058105,0.48417970538139343,0.3473307490348816,0.5189127922058105,22.760784149169922,6.312945365905762,9.290617942810059,0.2620607614517212,3.309375047683716,4.1666669845581055,22.760784149169922,22.760784149169922,,,
710,1783411285.638071,4.9999001761297936e-05,4.9999001761297936e-05,,,0.47799479961395264,0.4458984434604645,0.3209635615348816,0.47799479961395264,23.502212524414062,6.693796634674072,10.069975852966309,0.2657028138637543,3.409374952316284,4.3541669845581055,23.502212524414062,23.502212524414062,,,
715,1783411286.3252792,4.9998987652187144e-05,4.9998987652187144e-05,,,0.4421549439430237,0.4091796875,0.3297526240348816,0.4421549439430237,23.874252319335938,6.9718451499938965,9.8189697265625,0.2653978765010834,3.546875,4.3072919845581055,23.874252319335938,23.874252319335938,,,
720,1783411287.0059283,4.999897344406773e-05,4.999897344406773e-05,,,0.4719075560569763,0.4390625059604645,0.3284505307674408,0.4719075560569763,23.30270767211914,6.7340874671936035,9.69668960571289,0.2626155614852905,3.3687500953674316,4.125,23.30270767211914,23.30270767211914,,,
725,1783411287.6902435,4.999895913693976e-05,4.999895913693976e-05,,,0.4702799320220947,0.4369140565395355,0.3336588740348816,0.4702799320220947,24.320697784423828,7.304393768310547,10.499754905700684,0.2641475796699524,3.6468751430511475,4.328125,24.320697784423828,24.320697784423828,,,
730,1783411288.373762,4.999894473080326e-05,4.999894473080326e-05,,,0.42688804864883423,0.39580079913139343,0.3108724057674408,0.42688804864883423,24.676883697509766,7.517277717590332,10.900259017944336,0.2695207893848419,3.5062501430511475,4.348958492279053,24.676883697509766,24.676883697509766,,,
735,1783411289.056323,4.9998930225658334e-05,4.9998930225658334e-05,,,0.4366210997104645,0.4039062559604645,0.3271484375,0.4366210997104645,24.288108825683594,7.125918865203857,10.335556030273438,0.26782381534576416,3.637500047683716,4.390625,24.288108825683594,24.288108825683594,,,
740,1783411289.7393363,4.999891562150501e-05,4.999891562150501e-05,,,0.4599609375,0.4244140684604645,0.35546875,0.4599609375,24.157896041870117,7.178528785705566,9.544200897216797,0.2671979069709778,3.596874952316284,4.0416669845581055,24.157896041870117,24.157896041870117,,,
745,1783411290.4191127,4.999890091834334e-05,4.999890091834334e-05,,,0.45657554268836975,0.42363283038139343,0.3294270932674408,0.45657554268836975,24.406429290771484,7.204953193664551,10.364543914794922,0.26806530356407166,3.6500000953674316,4.520833492279053,24.406429290771484,24.406429290771484,,,
750,1783411291.1045413,4.9998886116173396e-05,4.9998886116173396e-05,,,0.4308919310569763,0.3973632752895355,0.3352864682674408,0.4308919310569763,24.05942153930664,6.99521017074585,10.535501480102539,0.26686885952949524,3.5718750953674316,4.296875,24.05942153930664,24.05942153930664,,,
755,1783411291.7891245,4.9998871214995245e-05,4.9998871214995245e-05,,,0.48066407442092896,0.4453125,0.353515625,0.48066407442092896,23.013933181762695,6.443881511688232,9.452422142028809,0.26275041699409485,3.393749952316284,4.0729169845581055,23.013933181762695,23.013933181762695,,,
760,1783411292.470119,4.999885621480892e-05,4.999885621480892e-05,,,0.5241536498069763,0.4901367127895355,0.3401692807674408,0.5241536498069763,23.747299194335938,6.732398986816406,10.564528465270996,0.2675951421260834,3.4750001430511475,4.4166669845581055,23.747299194335938,23.747299194335938,,,
765,1783411293.1526103,4.999884111561449e-05,4.999884111561449e-05,,,0.5502604246139526,0.5130859613418579,0.3717448115348816,0.5502604246139526,22.690418243408203,6.4980149269104,9.171278953552246,0.25726303458213806,3.3062500953674316,3.921875,22.690418243408203,22.690418243408203,,,
770,1783411293.8301072,4.999882591741202e-05,4.999882591741202e-05,,,0.43395182490348816,0.4027343690395355,0.3121744990348816,0.43395182490348816,23.63007164001465,6.793924808502197,10.32567024230957,0.2649290859699249,3.4468750953674316,4.348958492279053,23.63007164001465,23.63007164001465,,,
775,1783411294.509181,4.9998810620201583e-05,4.9998810620201583e-05,,,0.4481445252895355,0.4154296815395355,0.3271484375,0.4481445252895355,23.50440216064453,6.796365261077881,9.89704418182373,0.2630578875541687,3.4593751430511475,4.2135419845581055,23.50440216064453,23.50440216064453,,,
780,1783411295.1790738,4.99987952239832e-05,4.99987952239832e-05,,,0.4842122495174408,0.45283204317092896,0.3138020932674408,0.4842122495174408,23.872150421142578,6.788488864898682,10.3534574508667,0.2674972712993622,3.5875000953674316,4.234375,23.872150421142578,23.872150421142578,,,
780,1783411295.5996192,,,,,,,,,,,,,,,,,11.605993804931641,0.25791097328066825,11.605993804931641
780,1783411297.0686448,,,1465.0460390000148,690.2098035812378,,,,,,,,,,,,,,,
780,1783411298.4461067,,,1373.6895629999992,690.2098035812378,,,,,,,,,,,,,,,
785,1783411299.236846,4.999877972875697e-05,4.999877972875697e-05,,,0.46113282442092896,0.42656251788139343,0.345703125,0.46113282442092896,23.958011627197266,7.069906711578369,10.01708984375,0.26495233178138733,3.549999952316284,4.1354169845581055,23.958011627197266,23.958011627197266,,,
790,1783411299.921283,4.9998764134522935e-05,4.9998764134522935e-05,,,0.49612629413604736,0.4632812440395355,0.3284505307674408,0.49612629413604736,23.11676788330078,6.470440864562988,9.37248420715332,0.2650165855884552,3.375,4.083333492279053,23.11676788330078,23.11676788330078,,,
795,1783411300.6032476,4.999874844128118e-05,4.999874844128118e-05,,,0.4152669310569763,0.38261720538139343,0.3264974057674408,0.4152669310569763,24.059524536132812,7.226198673248291,9.329193115234375,0.26632848381996155,3.5093750953674316,4.0625,24.059524536132812,24.059524536132812,,,
800,1783411301.2877831,4.9998732649031746e-05,4.9998732649031746e-05,,,0.43111979961395264,0.3978515565395355,0.3326823115348816,0.43111979961395264,24.128036499023438,7.0413665771484375,10.215353012084961,0.2650585472583771,3.71875,4.1875,24.128036499023438,24.128036499023438,,,
805,1783411301.985679,4.9998716757774706e-05,4.9998716757774706e-05,,,0.4594075381755829,0.4261718690395355,0.3323567807674408,0.4594075381755829,23.843557357788086,6.953835487365723,10.168777465820312,0.2659011483192444,3.4750001430511475,4.3229169845581055,23.843557357788086,23.843557357788086,,,
810,1783411302.672154,4.99987007675101e-05,4.99987007675101e-05,,,0.4935547113418579,0.46171876788139343,0.318359375,0.4935547113418579,23.174671173095703,6.530503273010254,10.1504545211792,0.26168885827064514,3.424999952316284,4.28125,23.174671173095703,23.174671173095703,,,
815,1783411303.3589394,4.999868467823802e-05,4.999868467823802e-05,,,0.44469401240348816,0.41425782442092896,0.3043619990348816,0.44469401240348816,24.148563385009766,7.181081295013428,11.023881912231445,0.2625923454761505,3.609375,4.390625,24.148563385009766,24.148563385009766,,,
820,1783411304.045768,4.999866848995851e-05,4.999866848995851e-05,,,0.5365234613418579,0.4986328184604645,0.37890625,0.5365234613418579,23.146453857421875,6.686995983123779,9.399593353271484,0.2600976824760437,3.403125047683716,4.1197919845581055,23.146453857421875,23.146453857421875,,,
825,1783411304.7303817,4.999865220267165e-05,4.999865220267165e-05,,,0.43460288643836975,0.40019533038139343,0.3440755307674408,0.43460288643836975,23.691408157348633,6.911318302154541,9.764347076416016,0.2635534405708313,3.534374952316284,4.09375,23.691408157348633,23.691408157348633,,,
830,1783411305.4134083,4.99986358163775e-05,4.99986358163775e-05,,,0.4267415404319763,0.3970703184604645,0.2967122495174408,0.4267415404319763,24.107139587402344,7.24896764755249,10.551485061645508,0.2627755105495453,3.546875,4.3125,24.107139587402344,24.107139587402344,,,
835,1783411306.094199,4.9998619331076114e-05,4.9998619331076114e-05,,,0.47604167461395264,0.43925783038139343,0.3678385615348816,0.47604167461395264,23.330150604248047,6.652775764465332,10.08530330657959,0.2615993320941925,3.4593751430511475,4.375,23.330150604248047,23.330150604248047,,,
840,1783411306.7744417,4.9998602746767575e-05,4.9998602746767575e-05,,,0.5347331166267395,0.49785158038139343,0.3688151240348816,0.5347331166267395,23.13323974609375,6.605370998382568,9.47252082824707,0.2617451548576355,3.371875047683716,4.302083492279053,23.13323974609375,23.13323974609375,,,
845,1783411307.4569037,4.999858606345193e-05,4.999858606345193e-05,,,0.510546863079071,0.4749999940395355,0.35546875,0.510546863079071,22.635541915893555,6.430999755859375,8.925033569335938,0.25786012411117554,3.3125,3.9583334922790527,22.635541915893555,22.635541915893555,,,
850,1783411308.1388898,4.999856928112926e-05,4.999856928112926e-05,,,0.4590820372104645,0.42597657442092896,0.3310546875,0.4590820372104645,23.84516143798828,7.012038707733154,10.604552268981934,0.2618810534477234,3.565624952316284,4.223958492279053,23.84516143798828,23.84516143798828,,,
855,1783411308.8209002,4.999855239979962e-05,4.999855239979962e-05,,,0.39921873807907104,0.3675781190395355,0.31640625,0.39921873807907104,24.660255432128906,7.643742561340332,10.590585708618164,0.2633369565010071,3.6781251430511475,4.2916669845581055,24.660255432128906,24.660255432128906,,,
860,1783411309.5028157,4.999853541946309e-05,4.999853541946309e-05,,,0.5015625357627869,0.46699219942092896,0.345703125,0.5015625357627869,22.83068084716797,6.382574081420898,9.761507034301758,0.2609277367591858,3.325000047683716,4.052083492279053,22.83068084716797,22.83068084716797,,,
865,1783411310.1851141,4.9998518340119726e-05,4.9998518340119726e-05,,,0.47978517413139343,0.4458984434604645,0.3388671875,0.47978517413139343,23.521034240722656,6.961021423339844,10.233499526977539,0.25863882899284363,3.481250047683716,4.1666669845581055,23.521034240722656,23.521034240722656,,,
870,1783411310.8685522,4.9998501161769586e-05,4.9998501161769586e-05,,,0.4602213501930237,0.4267578125,0.3346354365348816,0.4602213501930237,23.46865463256836,6.7950005531311035,9.870001792907715,0.26227283477783203,3.4781250953674316,4.0625,23.46865463256836,23.46865463256836,,,
875,1783411311.5540555,4.999848388441276e-05,4.999848388441276e-05,,,0.46585285663604736,0.4312500059604645,0.3460286557674408,0.46585285663604736,23.909561157226562,7.125984191894531,9.488741874694824,0.26403504610061646,3.549999952316284,4.03125,23.909561157226562,23.909561157226562,,,
880,1783411312.2383168,4.99984665080493e-05,4.99984665080493e-05,,,0.4742838442325592,0.4417968690395355,0.3248698115348816,0.4742838442325592,23.364530563354492,6.817410469055176,10.362665176391602,0.2598245441913605,3.393749952316284,4.25,23.364530563354492,23.364530563354492,,,
885,1783411312.9205709,4.999844903267928e-05,4.999844903267928e-05,,,0.4004882872104645,0.36835938692092896,0.3212890625,0.4004882872104645,23.811832427978516,6.992544651031494,10.176286697387695,0.261124849319458,3.637500047683716,4.1354169845581055,23.811832427978516,23.811832427978516,,,
890,1783411313.601062,4.999843145830279e-05,4.999843145830279e-05,,,0.4553059935569763,0.419921875,0.3538411557674408,0.4553059935569763,23.224327087402344,6.7859673500061035,9.733129501342773,0.2575681805610657,3.465625047683716,4.0885419845581055,23.224327087402344,23.224327087402344,,,
895,1783411314.2835023,4.999841378491988e-05,4.999841378491988e-05,,,0.4245442748069763,0.390625,0.3391927182674408,0.4245442748069763,23.654281616210938,7.194175720214844,9.854249954223633,0.25672903656959534,3.512500047683716,4.09375,23.654281616210938,23.654281616210938,,,
900,1783411314.9643967,4.999839601253062e-05,4.999839601253062e-05,,,0.5189127922058105,0.48457032442092896,0.3434244990348816,0.5189127922058105,22.971267700195312,6.539520263671875,9.42805290222168,0.25983527302742004,3.378124952316284,4.1822919845581055,22.971267700195312,22.971267700195312,,,
905,1783411315.6479573,4.999837814113508e-05,4.999837814113508e-05,,,0.5027018189430237,0.46484375,0.3785807490348816,0.5027018189430237,23.169498443603516,6.671399116516113,9.386167526245117,0.2591111660003662,3.503124952316284,3.9635417461395264,23.169498443603516,23.169498443603516,,,
910,1783411316.3305156,4.9998360170733324e-05,4.9998360170733324e-05,,,0.4534505307674408,0.4189453125,0.3450520932674408,0.4534505307674408,23.867679595947266,7.01466703414917,10.453490257263184,0.26297125220298767,3.5625,4.114583492279053,23.867679595947266,23.867679595947266,,,
915,1783411317.0102873,4.999834210132545e-05,4.999834210132545e-05,,,0.48483073711395264,0.4525390565395355,0.3229166865348816,0.48483073711395264,23.573688507080078,6.925893306732178,9.876192092895508,0.26139509677886963,3.481250047683716,4.161458492279053,23.573688507080078,23.573688507080078,,,
920,1783411317.6948688,4.9998323932911505e-05,4.9998323932911505e-05,,,0.4987630248069763,0.4638671875,0.3489583432674408,0.4987630248069763,23.038330078125,6.628082275390625,9.887330055236816,0.25875353813171387,3.3656251430511475,4.1197919845581055,23.038330078125,23.038330078125,,,
925,1783411318.3771577,4.999830566549156e-05,4.999830566549156e-05,,,0.52880859375,0.4945312440395355,0.3427734375,0.52880859375,23.07876968383789,6.661410808563232,10.34687614440918,0.2582028806209564,3.346874952316284,4.1666669845581055,23.07876968383789,23.07876968383789,,,
930,1783411319.0593078,4.9998287299065693e-05,4.9998287299065693e-05,,,0.45268556475639343,0.41777345538139343,0.34912109375,0.45268556475639343,22.860584259033203,6.494184970855713,9.578539848327637,0.2571227550506592,3.4281251430511475,4.098958492279053,22.860584259033203,22.860584259033203,,,
935,1783411319.7433336,4.9998268833633995e-05,4.9998268833633995e-05,,,0.47294923663139343,0.4400390684604645,0.3291015625,0.47294923663139343,23.692546844482422,6.976123809814453,10.246360778808594,0.26141467690467834,3.512500047683716,4.15625,23.692546844482422,23.692546844482422,,,
940,1783411320.4239998,4.9998250269196505e-05,4.9998250269196505e-05,,,0.5168619751930237,0.4810546934604645,0.3580729365348816,0.5168619751930237,23.244903564453125,6.785150051116943,9.922773361206055,0.2596476376056671,3.375,4.083333492279053,23.244903564453125,23.244903564453125,,,
945,1783411321.108365,4.999823160575332e-05,4.999823160575332e-05,,,0.5234375,0.4869140684604645,0.365234375,0.5234375,22.493671417236328,6.45501184463501,9.726073265075684,0.25215068459510803,3.315624952316284,4.036458492279053,22.493671417236328,22.493671417236328,,,
950,1783411321.7912447,4.99982128433045e-05,4.99982128433045e-05,,,0.48310548067092896,0.45000001788139343,0.3310546875,0.48310548067092896,23.08301544189453,6.497030735015869,9.563220024108887,0.2637494206428528,3.3500001430511475,4.109375,23.08301544189453,23.08301544189453,,,
955,1783411322.4756544,4.999819398185013e-05,4.999819398185013e-05,,,0.4836263060569763,0.4486328065395355,0.3499349057674408,0.4836263060569763,22.95844268798828,6.62300443649292,10.180401802062988,0.2563241124153137,3.3843750953674316,3.984375,22.95844268798828,22.95844268798828,,,
960,1783411323.1587589,4.999817502139029e-05,4.999817502139029e-05,,,0.4619140625,0.4261718690395355,0.357421875,0.4619140625,23.606224060058594,6.931063175201416,10.048019409179688,0.26105427742004395,3.5062501430511475,4.1666669845581055,23.606224060058594,23.606224060058594,,,
965,1783411323.8388147,4.999815596192504e-05,4.999815596192504e-05,,,0.4595377743244171,0.423828125,0.3570963740348816,0.4595377743244171,23.990585327148438,7.3350653648376465,9.735185623168945,0.2604796588420868,3.565624952316284,3.9479167461395264,23.990585327148438,23.990585327148438,,,
970,1783411324.5219219,4.9998136803454454e-05,4.9998136803454454e-05,,,0.5043619871139526,0.46894532442092896,0.3541666865348816,0.5043619871139526,23.469280242919922,6.895410060882568,10.322235107421875,0.2609139382839203,3.3812501430511475,4.192708492279053,23.469280242919922,23.469280242919922,,,
975,1783411325.2045631,4.999811754597864e-05,4.999811754597864e-05,,,0.5272461175918579,0.49101564288139343,0.3623046875,0.5272461175918579,22.72835350036621,6.536001682281494,9.846426010131836,0.2551365792751312,3.3187501430511475,4.078125,22.72835350036621,22.72835350036621,,,
980,1783411325.8885214,4.999809818949763e-05,4.999809818949763e-05,,,0.4529622495174408,0.41796875,0.3499349057674408,0.4529622495174408,23.1892147064209,6.758530616760254,9.736189842224121,0.25593245029449463,3.5406250953674316,3.9947917461395264,23.1892147064209,23.1892147064209,,,
985,1783411326.571501,4.999807873401152e-05,4.999807873401152e-05,,,0.4924153685569763,0.4544921815395355,0.3792317807674408,0.4924153685569763,22.66121482849121,6.291095733642578,8.83222484588623,0.2599981427192688,3.3812501430511475,4.0572919845581055,22.66121482849121,22.66121482849121,,,
990,1783411327.2545948,4.9998059179520406e-05,4.9998059179520406e-05,,,0.5253255367279053,0.490234375,0.3509114682674408,0.5253255367279053,23.23912811279297,6.7991156578063965,10.077101707458496,0.2564006745815277,3.46875,4.255208492279053,23.23912811279297,23.23912811279297,,,
995,1783411327.9398863,4.999803952602435e-05,4.999803952602435e-05,,,0.4478515684604645,0.4166015684604645,0.3125,0.4478515684604645,23.17721939086914,6.560964107513428,10.169092178344727,0.25900164246559143,3.512500047683716,4.317708492279053,23.17721939086914,23.17721939086914,,,
1000,1783411328.6207073,4.9998019773523406e-05,4.9998019773523406e-05,,,0.501660168170929,0.4664062559604645,0.3525390625,0.501660168170929,22.51056480407715,6.336717128753662,9.658884048461914,0.2558828890323639,3.296875,3.9635417461395264,22.51056480407715,22.51056480407715,,,
1005,1783411329.3058767,4.9997999922017686e-05,4.9997999922017686e-05,,,0.4476562440395355,0.4134765565395355,0.341796875,0.4476562440395355,23.62067413330078,6.995874881744385,10.587306022644043,0.2591070830821991,3.496875047683716,4.09375,23.62067413330078,23.62067413330078,,,
1010,1783411329.9891026,4.9997979971507245e-05,4.9997979971507245e-05,,,0.4886718988418579,0.45585939288139343,0.328125,0.4886718988418579,23.11530303955078,6.7534637451171875,10.740077018737793,0.25629210472106934,3.328125,4.265625,23.11530303955078,23.11530303955078,,,
1015,1783411330.6708584,4.999795992199218e-05,4.999795992199218e-05,,,0.4677734375,0.42988282442092896,0.37890625,0.4677734375,22.985721588134766,6.599292755126953,9.588675498962402,0.25643420219421387,3.496875047683716,3.9114584922790527,22.985721588134766,22.985721588134766,,,
1020,1783411331.3523266,4.999793977347256e-05,4.999793977347256e-05,,,0.4920247495174408,0.45527344942092896,0.3675130307674408,0.4920247495174408,22.94000244140625,6.616210460662842,10.181148529052734,0.2559710741043091,3.375,4.1197919845581055,22.94000244140625,22.94000244140625,,,
1025,1783411332.0364938,4.9997919525948476e-05,4.9997919525948476e-05,,,0.47779950499534607,0.44355469942092896,0.3424479365348816,0.47779950499534607,23.07849884033203,6.548348903656006,9.881059646606445,0.25973063707351685,3.434375047683716,4.1979169845581055,23.07849884033203,23.07849884033203,,,
1030,1783411332.7179585,4.999789917942e-05,4.999789917942e-05,,,0.46080729365348816,0.42822265625,0.3258463740348816,0.46080729365348816,24.018835067749023,7.146914005279541,10.258987426757812,0.25910142064094543,3.7718751430511475,4.145833492279053,24.018835067749023,24.018835067749023,,,
1035,1783411333.4029493,4.999787873388721e-05,4.999787873388721e-05,,,0.5203450918197632,0.48457032442092896,0.3577474057674408,0.5203450918197632,22.586124420166016,6.382457256317139,9.551246643066406,0.256935179233551,3.2906250953674316,3.9583334922790527,22.586124420166016,22.586124420166016,,,
1040,1783411334.0864096,4.99978581893502e-05,4.99978581893502e-05,,,0.4662109315395355,0.4315429627895355,0.3466796875,0.4662109315395355,24.00946807861328,7.223336696624756,10.93813705444336,0.2571556866168976,3.6937501430511475,4.265625,24.00946807861328,24.00946807861328,,,
1045,1783411334.769195,4.9997837545809036e-05,4.9997837545809036e-05,,,0.5444986820220947,0.508593738079071,0.3590494990348816,0.5444986820220947,22.77903175354004,6.487534999847412,9.918021202087402,0.2556992471218109,3.393749952316284,3.9947917461395264,22.77903175354004,22.77903175354004,,,
1050,1783411335.4517734,4.9997816803263795e-05,4.9997816803263795e-05,,,0.5234049558639526,0.48828125,0.3512369990348816,0.5234049558639526,22.292144775390625,6.166100025177002,9.422066688537598,0.2564347982406616,3.2437500953674316,4.005208492279053,22.292144775390625,22.292144775390625,,,
1055,1783411336.134453,4.999779596171458e-05,4.999779596171458e-05,,,0.509960949420929,0.47343751788139343,0.365234375,0.509960949420929,22.069259643554688,6.150575160980225,8.979278564453125,0.25196588039398193,3.2875001430511475,3.9479167461395264,22.069259643554688,22.069259643554688,,,
1060,1783411336.8200874,4.999777502116145e-05,4.999777502116145e-05,,,0.4892578125,0.453125,0.361328125,0.4892578125,23.2578067779541,6.788301944732666,10.079444885253906,0.25806939601898193,3.440624952316284,4.078125,23.2578067779541,23.2578067779541,,,
1065,1783411337.5011368,4.999775398160452e-05,4.999775398160452e-05,,,0.5381510853767395,0.5023437738418579,0.3580729365348816,0.5381510853767395,22.397972106933594,6.317111015319824,9.647909164428711,0.2532506585121155,3.3125,4.0729169845581055,22.397972106933594,22.397972106933594,,,
1070,1783411338.1874022,4.999773284304384e-05,4.999773284304384e-05,,,0.45777997374534607,0.42656251788139343,0.3121744990348816,0.45777997374534607,23.377788543701172,6.918639659881592,9.934837341308594,0.255405992269516,3.5562500953674316,4.161458492279053,23.377788543701172,23.377788543701172,,,
1075,1783411338.8711472,4.999771160547952e-05,4.999771160547952e-05,,,0.46285808086395264,0.4273437559604645,0.3551432490348816,0.46285808086395264,22.94188690185547,6.743672847747803,10.350641250610352,0.2505699694156647,3.481250047683716,4.0625,22.94188690185547,22.94188690185547,,,
1080,1783411339.55584,4.999769026891163e-05,4.999769026891163e-05,,,0.4312174618244171,0.3955078125,0.3570963740348816,0.4312174618244171,24.136455535888672,7.2788543701171875,10.683591842651367,0.25723782181739807,3.765625,4.4791669845581055,24.136455535888672,24.136455535888672,,,
1085,1783411340.2389386,4.999766883334025e-05,4.999766883334025e-05,,,0.4440104365348816,0.4097656309604645,0.3424479365348816,0.4440104365348816,23.388429641723633,7.053165435791016,10.52978801727295,0.25456005334854126,3.4156250953674316,4.114583492279053,23.388429641723633,23.388429641723633,,,
1090,1783411340.919597,4.999764729876549e-05,4.999764729876549e-05,,,0.522753894329071,0.4878906309604645,0.3486328125,0.522753894329071,23.400291442871094,6.783681392669678,10.869491577148438,0.25774243474006653,3.5,4.3125,23.400291442871094,23.400291442871094,,,
1095,1783411341.6007059,4.99976256651874e-05,4.99976256651874e-05,,,0.5287435054779053,0.49296876788139343,0.3577474057674408,0.5287435054779053,22.66449546813965,6.436977386474609,9.756922721862793,0.2550174295902252,3.3500001430511475,4.2604169845581055,22.66449546813965,22.66449546813965,,,
1100,1783411342.2820945,4.9997603932606076e-05,4.9997603932606076e-05,,,0.50537109375,0.46894532442092896,0.3642578125,0.50537109375,22.814197540283203,6.539142608642578,9.43295955657959,0.2558099329471588,3.403125047683716,4.171875,22.814197540283203,22.814197540283203,,,
1105,1783411342.965465,4.999758210102163e-05,4.999758210102163e-05,,,0.5546875,0.512988269329071,0.4169921875,0.5546875,21.89801025390625,5.943321228027344,8.954828262329102,0.25328329205513,3.265625,3.9583334922790527,21.89801025390625,21.89801025390625,,,
1110,1783411343.650473,4.999756017043411e-05,4.999756017043411e-05,,,0.49873048067092896,0.46406251192092896,0.3466796875,0.49873048067092896,22.47051239013672,6.2596354484558105,9.992536544799805,0.25373053550720215,3.3843750953674316,4.09375,22.47051239013672,22.47051239013672,,,
1115,1783411344.3337018,4.999753814084363e-05,4.999753814084363e-05,,,0.4947265684604645,0.46015626192092896,0.345703125,0.4947265684604645,22.693675994873047,6.325290203094482,9.782285690307617,0.25739699602127075,3.390625,4.1666669845581055,22.693675994873047,22.693675994873047,,,
1120,1783411345.0148432,4.9997516012250266e-05,4.9997516012250266e-05,,,0.4912760257720947,0.4574218690395355,0.3385416865348816,0.4912760257720947,22.895828247070312,6.552805423736572,9.533280372619629,0.2556159198284149,3.4906251430511475,3.9635417461395264,22.895828247070312,22.895828247070312,,,
1125,1783411345.697243,4.999749378465412e-05,4.999749378465412e-05,,,0.594042956829071,0.554492175579071,0.3955078125,0.594042956829071,21.385902404785156,5.638640880584717,9.075972557067871,0.2522124648094177,3.09375,3.9635417461395264,21.385902404785156,21.385902404785156,,,
1130,1783411346.3768559,4.999747145805526e-05,4.999747145805526e-05,,,0.5404947996139526,0.50390625,0.3658854365348816,0.5404947996139526,22.233097076416016,6.307547092437744,9.538704872131348,0.24925488233566284,3.3531250953674316,4.020833492279053,22.233097076416016,22.233097076416016,,,
1135,1783411347.0589433,4.999744903245379e-05,4.999744903245379e-05,,,0.5344075560569763,0.4966796934604645,0.3772786557674408,0.5344075560569763,22.167789459228516,6.388197422027588,9.56721305847168,0.24775363504886627,3.2750000953674316,3.9895834922790527,22.167789459228516,22.167789459228516,,,
1140,1783411347.7422569,4.999742650784978e-05,4.999742650784978e-05,,,0.5469075441360474,0.508593738079071,0.3831380307674408,0.5469075441360474,22.355451583862305,6.338873863220215,9.61819839477539,0.2526751756668091,3.284374952316284,4.0,22.355451583862305,22.355451583862305,,,
1145,1783411348.425205,4.999740388424334e-05,4.999740388424334e-05,,,0.4945638179779053,0.4599609375,0.3460286557674408,0.4945638179779053,22.71468162536621,6.490909099578857,9.648459434509277,0.2549206018447876,3.375,4.125,22.71468162536621,22.71468162536621,,,
1150,1783411349.1075487,4.9997381161634545e-05,4.9997381161634545e-05,,,0.4658854007720947,0.4320312440395355,0.3385416865348816,0.4658854007720947,23.60211753845215,7.277904510498047,10.446280479431152,0.25400233268737793,3.418750047683716,4.3072919845581055,23.60211753845215,23.60211753845215,,,
1155,1783411349.791705,4.999735834002349e-05,4.999735834002349e-05,,,0.5184570550918579,0.4810546934604645,0.3740234375,0.5184570550918579,23.060958862304688,6.703987121582031,10.205190658569336,0.25525447726249695,3.4375,4.125,23.060958862304688,23.060958862304688,,,
1160,1783411350.4711196,4.999733541941027e-05,4.999733541941027e-05,,,0.5148763060569763,0.4808593690395355,0.3401692807674408,0.5148763060569763,22.681570053100586,6.5468926429748535,10.167987823486328,0.2521912753582001,3.371875047683716,3.9739584922790527,22.681570053100586,22.681570053100586,,,
1165,1783411351.1504254,4.9997312399794966e-05,4.9997312399794966e-05,,,0.5174479484558105,0.48125001788139343,0.3619791865348816,0.5174479484558105,22.472614288330078,6.445573329925537,9.724627494812012,0.2525322735309601,3.293750047683716,3.96875,22.472614288330078,22.472614288330078,,,
1170,1783411351.8140848,4.999728928117768e-05,4.999728928117768e-05,,,0.48164063692092896,0.44746094942092896,0.341796875,0.48164063692092896,23.445083618164062,7.105165004730225,10.613862991333008,0.2521039843559265,3.503124952316284,4.3072919845581055,23.445083618164062,23.445083618164062,,,
1170,1783411352.2267144,,,,,,,,,,,,,,,,,11.065724401473998,0.24590498596429824,11.065724401473998
1170,1783411353.6293306,,,1398.3099379999828,690.2098035812378,,,,,,,,,,,,,,,
1170,1783411355.0822365,,,1448.5192869999821,690.2098035812378,,,,,,,,,,,,,,,
1175,1783411355.8679454,4.99972660635585e-05,4.99972660635585e-05,,,0.532910168170929,0.49433594942092896,0.3857421875,0.532910168170929,21.710018157958984,6.111135959625244,8.856748580932617,0.24669399857521057,3.2281250953674316,3.8385417461395264,21.710018157958984,21.710018157958984,,,
1180,1783411356.5500104,4.9997242746937524e-05,4.9997242746937524e-05,,,0.51025390625,0.4749999940395355,0.3525390625,0.51025390625,22.849809646606445,6.580239295959473,9.95745849609375,0.25043684244155884,3.609375,3.9479167461395264,22.849809646606445,22.849809646606445,,,
1185,1783411357.2336814,4.999721933131484e-05,4.999721933131484e-05,,,0.543261706829071,0.508984386920929,0.3427734375,0.543261706829071,22.643449783325195,6.498417854309082,10.92138671875,0.2515110671520233,3.3125,4.223958492279053,22.643449783325195,22.643449783325195,,,
1190,1783411357.915022,4.999719581669052e-05,4.999719581669052e-05,,,0.4491211175918579,0.41425782442092896,0.3486328125,0.4491211175918579,23.196678161621094,6.833970069885254,9.841764450073242,0.2566872835159302,3.4281251430511475,3.9947917461395264,23.196678161621094,23.196678161621094,,,
1195,1783411358.596232,4.99971722030647e-05,4.99971722030647e-05,,,0.5401692986488342,0.5035156607627869,0.3665364682674408,0.5401692986488342,22.01424789428711,6.162560939788818,9.287210464477539,0.25011685490608215,3.278125047683716,3.8958334922790527,22.01424789428711,22.01424789428711,,,
1200,1783411359.2798824,4.999714849043744e-05,4.999714849043744e-05,,,0.5338216423988342,0.4966796934604645,0.3714192807674408,0.5338216423988342,22.008724212646484,6.137304782867432,9.336601257324219,0.24941547214984894,3.3187501430511475,3.953125,22.008724212646484,22.008724212646484,,,
1205,1783411359.9664261,4.999712467880884e-05,4.999712467880884e-05,,,0.5546875,0.517382800579071,0.373046875,0.5546875,22.48761749267578,6.5559587478637695,9.989677429199219,0.2486315369606018,3.328125,4.161458492279053,22.48761749267578,22.48761749267578,,,
1210,1783411360.662778,4.999710076817899e-05,4.999710076817899e-05,,,0.5779948234558105,0.5375000238418579,0.4049479365348816,0.5779948234558105,21.650632858276367,5.975050449371338,9.26270866394043,0.24768146872520447,3.203125,4.005208492279053,21.650632858276367,21.650632858276367,,,
1215,1783411361.3467767,4.9997076758548e-05,4.9997076758548e-05,,,0.49938151240348816,0.4632812440395355,0.3610026240348816,0.49938151240348816,22.45229721069336,6.345730781555176,9.479327201843262,0.25303906202316284,3.378124952316284,3.9375,22.45229721069336,22.45229721069336,,,
1220,1783411362.029166,4.9997052649915944e-05,4.9997052649915944e-05,,,0.508496105670929,0.470703125,0.3779296875,0.508496105670929,22.48189926147461,6.422590732574463,10.305402755737305,0.252340704202652,3.265625,4.078125,22.48189926147461,22.48189926147461,,,
1225,1783411362.713483,4.999702844228295e-05,4.999702844228295e-05,,,0.5220377445220947,0.48554688692092896,0.3649088740348816,0.5220377445220947,22.69710922241211,6.641819000244141,9.503091812133789,0.25118711590766907,3.409374952316284,3.921875,22.69710922241211,22.69710922241211,,,
1230,1783411363.3966742,4.999700413564909e-05,4.999700413564909e-05,,,0.5430989861488342,0.5054687857627869,0.3763020932674408,0.5430989861488342,22.338987350463867,6.362003326416016,9.510146141052246,0.2500215470790863,3.378124952316284,3.96875,22.338987350463867,22.338987350463867,,,
1235,1783411364.0795572,4.9996979730014456e-05,4.9996979730014456e-05,,,0.5374674797058105,0.49980470538139343,0.3766276240348816,0.5374674797058105,21.837352752685547,6.220607280731201,9.168779373168945,0.24734655022621155,3.1781251430511475,3.9114584922790527,21.837352752685547,21.837352752685547,,,
1240,1783411364.762428,4.9996955225379156e-05,4.9996955225379156e-05,,,0.47399088740348816,0.43720704317092896,0.3678385615348816,0.47399088740348816,22.627822875976562,6.514733791351318,9.312522888183594,0.25025609135627747,3.518749952316284,4.015625,22.627822875976562,22.627822875976562,,,
1245,1783411365.4444888,4.9996930621743275e-05,4.9996930621743275e-05,,,0.6287434697151184,0.588671863079071,0.4007161557674408,0.6287434697151184,21.839828491210938,5.996548652648926,9.099052429199219,0.2532879710197449,3.153125047683716,3.8229167461395264,21.839828491210938,21.839828491210938,,,
1250,1783411366.1256883,4.9996905919106936e-05,4.9996905919106936e-05,,,0.5165039300918579,0.4791015684604645,0.3740234375,0.5165039300918579,21.95785903930664,6.101861000061035,9.523886680603027,0.25049686431884766,3.237499952316284,3.9375,21.95785903930664,21.95785903930664,,,
1255,1783411366.8085139,4.999688111747021e-05,4.999688111747021e-05,,,0.4579915404319763,0.4232421815395355,0.3474934995174408,0.4579915404319763,23.231029510498047,6.891872406005859,9.774238586425781,0.2539413273334503,3.528125047683716,4.0625,23.231029510498047,23.231029510498047,,,
1260,1783411367.489742,4.99968562168332e-05,4.99968562168332e-05,,,0.4906575679779053,0.45703125,0.3362630307674408,0.4906575679779053,23.430011749267578,6.868829250335693,9.885961532592773,0.2579440474510193,3.5562500953674316,4.0885419845581055,23.430011749267578,23.430011749267578,,,
1265,1783411368.169427,4.999683121719602e-05,4.999683121719602e-05,,,0.528027355670929,0.4908203184604645,0.3720703125,0.528027355670929,21.85662841796875,6.130785942077637,9.555861473083496,0.24783439934253693,3.221874952316284,3.9583334922790527,21.85662841796875,21.85662841796875,,,
1270,1783411368.8514154,4.999680611855876e-05,4.999680611855876e-05,,,0.47561851143836975,0.43974611163139343,0.3587239682674408,0.47561851143836975,23.030216217041016,6.653080940246582,9.574968338012695,0.25495031476020813,3.559375047683716,3.875,23.030216217041016,23.030216217041016,,,
1275,1783411369.5329344,4.9996780920921516e-05,4.9996780920921516e-05,,,0.5294433832168579,0.4937500059604645,0.35693359375,0.5294433832168579,22.09021759033203,6.204732418060303,9.226579666137695,0.25008827447891235,3.309375047683716,3.9947917461395264,22.09021759033203,22.09021759033203,,,
1280,1783411370.215979,4.999675562428438e-05,4.999675562428438e-05,,,0.5313801765441895,0.4984374940395355,0.3294270932674408,0.5313801765441895,22.715410232543945,6.383362770080566,10.382726669311523,0.2568639814853668,3.3218750953674316,4.130208492279053,22.715410232543945,22.715410232543945,,,
1285,1783411370.8970044,4.9996730228647475e-05,4.9996730228647475e-05,,,0.5475912094116211,0.5113281607627869,0.3626302182674408,0.5475912094116211,22.02199935913086,6.12355899810791,9.709630966186523,0.2483304888010025,3.3343751430511475,4.1822919845581055,22.02199935913086,22.02199935913086,,,
1290,1783411371.5771847,4.999670473401089e-05,4.999670473401089e-05,,,0.5452799797058105,0.5111328363418579,0.3414713740348816,0.5452799797058105,22.601318359375,6.509366512298584,10.147228240966797,0.25205186009407043,3.315624952316284,4.192708492279053,22.601318359375,22.601318359375,,,
1295,1783411372.2550638,4.999667914037472e-05,4.999667914037472e-05,,,0.46796876192092896,0.43212890625,0.3583984375,0.46796876192092896,23.26373291015625,7.043072700500488,10.087234497070312,0.24921202659606934,3.5875000953674316,4.098958492279053,23.26373291015625,23.26373291015625,,,
1300,1783411372.936955,4.9996653447739075e-05,4.9996653447739075e-05,,,0.5833333730697632,0.544140636920929,0.3919270932674408,0.5833333730697632,21.444007873535156,5.902974605560303,9.326407432556152,0.24365869164466858,3.2593750953674316,3.84375,21.444007873535156,21.444007873535156,,,
1305,1783411373.6215274,4.9996627656104046e-05,4.9996627656104046e-05,,,0.5135742425918579,0.4771484434604645,0.3642578125,0.5135742425918579,22.468605041503906,6.507784366607666,9.528953552246094,0.2503034174442291,3.3531250953674316,3.9114584922790527,22.468605041503906,22.468605041503906,,,
1310,1783411374.3017454,4.9996601765469744e-05,4.9996601765469744e-05,,,0.5508789420127869,0.513867199420929,0.3701171875,0.5508789420127869,22.072078704833984,6.2343831062316895,9.70120906829834,0.24843452870845795,3.2906250953674316,3.9739584922790527,22.072078704833984,22.072078704833984,,,
1315,1783411374.9828691,4.999657577583627e-05,4.999657577583627e-05,,,0.49824216961860657,0.4623046815395355,0.359375,0.49824216961860657,23.4520263671875,6.8131608963012695,10.348915100097656,0.25909292697906494,3.5406250953674316,4.0416669845581055,23.4520263671875,23.4520263671875,,,
1320,1783411375.6651015,4.9996549687203734e-05,4.9996549687203734e-05,,,0.45348310470581055,0.41582033038139343,0.3766276240348816,0.45348310470581055,22.711437225341797,6.776237487792969,9.545475006103516,0.24978995323181152,3.346874952316284,3.9322917461395264,22.711437225341797,22.711437225341797,,,
1325,1783411376.347337,4.999652349957223e-05,4.999652349957223e-05,,,0.574511706829071,0.539257824420929,0.3525390625,0.574511706829071,21.765132904052734,6.164572715759277,9.589925765991211,0.24453485012054443,3.2406251430511475,3.96875,21.765132904052734,21.765132904052734,,,
1330,1783411377.0297859,4.9996497212941853e-05,4.9996497212941853e-05,,,0.5593425035476685,0.5218750238418579,0.3746744990348816,0.5593425035476685,21.68168830871582,6.0954813957214355,9.61990737915039,0.24508674442768097,3.203125,3.921875,21.68168830871582,21.68168830871582,,,
1335,1783411377.711561,4.9996470827312725e-05,4.9996470827312725e-05,,,0.5081706047058105,0.470703125,0.3746744990348816,0.5081706047058105,21.65914535522461,5.991397380828857,9.332140922546387,0.246241956949234,3.262500047683716,3.9114584922790527,21.65914535522461,21.65914535522461,,,
1340,1783411378.394727,4.999644434268495e-05,4.999644434268495e-05,,,0.44316408038139343,0.40937501192092896,0.337890625,0.44316408038139343,23.178203582763672,6.844279766082764,10.958929061889648,0.2518751919269562,3.487499952316284,4.161458492279053,23.178203582763672,23.178203582763672,,,
1345,1783411379.076515,4.999641775905861e-05,4.999641775905861e-05,,,0.6255533695220947,0.587109386920929,0.3844401240348816,0.6255533695220947,21.90343475341797,5.961419582366943,9.866889953613281,0.25258365273475647,3.200000047683716,3.890625,21.90343475341797,21.90343475341797,,,
1350,1783411379.7587159,4.999639107643384e-05,4.999639107643384e-05,,,0.4159505367279053,0.3833984434604645,0.3255208432674408,0.4159505367279053,23.79857635498047,7.2113037109375,10.501031875610352,0.25488850474357605,3.653125047683716,4.140625,23.79857635498047,23.79857635498047,,,
1355,1783411380.4404957,4.999636429481072e-05,4.999636429481072e-05,,,0.4937500059604645,0.45878908038139343,0.349609375,0.4937500059604645,22.599925994873047,6.632316589355469,9.861137390136719,0.2492300122976303,3.375,3.9114584922790527,22.599925994873047,22.599925994873047,,,
1360,1783411381.1235127,4.9996337414189376e-05,4.9996337414189376e-05,,,0.47382813692092896,0.43828126788139343,0.35546875,0.47382813692092896,22.818462371826172,6.730199337005615,9.440844535827637,0.24890996515750885,3.543750047683716,3.9947917461395264,22.818462371826172,22.818462371826172,,,
1365,1783411381.8063629,4.9996310434569896e-05,4.9996310434569896e-05,,,0.5040690302848816,0.46875,0.3531901240348816,0.5040690302848816,22.34488296508789,6.547410011291504,10.687800407409668,0.2453598529100418,3.278125047683716,4.09375,22.34488296508789,22.34488296508789,,,
1370,1783411382.4892035,4.9996283355952404e-05,4.9996283355952404e-05,,,0.558300793170929,0.5210937857627869,0.3720703125,0.558300793170929,22.01728630065918,6.300079822540283,8.808195114135742,0.24761416018009186,3.3187501430511475,3.75,22.01728630065918,22.01728630065918,,,
1375,1783411383.174102,4.9996256178337e-05,4.9996256178337e-05,,,0.513476550579071,0.4771484434604645,0.36328125,0.513476550579071,22.585891723632812,6.677967071533203,9.756608963012695,0.24811282753944397,3.3687500953674316,3.984375,22.585891723632812,22.585891723632812,,,
1380,1783411383.8568575,4.999622890172381e-05,4.999622890172381e-05,,,0.5054036378860474,0.46953126788139343,0.3587239682674408,0.5054036378860474,22.525920867919922,6.688086032867432,9.57162094116211,0.24557742476463318,3.4312500953674316,3.984375,22.525920867919922,22.525920867919922,,,
1385,1783411384.5399742,4.999620152611291e-05,4.999620152611291e-05,,,0.5606119632720947,0.523242175579071,0.3736979365348816,0.5606119632720947,21.498268127441406,5.865533351898193,9.506952285766602,0.24595502018928528,3.221874952316284,3.921875,21.498268127441406,21.498268127441406,,,
1390,1783411385.2200642,4.999617405150442e-05,4.999617405150442e-05,,,0.541796863079071,0.5048828125,0.369140625,0.541796863079071,22.287982940673828,6.34869909286499,9.231039047241211,0.2523850202560425,3.2750000953674316,3.8385417461395264,22.287982940673828,22.287982940673828,,,
1395,1783411385.9016166,4.9996146477898455e-05,4.9996146477898455e-05,,,0.5972656011581421,0.563281238079071,0.33984375,0.5972656011581421,22.05288314819336,6.140576362609863,9.865629196166992,0.2499239295721054,3.2750000953674316,4.0416669845581055,22.05288314819336,22.05288314819336,,,
1400,1783411386.5849884,4.999611880529512e-05,4.999611880529512e-05,,,0.57177734375,0.533203125,0.3857421875,0.57177734375,22.12465476989746,6.370138168334961,9.928913116455078,0.2458949089050293,3.3125,3.8385417461395264,22.12465476989746,22.12465476989746,,,
1405,1783411387.2680771,4.9996091033694526e-05,4.9996091033694526e-05,,,0.55908203125,0.518359363079071,0.4072265625,0.55908203125,21.599313735961914,6.029463291168213,9.417598724365234,0.24517284333705902,3.215625047683716,3.796875,21.599313735961914,21.599313735961914,,,
1410,1783411387.9474072,4.999606316309679e-05,4.999606316309679e-05,,,0.5135090947151184,0.4761718809604645,0.3733724057674408,0.5135090947151184,22.027820587158203,6.302725315093994,9.874935150146484,0.24729393422603607,3.2093751430511475,4.0,22.027820587158203,22.027820587158203,,,
1415,1783411388.6297376,4.9996035193501996e-05,4.9996035193501996e-05,,,0.519824206829071,0.484375,0.3544921875,0.519824206829071,22.230098724365234,6.3895158767700195,9.472626686096191,0.24787239730358124,3.346874952316284,3.921875,22.230098724365234,22.230098724365234,,,
1420,1783411389.310309,4.999600712491028e-05,4.999600712491028e-05,,,0.5023437738418579,0.46503907442092896,0.373046875,0.5023437738418579,22.211143493652344,6.352953910827637,9.58884048461914,0.2469058632850647,3.3968751430511475,3.9166667461395264,22.211143493652344,22.211143493652344,,,
1425,1783411389.9992473,4.999597895732175e-05,4.999597895732175e-05,,,0.5581706166267395,0.5230469107627869,0.3512369990348816,0.5581706166267395,22.284175872802734,6.241312503814697,10.219481468200684,0.25081199407577515,3.3187501430511475,4.15625,22.284175872802734,22.284175872802734,,,
1430,1783411390.685115,4.999595069073653e-05,4.999595069073653e-05,,,0.5528645515441895,0.515429675579071,0.3743489682674408,0.5528645515441895,21.984642028808594,6.274111747741699,10.178251266479492,0.2473147064447403,3.1625001430511475,4.0104169845581055,21.984642028808594,21.984642028808594,,,
1435,1783411391.3677273,4.9995922325154705e-05,4.9995922325154705e-05,,,0.5458008050918579,0.5072265863418579,0.3857421875,0.5458008050918579,21.726436614990234,6.044969081878662,9.568278312683105,0.2471679300069809,3.2093751430511475,3.9270834922790527,21.726436614990234,21.726436614990234,,,
1440,1783411392.051361,4.9995893860576395e-05,4.9995893860576395e-05,,,0.4254557490348816,0.39238283038139343,0.3307291865348816,0.4254557490348816,23.381805419921875,7.163125038146973,10.840548515319824,0.24741293489933014,3.575000047683716,4.2604169845581055,23.381805419921875,23.381805419921875,,,
1445,1783411392.7352796,4.9995865297001726e-05,4.9995865297001726e-05,,,0.542773425579071,0.506054699420929,0.3671875,0.542773425579071,22.08736801147461,6.360093116760254,10.011648178100586,0.2452446073293686,3.293750047683716,3.9635417461395264,22.08736801147461,22.08736801147461,,,
1450,1783411393.415926,4.999583663443079e-05,4.999583663443079e-05,,,0.4712565243244171,0.4375,0.3375651240348816,0.4712565243244171,23.21605682373047,6.826629638671875,10.492446899414062,0.25243231654167175,3.5687501430511475,4.1197919845581055,23.21605682373047,23.21605682373047,,,
1455,1783411394.1006656,4.999580787286372e-05,4.999580787286372e-05,,,0.47366535663604736,0.4378906190395355,0.3577474057674408,0.47366535663604736,23.192440032958984,6.976058483123779,10.364416122436523,0.25145235657691956,3.4437501430511475,4.208333492279053,23.192440032958984,23.192440032958984,,,
1460,1783411394.7847857,4.9995779012300615e-05,4.9995779012300615e-05,,,0.5420898199081421,0.505859375,0.3623046875,0.5420898199081421,22.313709259033203,6.456997871398926,9.952882766723633,0.2453117072582245,3.418750047683716,4.036458492279053,22.313709259033203,22.313709259033203,,,
1465,1783411395.4653578,4.9995750052741594e-05,4.9995750052741594e-05,,,0.4515950679779053,0.416015625,0.3557942807674408,0.4515950679779053,23.38248062133789,7.146769046783447,10.097522735595703,0.25041481852531433,3.559375047683716,3.9791667461395264,23.38248062133789,23.38248062133789,,,
1470,1783411396.1443555,4.999572099418679e-05,4.999572099418679e-05,,,0.5572591423988342,0.5181640982627869,0.3909505307674408,0.5572591423988342,21.950031280517578,6.304095268249512,9.391008377075195,0.24438802897930145,3.331249952316284,3.78125,21.950031280517578,21.950031280517578,,,
1475,1783411396.8241644,4.99956918366363e-05,4.99956918366363e-05,,,0.4639322757720947,0.4300781190395355,0.3385416865348816,0.4639322757720947,23.10565948486328,7.108104228973389,10.280292510986328,0.24604728817939758,3.4906251430511475,4.067708492279053,23.10565948486328,23.10565948486328,,,
1480,1783411397.5054777,4.999566258009023e-05,4.999566258009023e-05,,,0.5813151001930237,0.542773425579071,0.3854166865348816,0.5813151001930237,21.217336654663086,5.829904079437256,9.066157341003418,0.2434857189655304,3.140625,3.8333334922790527,21.217336654663086,21.217336654663086,,,
1485,1783411398.1907413,4.9995633224548715e-05,4.9995633224548715e-05,,,0.5477864742279053,0.510937511920929,0.3684895932674408,0.5477864742279053,22.150671005249023,6.413678169250488,9.900346755981445,0.24588146805763245,3.28125,4.0104169845581055,22.150671005249023,22.150671005249023,,,
1490,1783411398.8757515,4.999560377001187e-05,4.999560377001187e-05,,,0.5507161617279053,0.5125976800918579,0.3811849057674408,0.5507161617279053,21.80310821533203,6.006466865539551,9.571345329284668,0.24656076729297638,3.3500001430511475,3.9427084922790527,21.80310821533203,21.80310821533203,,,
1495,1783411399.5587063,4.9995574216479804e-05,4.9995574216479804e-05,,,0.47447919845581055,0.43876954913139343,0.3570963740348816,0.47447919845581055,23.160930633544922,7.004312038421631,10.121981620788574,0.24856813251972198,3.5531251430511475,4.0572919845581055,23.160930633544922,23.160930633544922,,,
1500,1783411400.2421556,4.999554456395263e-05,4.999554456395263e-05,,,0.5425130128860474,0.505078136920929,0.3743489682674408,0.5425130128860474,21.2218017578125,5.69287633895874,9.445911407470703,0.24488332867622375,3.174999952316284,3.8958334922790527,21.2218017578125,21.2218017578125,,,
1505,1783411400.924025,4.999551481243047e-05,4.999551481243047e-05,,,0.5895182490348816,0.5521484613418579,0.3736979365348816,0.5895182490348816,21.49707794189453,5.889617919921875,9.106836318969727,0.24841217696666718,3.128124952316284,3.9010417461395264,21.49707794189453,21.49707794189453,,,
1510,1783411401.6047118,4.999548496191344e-05,4.999548496191344e-05,,,0.5409179329872131,0.506640613079071,0.3427734375,0.5409179329872131,22.430585861206055,6.401212215423584,9.662946701049805,0.24907538294792175,3.456249952316284,3.984375,22.430585861206055,22.430585861206055,,,
1515,1783411402.2866683,4.9995455012401656e-05,4.9995455012401656e-05,,,0.5591471195220947,0.524609386920929,0.3453776240348816,0.5591471195220947,22.26732635498047,6.376872539520264,10.400735855102539,0.24679085612297058,3.340625047683716,4.0416669845581055,22.26732635498047,22.26732635498047,,,
1520,1783411402.9690962,4.999542496389525e-05,4.999542496389525e-05,,,0.5652995109558105,0.5277343988418579,0.3756510615348816,0.5652995109558105,21.290252685546875,5.883988857269287,9.079927444458008,0.24437128007411957,3.1187500953674316,3.828125,21.290252685546875,21.290252685546875,,,
1525,1783411403.6488278,4.999539481639433e-05,4.999539481639433e-05,,,0.5002278685569763,0.46601563692092896,0.3421224057674408,0.5002278685569763,22.085430145263672,6.330575466156006,9.553558349609375,0.24574120342731476,3.346874952316284,3.9427084922790527,22.085430145263672,22.085430145263672,,,
1530,1783411404.3320456,4.999536456989902e-05,4.999536456989902e-05,,,0.48408204317092896,0.44843751192092896,0.3564453125,0.48408204317092896,22.65660858154297,6.770607948303223,10.225364685058594,0.24575062096118927,3.3968751430511475,4.078125,22.65660858154297,22.65660858154297,,,
1535,1783411405.0107098,4.9995334224409425e-05,4.9995334224409425e-05,,,0.48440757393836975,0.44902345538139343,0.3538411557674408,0.48440757393836975,22.17133140563965,6.479666233062744,9.417160034179688,0.24330903589725494,3.4156250953674316,3.8541667461395264,22.17133140563965,22.17133140563965,,,
1540,1783411405.6947591,4.999530377992569e-05,4.999530377992569e-05,,,0.4844726622104645,0.44902345538139343,0.3544921875,0.4844726622104645,22.931795120239258,6.892123699188232,10.678081512451172,0.24768492579460144,3.418750047683716,4.0729169845581055,22.931795120239258,22.931795120239258,,,
1545,1783411406.3763857,4.999527323644792e-05,4.999527323644792e-05,,,0.5603190064430237,0.5224609375,0.3785807490348816,0.5603190064430237,21.889387130737305,6.144671440124512,9.7132568359375,0.24777670204639435,3.2250001430511475,3.984375,21.889387130737305,21.889387130737305,,,
1550,1783411407.0533197,4.999524259397624e-05,4.999524259397624e-05,,,0.5277994871139526,0.4921875,0.3561198115348816,0.5277994871139526,22.03717803955078,6.37392520904541,9.766744613647461,0.24374110996723175,3.3343751430511475,3.8385417461395264,22.03717803955078,22.03717803955078,,,
1555,1783411407.7287776,4.999521185251077e-05,4.999521185251077e-05,,,0.5544596910476685,0.5160156488418579,0.3844401240348816,0.5544596910476685,21.94269561767578,6.2048020362854,9.101285934448242,0.2451540231704712,3.4125001430511475,3.8333334922790527,21.94269561767578,21.94269561767578,,,
1560,1783411408.3930244,4.999518101205163e-05,4.999518101205163e-05,,,0.4996744692325592,0.4623046815395355,0.3736979365348816,0.4996744692325592,22.164438247680664,6.389352321624756,9.454509735107422,0.24457059800624847,3.424999952316284,3.9895834922790527,22.164438247680664,22.164438247680664,,,
1560,1783411408.810668,,,,,,,,,,,,,,,,,10.74605830192566,0.23880129516124726,10.74605830192566
1560,1783411410.2485876,,,1433.5881080000377,690.2098035812378,,,,,,,,,,,,,,,
1560,1783411411.647716,,,1395.284714000013,690.2098035812378,,,,,,,,,,,,,,,
1565,1783411412.4477847,4.999515007259895e-05,4.999515007259895e-05,,,0.5576822757720947,0.521289050579071,0.3639323115348816,0.5576822757720947,21.822912216186523,6.222230434417725,9.782134056091309,0.24231642484664917,3.3062500953674316,4.1197919845581055,21.822912216186523,21.822912216186523,,,
1570,1783411413.131899,4.999511903415285e-05,4.999511903415285e-05,,,0.5612630844116211,0.5250000357627869,0.3626302182674408,0.5612630844116211,21.378427505493164,5.718170642852783,9.582088470458984,0.24511496722698212,3.265625,4.0625,21.378427505493164,21.378427505493164,,,
1575,1783411413.8271906,4.999508789671345e-05,4.999508789671345e-05,,,0.5776367783546448,0.5416015982627869,0.3603515625,0.5776367783546448,21.499452590942383,5.981076717376709,9.68727970123291,0.24469125270843506,3.143749952316284,3.9479167461395264,21.499452590942383,21.499452590942383,,,
1580,1783411414.5122087,4.999505666028087e-05,4.999505666028087e-05,,,0.596484363079071,0.559374988079071,0.37109375,0.596484363079071,21.592857360839844,5.936529636383057,9.142908096313477,0.24522815644741058,3.315624952316284,3.9114584922790527,21.592857360839844,21.592857360839844,,,
1585,1783411415.1938052,4.999502532485524e-05,4.999502532485524e-05,,,0.5846354365348816,0.5482422113418579,0.3639323115348816,0.5846354365348816,21.045372009277344,5.640331268310547,9.504894256591797,0.24051779508590698,3.246875047683716,3.84375,21.045372009277344,21.045372009277344,,,
1590,1783411415.875752,4.9994993890436676e-05,4.9994993890436676e-05,,,0.5985677242279053,0.5619140863418579,0.3665364682674408,0.5985677242279053,21.686344146728516,6.161781311035156,9.148069381713867,0.2457607537508011,3.1656250953674316,3.8489584922790527,21.686344146728516,21.686344146728516,,,
1595,1783411416.557655,4.99949623570253e-05,4.99949623570253e-05,,,0.6224609613418579,0.5853515863418579,0.37109375,0.6224609613418579,21.708114624023438,6.0204386711120605,9.846094131469727,0.24587832391262054,3.231250047683716,4.0729169845581055,21.708114624023438,21.708114624023438,,,
1600,1783411417.2377748,4.999493072462126e-05,4.999493072462126e-05,,,0.5142252445220947,0.48046875,0.3375651240348816,0.5142252445220947,22.029781341552734,6.180563449859619,9.631301879882812,0.2476074993610382,3.3500001430511475,3.9375,22.029781341552734,22.029781341552734,,,
1605,1783411417.9201815,4.999489899322465e-05,4.999489899322465e-05,,,0.5457682609558105,0.5082031488418579,0.3756510615348816,0.5457682609558105,21.605560302734375,6.065553188323975,9.62269401550293,0.24153076112270355,3.3031251430511475,4.0572919845581055,21.605560302734375,21.605560302734375,,,
1610,1783411418.6002064,4.999486716283562e-05,4.999486716283562e-05,,,0.5378906726837158,0.5015625357627869,0.36328125,0.5378906726837158,21.668048858642578,6.099804878234863,9.709425926208496,0.24380576610565186,3.231250047683716,3.9479167461395264,21.668048858642578,21.668048858642578,,,
1615,1783411419.290087,4.999483523345429e-05,4.999483523345429e-05,,,0.5064127445220947,0.4697265625,0.3668619990348816,0.5064127445220947,22.063087463378906,6.313861846923828,9.183272361755371,0.24513107538223267,3.4156250953674316,3.84375,22.063087463378906,22.063087463378906,,,
1620,1783411419.9720304,4.999480320508078e-05,4.999480320508078e-05,,,0.512890636920929,0.4781250059604645,0.34765625,0.512890636920929,21.61151123046875,6.062231063842773,9.389139175415039,0.24418869614601135,3.2281250953674316,3.9375,21.61151123046875,21.61151123046875,,,
1625,1783411420.6524365,4.999477107771522e-05,4.999477107771522e-05,,,0.5662434697151184,0.5283203125,0.3792317807674408,0.5662434697151184,21.326610565185547,6.038712501525879,9.572999954223633,0.24008968472480774,3.1500000953674316,3.765625,21.326610565185547,21.326610565185547,,,
1630,1783411421.3324432,4.999473885135775e-05,4.999473885135775e-05,,,0.5906901359558105,0.5560547113418579,0.3463541865348816,0.5906901359558105,21.243446350097656,5.9561076164245605,9.652054786682129,0.24019090831279755,3.121875047683716,3.9166667461395264,21.243446350097656,21.243446350097656,,,
1635,1783411422.0152776,4.999470652600848e-05,4.999470652600848e-05,,,0.514355480670929,0.482421875,0.3193359375,0.514355480670929,21.85698127746582,6.009942054748535,9.327357292175293,0.24792203307151794,3.359375,3.984375,21.85698127746582,21.85698127746582,,,
1640,1783411422.6969566,4.999467410166754e-05,4.999467410166754e-05,,,0.5527669787406921,0.5152344107627869,0.3753255307674408,0.5527669787406921,21.031686782836914,5.78931188583374,8.933650016784668,0.24149419367313385,3.1031250953674316,3.7864584922790527,21.031686782836914,21.031686782836914,,,
1645,1783411423.3783257,4.999464157833506e-05,4.999464157833506e-05,,,0.6176432371139526,0.581250011920929,0.3639323115348816,0.6176432371139526,21.251041412353516,5.790466785430908,9.20144271850586,0.2423105090856552,3.2437500953674316,3.9270834922790527,21.251041412353516,21.251041412353516,,,
1650,1783411424.058527,4.9994608956011176e-05,4.9994608956011176e-05,,,0.5288411378860474,0.4898437559604645,0.3899739682674408,0.5288411378860474,21.817258834838867,6.338369846343994,9.411896705627441,0.2404095083475113,3.3343751430511475,3.8489584922790527,21.817258834838867,21.817258834838867,,,
1655,1783411424.740236,4.9994576234696016e-05,4.9994576234696016e-05,,,0.5185546875,0.4837890565395355,0.34765625,0.5185546875,22.446958541870117,6.704953193664551,10.330830574035645,0.2422584444284439,3.390625,4.1666669845581055,22.446958541870117,22.446958541870117,,,
1660,1783411425.4234211,4.9994543414389695e-05,4.9994543414389695e-05,,,0.5383138060569763,0.49980470538139343,0.3850911557674408,0.5383138060569763,21.453773498535156,5.964887619018555,9.134032249450684,0.2428695112466812,3.262500047683716,3.8385417461395264,21.453773498535156,21.453773498535156,,,
1665,1783411426.1058054,4.999451049509237e-05,4.999451049509237e-05,,,0.5019856691360474,0.4664062559604645,0.3557942807674408,0.5019856691360474,22.484527587890625,6.630555152893066,9.807581901550293,0.24354830384254456,3.518749952316284,3.9479167461395264,22.484527587890625,22.484527587890625,,,
1670,1783411426.7885644,4.999447747680415e-05,4.999447747680415e-05,,,0.4914388060569763,0.45625001192092896,0.3518880307674408,0.4914388060569763,22.26154899597168,6.634596347808838,10.048196792602539,0.2407580465078354,3.3843750953674316,4.036458492279053,22.26154899597168,22.26154899597168,,,
1675,1783411427.4741411,4.999444435952518e-05,4.999444435952518e-05,,,0.4891601800918579,0.45429688692092896,0.3486328125,0.4891601800918579,22.259029388427734,6.506317138671875,10.198629379272461,0.24327628314495087,3.390625,3.9479167461395264,22.259029388427734,22.259029388427734,,,
1680,1783411428.1574938,4.9994411143255566e-05,4.9994411143255566e-05,,,0.5873047113418579,0.5474609732627869,0.3984375,0.5873047113418579,21.341711044311523,5.836360454559326,9.474260330200195,0.24200482666492462,3.265625,4.020833492279053,21.341711044311523,21.341711044311523,,,
1685,1783411428.8380868,4.999437782799546e-05,4.999437782799546e-05,,,0.59619140625,0.558398425579071,0.3779296875,0.59619140625,21.24616241455078,5.839756011962891,9.774685859680176,0.2403421700000763,3.215625047683716,3.9791667461395264,21.24616241455078,21.24616241455078,,,
1690,1783411429.5190563,4.999434441374499e-05,4.999434441374499e-05,,,0.48831382393836975,0.45234376192092896,0.3597005307674408,0.48831382393836975,22.817596435546875,6.735354900360107,10.298069953918457,0.24845688045024872,3.46875,4.03125,22.817596435546875,22.817596435546875,,,
1695,1783411430.204164,4.999431090050429e-05,4.999431090050429e-05,,,0.5348958373069763,0.49921876192092896,0.3567708432674408,0.5348958373069763,21.593223571777344,6.111136436462402,9.588233947753906,0.24221837520599365,3.2281250953674316,3.953125,21.593223571777344,21.593223571777344,,,
1700,1783411430.886681,4.9994277288273495e-05,4.9994277288273495e-05,,,0.46923828125,0.4345703125,0.3466796875,0.46923828125,22.474815368652344,6.678961277008057,10.591059684753418,0.24482128024101257,3.315624952316284,4.0416669845581055,22.474815368652344,22.474815368652344,,,
1705,1783411431.5685172,4.999424357705274e-05,4.999424357705274e-05,,,0.6133788824081421,0.5791015625,0.3427734375,0.6133788824081421,21.461578369140625,6.0148606300354,9.918899536132812,0.24067442119121552,3.215625047683716,4.0885419845581055,21.461578369140625,21.461578369140625,,,
1710,1783411432.2517385,4.9994209766842144e-05,4.9994209766842144e-05,,,0.5609375238418579,0.5240234732627869,0.369140625,0.5609375238418579,21.9364070892334,6.2217936515808105,9.662688255310059,0.24441921710968018,3.359375,3.9010417461395264,21.9364070892334,21.9364070892334,,,
1715,1783411432.9328017,4.999417585764183e-05,4.999417585764183e-05,,,0.5232096314430237,0.48652344942092896,0.3668619990348816,0.5232096314430237,21.84996223449707,6.4267802238464355,10.234004974365234,0.23766875267028809,3.3062500953674316,3.984375,21.84996223449707,21.84996223449707,,,
1720,1783411433.612126,4.9994141849451974e-05,4.9994141849451974e-05,,,0.4891927242279053,0.4556640684604645,0.3352864682674408,0.4891927242279053,21.892288208007812,6.283884048461914,9.730315208435059,0.2422790825366974,3.331249952316284,4.015625,21.892288208007812,21.892288208007812,,,
1725,1783411434.296086,4.999410774227268e-05,4.999410774227268e-05,,,0.5076822638511658,0.4730468690395355,0.3463541865348816,0.5076822638511658,22.540719985961914,6.520981788635254,10.670625686645508,0.24500159919261932,3.515625,4.1197919845581055,22.540719985961914,22.540719985961914,,,
1730,1783411434.978046,4.9994073536104095e-05,4.9994073536104095e-05,,,0.5476887822151184,0.5107421875,0.3694661557674408,0.5476887822151184,21.498851776123047,5.971392631530762,9.610583305358887,0.24434594810009003,3.1812500953674316,3.8958334922790527,21.498851776123047,21.498851776123047,,,
1735,1783411435.6588345,4.999403923094636e-05,4.999403923094636e-05,,,0.5613932609558105,0.5240234732627869,0.3736979365348816,0.5613932609558105,21.262386322021484,5.7071075439453125,9.74792194366455,0.2431427240371704,3.237499952316284,4.015625,21.262386322021484,21.262386322021484,,,
1740,1783411436.3410208,4.9994004826799594e-05,4.9994004826799594e-05,,,0.5111653804779053,0.4779296815395355,0.3323567807674408,0.5111653804779053,22.124187469482422,6.311973571777344,10.640352249145508,0.24326969683170319,3.390625,4.1041669845581055,22.124187469482422,22.124187469482422,,,
1745,1783411437.0246937,4.9993970323663934e-05,4.9993970323663934e-05,,,0.5123372673988342,0.478515625,0.3382161557674408,0.5123372673988342,22.025009155273438,6.4224443435668945,10.55481243133545,0.2408495545387268,3.3125,3.9635417461395264,22.025009155273438,22.025009155273438,,,
1750,1783411437.7075806,4.9993935721539526e-05,4.9993935721539526e-05,,,0.5710287094116211,0.5342773795127869,0.3675130307674408,0.5710287094116211,21.531980514526367,6.001485347747803,9.175195693969727,0.2421170473098755,3.325000047683716,3.9270834922790527,21.531980514526367,21.531980514526367,,,
1755,1783411438.390193,4.999390102042651e-05,4.999390102042651e-05,,,0.4285481870174408,0.3935546875,0.3499349057674408,0.4285481870174408,22.652488708496094,6.891995429992676,9.633342742919922,0.24169611930847168,3.528125047683716,3.9270834922790527,22.652488708496094,22.652488708496094,,,
1760,1783411439.0737128,4.999386622032502e-05,4.999386622032502e-05,,,0.4917643368244171,0.45722657442092896,0.3453776240348816,0.4917643368244171,22.132308959960938,6.495164394378662,9.977901458740234,0.24097873270511627,3.3812501430511475,4.140625,22.132308959960938,22.132308959960938,,,
1765,1783411439.756106,4.999383132123519e-05,4.999383132123519e-05,,,0.5616211295127869,0.525585949420929,0.3603515625,0.5616211295127869,21.823307037353516,6.29080057144165,9.636615753173828,0.24120578169822693,3.309375047683716,4.052083492279053,21.823307037353516,21.823307037353516,,,
1770,1783411440.4386094,4.9993796323157155e-05,4.9993796323157155e-05,,,0.6119465827941895,0.571093738079071,0.4085286557674408,0.6119465827941895,20.630802154541016,5.4438157081604,8.681047439575195,0.23984089493751526,3.1468751430511475,3.7916667461395264,20.630802154541016,20.630802154541016,,,
1775,1783411441.1198912,4.999376122609106e-05,4.999376122609106e-05,,,0.6583659052848816,0.620312511920929,0.3805338740348816,0.6583659052848816,20.735260009765625,5.6014180183410645,9.165613174438477,0.23817338049411774,3.112499952316284,3.8697917461395264,20.735260009765625,20.735260009765625,,,
1780,1783411441.8021054,4.999372603003704e-05,4.999372603003704e-05,,,0.4853515625,0.451171875,0.341796875,0.4853515625,22.26515007019043,6.421334743499756,10.563511848449707,0.2431010752916336,3.440624952316284,4.0729169845581055,22.26515007019043,22.26515007019043,,,
1785,1783411442.4831295,4.999369073499525e-05,4.999369073499525e-05,,,0.6417317986488342,0.6041015982627869,0.3763020932674408,0.6417317986488342,20.945972442626953,5.698815822601318,9.064075469970703,0.24072034657001495,3.112499952316284,3.9583334922790527,20.945972442626953,20.945972442626953,,,
1790,1783411443.1673388,4.999365534096581e-05,4.999365534096581e-05,,,0.5702148675918579,0.5337890982627869,0.3642578125,0.5702148675918579,21.268142700195312,5.873464107513428,9.4304838180542,0.2399320900440216,3.262500047683716,3.921875,21.268142700195312,21.268142700195312,,,
1795,1783411443.8500779,4.9993619847948855e-05,4.9993619847948855e-05,,,0.5603841543197632,0.5228515863418579,0.3753255307674408,0.5603841543197632,21.945470809936523,6.4027581214904785,9.656636238098145,0.2421867400407791,3.284374952316284,3.9427084922790527,21.945470809936523,21.945470809936523,,,
1800,1783411444.5342844,4.999358425594455e-05,4.999358425594455e-05,,,0.577929675579071,0.540820300579071,0.37109375,0.577929675579071,21.079753875732422,5.681041240692139,9.147851943969727,0.2403257191181183,3.2875001430511475,3.8177084922790527,21.079753875732422,21.079753875732422,,,
1805,1783411445.2197862,4.999354856495302e-05,4.999354856495302e-05,,,0.5931966304779053,0.5556640625,0.3753255307674408,0.5931966304779053,21.021072387695312,5.7789201736450195,9.58061408996582,0.23872055113315582,3.1500000953674316,3.9166667461395264,21.021072387695312,21.021072387695312,,,
1810,1783411445.902384,4.999351277497441e-05,4.999351277497441e-05,,,0.5588867664337158,0.5210937857627869,0.3779296875,0.5588867664337158,21.21649169921875,5.885472774505615,9.13039493560791,0.2393115609884262,3.265625,3.8333334922790527,21.21649169921875,21.21649169921875,,,
1815,1783411446.5860295,4.999347688600886e-05,4.999347688600886e-05,,,0.5611979365348816,0.5263671875,0.3483073115348816,0.5611979365348816,21.323318481445312,5.898730754852295,9.484641075134277,0.24308054149150848,3.140625,3.96875,21.323318481445312,21.323318481445312,,,
1820,1783411447.2701197,4.999344089805651e-05,4.999344089805651e-05,,,0.5774739980697632,0.541210949420929,0.3626302182674408,0.5774739980697632,21.068634033203125,5.699315547943115,9.742443084716797,0.24051551520824432,3.174999952316284,3.96875,21.068634033203125,21.068634033203125,,,
1825,1783411447.9532962,4.9993404811117516e-05,4.9993404811117516e-05,,,0.5335937738418579,0.49609375,0.375,0.5335937738418579,21.46286964416504,6.041740894317627,10.122398376464844,0.24000078439712524,3.2281250953674316,3.8072917461395264,21.46286964416504,21.46286964416504,,,
1830,1783411448.6349072,4.9993368625192e-05,4.9993368625192e-05,,,0.5723633170127869,0.538281261920929,0.3408203125,0.5723633170127869,20.862579345703125,5.700775146484375,9.33198070526123,0.2381356805562973,3.125,3.875,20.862579345703125,20.862579345703125,,,
1835,1783411449.3140888,4.999333234028012e-05,4.999333234028012e-05,,,0.5447916984558105,0.5082031488418579,0.3658854365348816,0.5447916984558105,21.80328941345215,6.308252811431885,10.067537307739258,0.24004054069519043,3.293750047683716,3.9270834922790527,21.80328941345215,21.80328941345215,,,
1840,1783411449.9969301,4.999329595638203e-05,4.999329595638203e-05,,,0.6000325679779053,0.5638672113418579,0.3616536557674408,0.6000325679779053,21.748550415039062,6.226386547088623,10.35978889465332,0.24067679047584534,3.246875047683716,4.0885419845581055,21.748550415039062,21.748550415039062,,,
1845,1783411450.6814933,4.999325947349784e-05,4.999325947349784e-05,,,0.47164714336395264,0.4375,0.3414713740348816,0.47164714336395264,22.859329223632812,6.960476875305176,10.27631664276123,0.2439553439617157,3.496875047683716,3.9635417461395264,22.859329223632812,22.859329223632812,,,
1850,1783411451.3632936,4.999322289162773e-05,4.999322289162773e-05,,,0.5672200918197632,0.5306640863418579,0.3655599057674408,0.5672200918197632,20.65655517578125,5.492394924163818,9.178611755371094,0.23983673751354218,3.059375047683716,3.9427084922790527,20.65655517578125,20.65655517578125,,,
1855,1783411452.0451846,4.999318621077182e-05,4.999318621077182e-05,,,0.608105480670929,0.567578136920929,0.4052734375,0.608105480670929,20.665815353393555,5.624225616455078,8.997431755065918,0.23646233975887299,3.112499952316284,3.8854167461395264,20.665815353393555,20.665815353393555,,,
1860,1783411452.7281365,4.999314943093028e-05,4.999314943093028e-05,,,0.504589855670929,0.4712890684604645,0.3330078125,0.504589855670929,22.486309051513672,6.8942413330078125,10.319818496704102,0.24002738296985626,3.346874952316284,4.1197919845581055,22.486309051513672,22.486309051513672,,,
1865,1783411453.4093046,4.999311255210323e-05,4.999311255210323e-05,,,0.5549153685569763,0.517382800579071,0.3753255307674408,0.5549153685569763,21.247602462768555,5.946746826171875,9.205892562866211,0.23986239731311798,3.203125,3.8333334922790527,21.247602462768555,21.247602462768555,,,
1870,1783411454.0954926,4.999307557429084e-05,4.999307557429084e-05,,,0.45234376192092896,0.4189453125,0.333984375,0.45234376192092896,22.661643981933594,6.777223110198975,10.081050872802734,0.2461056113243103,3.4125001430511475,3.890625,22.661643981933594,22.661643981933594,,,
1875,1783411454.781799,4.999303849749324e-05,4.999303849749324e-05,,,0.5172526240348816,0.48222658038139343,0.3502604365348816,0.5172526240348816,21.659866333007812,6.26648473739624,9.881200790405273,0.2397928684949875,3.221874952316284,3.9270834922790527,21.659866333007812,21.659866333007812,,,
1880,1783411455.4668388,4.999300132171055e-05,4.999300132171055e-05,,,0.5567057132720947,0.519726574420929,0.3697916865348816,0.5567057132720947,21.58087158203125,6.0680365562438965,9.607568740844727,0.2418864518404007,3.2750000953674316,3.921875,21.58087158203125,21.58087158203125,,,
1885,1783411456.1477294,4.999296404694299e-05,4.999296404694299e-05,,,0.5143880248069763,0.47871094942092896,0.3567708432674408,0.5143880248069763,22.219066619873047,6.529626369476318,9.793350219726562,0.2427014261484146,3.390625,3.9791667461395264,22.219066619873047,22.219066619873047,,,
1890,1783411456.8300734,4.999292667319063e-05,4.999292667319063e-05,,,0.4927734434604645,0.45585939288139343,0.369140625,0.4927734434604645,21.820053100585938,6.377824783325195,9.333173751831055,0.2397119402885437,3.331249952316284,3.90625,21.820053100585938,21.820053100585938,,,
1895,1783411457.513281,4.9992889200453664e-05,4.9992889200453664e-05,,,0.5621744990348816,0.5248047113418579,0.3736979365348816,0.5621744990348816,21.88151741027832,6.463517665863037,9.947925567626953,0.2354925572872162,3.4437501430511475,3.8229167461395264,21.88151741027832,21.88151741027832,,,
1900,1783411458.19795,4.999285162873223e-05,4.999285162873223e-05,,,0.533007800579071,0.498046875,0.349609375,0.533007800579071,21.584701538085938,6.219900608062744,9.500009536743164,0.24156729876995087,3.1500000953674316,3.9427084922790527,21.584701538085938,21.584701538085938,,,
1905,1783411458.8803093,4.999281395802648e-05,4.999281395802648e-05,,,0.5707682371139526,0.5306640863418579,0.4010416865348816,0.5707682371139526,21.292327880859375,5.9673285484313965,8.966585159301758,0.23946082592010498,3.2718751430511475,3.8072917461395264,21.292327880859375,21.292327880859375,,,
1910,1783411459.5638387,4.999277618833656e-05,4.999277618833656e-05,,,0.5402018427848816,0.5029296875,0.3727213740348816,0.5402018427848816,21.685110092163086,6.041497230529785,9.541303634643555,0.2428218424320221,3.371875047683716,3.90625,21.685110092163086,21.685110092163086,,,
1915,1783411460.2474272,4.9992738319662615e-05,4.9992738319662615e-05,,,0.5706706047058105,0.533398449420929,0.3727213740348816,0.5706706047058105,21.409103393554688,6.091192722320557,9.904352188110352,0.23836521804332733,3.206249952316284,3.9479167461395264,21.409103393554688,21.409103393554688,,,
1920,1783411460.9301324,4.999270035200481e-05,4.999270035200481e-05,,,0.53466796875,0.502148449420929,0.3251953125,0.53466796875,21.822586059570312,6.407544136047363,9.721881866455078,0.23851019144058228,3.309375047683716,4.005208492279053,21.822586059570312,21.822586059570312,,,
1925,1783411461.6120176,4.9992662285363275e-05,4.9992662285363275e-05,,,0.5048828125,0.4701171815395355,0.34765625,0.5048828125,21.850135803222656,6.340315818786621,9.997079849243164,0.2389862835407257,3.356250047683716,3.9947917461395264,21.850135803222656,21.850135803222656,,,
1930,1783411462.2948587,4.999262411973817e-05,4.999262411973817e-05,,,0.5096354484558105,0.474609375,0.3502604365348816,0.5096354484558105,21.955078125,6.294226169586182,9.938857078552246,0.24163861572742462,3.390625,4.0260419845581055,21.955078125,21.955078125,,,
1935,1783411462.978726,4.999258585512965e-05,4.999258585512965e-05,,,0.5378580689430237,0.501171886920929,0.3668619990348816,0.5378580689430237,21.584644317626953,6.018930435180664,9.439334869384766,0.2420928180217743,3.3375000953674316,3.9010417461395264,21.584644317626953,21.584644317626953,,,
1940,1783411463.6559052,4.999254749153786e-05,4.999254749153786e-05,,,0.5100586414337158,0.47441408038139343,0.3564453125,0.5100586414337158,22.011137008666992,6.64996337890625,9.912991523742676,0.2381499856710434,3.268749952316284,3.84375,22.011137008666992,22.011137008666992,,,
1945,1783411464.3325605,4.9992509028962954e-05,4.9992509028962954e-05,,,0.5066080689430237,0.4722656309604645,0.3434244990348816,0.5066080689430237,23.008098602294922,7.027020454406738,10.874490737915039,0.24448804557323456,3.46875,4.2291669845581055,23.008098602294922,23.008098602294922,,,
1950,1783411464.9969661,4.9992470467405083e-05,4.9992470467405083e-05,,,0.5189127922058105,0.482421875,0.3649088740348816,0.5189127922058105,21.58610725402832,6.163681983947754,10.133246421813965,0.2408735305070877,3.140625,4.2916669845581055,21.58610725402832,21.58610725402832,,,
1950,1783411465.4075925,,,,,,,,,,,,,,,,,10.481905040740967,0.23293122366070748,10.481905040740967
1950,1783411466.8663247,,,1454.0443960000289,690.2098035812378,,,,,,,,,,,,,,,
1950,1783411468.28366,,,1413.409129999991,690.2098035812378,,,,,,,,,,,,,,,
1955,1783411469.0820215,4.999243180686441e-05,4.999243180686441e-05,,,0.5345703363418579,0.4966796934604645,0.37890625,0.5345703363418579,20.97191619873047,5.888881683349609,8.582581520080566,0.23648808896541595,3.2093751430511475,3.734375,20.97191619873047,20.97191619873047,,,
1960,1783411469.7655368,4.999239304734108e-05,4.999239304734108e-05,,,0.5557616949081421,0.5185546875,0.3720703125,0.5557616949081421,21.398048400878906,6.006284236907959,9.207892417907715,0.2411489635705948,3.2281250953674316,3.9114584922790527,21.398048400878906,21.398048400878906,,,
1965,1783411470.4445221,4.999235418883525e-05,4.999235418883525e-05,,,0.5930339097976685,0.5552734732627869,0.3776041865348816,0.5930339097976685,20.94243049621582,5.858831882476807,9.15256118774414,0.23834741115570068,3.059375047683716,3.8333334922790527,20.94243049621582,20.94243049621582,,,
1970,1783411471.1291158,4.999231523134706e-05,4.999231523134706e-05,,,0.5433268547058105,0.506054699420929,0.3727213740348816,0.5433268547058105,21.638538360595703,6.211884498596191,9.098588943481445,0.2407204806804657,3.293750047683716,3.90625,21.638538360595703,21.638538360595703,,,
1975,1783411471.8266325,4.999227617487668e-05,4.999227617487668e-05,,,0.5589193105697632,0.5218750238418579,0.3704427182674408,0.5589193105697632,20.994234085083008,5.670261383056641,9.409381866455078,0.23894011974334717,3.234375,3.9635417461395264,20.994234085083008,20.994234085083008,,,
1980,1783411472.5077696,4.999223701942427e-05,4.999223701942427e-05,,,0.546582043170929,0.508984386920929,0.3759765625,0.546582043170929,21.24427032470703,5.8520097732543945,9.555514335632324,0.23901019990444183,3.28125,4.0,21.24427032470703,21.24427032470703,,,
1985,1783411473.1865764,4.9992197764989963e-05,4.9992197764989963e-05,,,0.5723958611488342,0.5361328125,0.3626302182674408,0.5723958611488342,21.51169776916504,6.27158260345459,9.014074325561523,0.23657777905464172,3.3031251430511475,3.8958334922790527,21.51169776916504,21.51169776916504,,,
1990,1783411473.8660216,4.999215841157393e-05,4.999215841157393e-05,,,0.5054361820220947,0.4677734375,0.3766276240348816,0.5054361820220947,21.54813003540039,6.139737129211426,9.277883529663086,0.24149027466773987,3.231250047683716,3.8229167461395264,21.54813003540039,21.54813003540039,,,
1995,1783411474.5442216,4.9992118959176316e-05,4.9992118959176316e-05,,,0.5165039300918579,0.4814453125,0.3505859375,0.5165039300918579,21.736557006835938,6.193414211273193,9.934225082397461,0.23887112736701965,3.403125047683716,3.9739584922790527,21.736557006835938,21.736557006835938,,,
2000,1783411475.224277,4.9992079407797285e-05,4.9992079407797285e-05,,,0.5541341304779053,0.5166015625,0.3753255307674408,0.5541341304779053,21.167171478271484,5.805177211761475,9.387775421142578,0.23984463512897491,3.234375,3.9583334922790527,21.167171478271484,21.167171478271484,,,
2005,1783411475.9083087,4.999203975743699e-05,4.999203975743699e-05,,,0.47545573115348816,0.4404296875,0.3502604365348816,0.47545573115348816,22.153339385986328,6.6404619216918945,9.313472747802734,0.24046920239925385,3.359375,4.0104169845581055,22.153339385986328,22.153339385986328,,,
2010,1783411476.5897195,4.999200000809559e-05,4.999200000809559e-05,,,0.5720052123069763,0.536328136920929,0.3567708432674408,0.5720052123069763,21.465791702270508,6.170876502990723,10.265276908874512,0.23552437126636505,3.2750000953674316,3.9479167461395264,21.465791702270508,21.465791702270508,,,
2015,1783411477.2711403,4.9991960159773245e-05,4.9991960159773245e-05,,,0.562792956829071,0.527148425579071,0.3564453125,0.562792956829071,21.466154098510742,6.2263078689575195,9.915987014770508,0.23643095791339874,3.2125000953674316,3.9635417461395264,21.466154098510742,21.466154098510742,,,
2020,1783411477.9515963,4.9991920212470124e-05,4.9991920212470124e-05,,,0.5763021111488342,0.5396484732627869,0.3665364682674408,0.5763021111488342,20.93756866455078,5.748406887054443,9.145563125610352,0.23596341907978058,3.2562501430511475,4.0,20.93756866455078,20.93756866455078,,,
2025,1783411478.6314335,4.9991880166186363e-05,4.9991880166186363e-05,,,0.5081706047058105,0.4736328125,0.3453776240348816,0.5081706047058105,22.203264236450195,6.562802314758301,9.791550636291504,0.24216097593307495,3.3656251430511475,3.984375,22.203264236450195,22.203264236450195,,,
2030,1783411479.311805,4.9991840020922114e-05,4.9991840020922114e-05,,,0.5033040642738342,0.470703125,0.3260091245174408,0.5033040642738342,21.97244644165039,6.27292013168335,10.383368492126465,0.24140605330467224,3.387500047683716,4.1041669845581055,21.97244644165039,21.97244644165039,,,
2035,1783411479.9925175,4.9991799776677566e-05,4.9991799776677566e-05,,,0.5570638179779053,0.5166015625,0.4046224057674408,0.5570638179779053,20.528873443603516,5.411587715148926,8.952471733093262,0.2365429848432541,3.1812500953674316,3.9635417461395264,20.528873443603516,20.528873443603516,,,
2040,1783411480.6722999,4.999175943345287e-05,4.999175943345287e-05,,,0.5228515863418579,0.4869140684604645,0.359375,0.5228515863418579,21.913314819335938,6.423286437988281,10.04880142211914,0.23734356462955475,3.390625,4.140625,21.913314819335938,21.913314819335938,,,
2045,1783411481.35504,4.9991718991248174e-05,4.9991718991248174e-05,,,0.6097005605697632,0.572460949420929,0.3723958432674408,0.6097005605697632,20.592622756958008,5.534076690673828,8.73737907409668,0.23787999153137207,3.1000001430511475,3.8020834922790527,20.592622756958008,20.592622756958008,,,
2050,1783411482.037794,4.9991678450063636e-05,4.9991678450063636e-05,,,0.6024088859558105,0.5660156607627869,0.3639323115348816,0.6024088859558105,20.772825241088867,5.619654178619385,9.179746627807617,0.2380506694316864,3.1156251430511475,4.0729169845581055,20.772825241088867,20.772825241088867,,,
2055,1783411482.7213042,4.999163780989943e-05,4.999163780989943e-05,,,0.5844075679779053,0.5482422113418579,0.3616536557674408,0.5844075679779053,21.495899200439453,6.037242412567139,9.86070442199707,0.23959915339946747,3.284374952316284,4.0625,21.495899200439453,21.495899200439453,,,
2060,1783411483.3992484,4.999159707075571e-05,4.999159707075571e-05,,,0.6244791746139526,0.5853515863418579,0.3912760615348816,0.6244791746139526,20.335874557495117,5.427384853363037,8.609060287475586,0.2342865765094757,3.121875047683716,3.828125,20.335874557495117,20.335874557495117,,,
2065,1783411484.0851743,4.999155623263264e-05,4.999155623263264e-05,,,0.5290364623069763,0.4947265684604645,0.3430989682674408,0.5290364623069763,21.820167541503906,6.165647506713867,10.47878646850586,0.24223095178604126,3.3031251430511475,4.03125,21.820167541503906,21.820167541503906,,,
2070,1783411484.7864652,4.999151529553037e-05,4.999151529553037e-05,,,0.525097668170929,0.4906249940395355,0.3447265625,0.525097668170929,21.092620849609375,5.688529014587402,10.384781837463379,0.23857612907886505,3.221874952316284,4.078125,21.092620849609375,21.092620849609375,,,
2075,1783411485.4694939,4.999147425944909e-05,4.999147425944909e-05,,,0.5068033933639526,0.4701171815395355,0.3668619990348816,0.5068033933639526,21.673656463623047,6.195826530456543,9.605134010314941,0.23940102756023407,3.3531250953674316,3.9114584922790527,21.673656463623047,21.673656463623047,,,
2080,1783411486.1537108,4.999143312438894e-05,4.999143312438894e-05,,,0.530468761920929,0.4947265684604645,0.357421875,0.530468761920929,21.547836303710938,6.143835067749023,9.739485740661621,0.240204855799675,3.21875,4.020833492279053,21.547836303710938,21.547836303710938,,,
2085,1783411486.8377118,4.999139189035009e-05,4.999139189035009e-05,,,0.5348958373069763,0.4970703125,0.3782552182674408,0.5348958373069763,21.56631851196289,6.181567668914795,9.18812370300293,0.23851391673088074,3.34375,3.890625,21.56631851196289,21.56631851196289,,,
2090,1783411487.5185688,4.999135055733269e-05,4.999135055733269e-05,,,0.5301432609558105,0.4931640625,0.3697916865348816,0.5301432609558105,21.775148391723633,6.194657325744629,9.674205780029297,0.24017471075057983,3.4000000953674316,4.052083492279053,21.775148391723633,21.775148391723633,,,
2095,1783411488.2013237,4.999130912533692e-05,4.999130912533692e-05,,,0.5748047232627869,0.5394531488418579,0.353515625,0.5748047232627869,20.95773696899414,5.581187725067139,9.249812126159668,0.24134273827075958,3.1937501430511475,3.9739584922790527,20.95773696899414,20.95773696899414,,,
2100,1783411488.8806376,4.9991267594362945e-05,4.9991267594362945e-05,,,0.5551432371139526,0.518359363079071,0.3678385615348816,0.5551432371139526,21.46405792236328,6.110438823699951,9.371967315673828,0.23817746341228485,3.3187501430511475,3.796875,21.46405792236328,21.46405792236328,,,
2105,1783411489.5638888,4.999122596441092e-05,4.999122596441092e-05,,,0.6046549677848816,0.56640625,0.3824869990348816,0.6046549677848816,21.61703109741211,6.245044708251953,9.5732421875,0.23744387924671173,3.3218750953674316,4.078125,21.61703109741211,21.61703109741211,,,
2110,1783411490.2459075,4.9991184235481014e-05,4.9991184235481014e-05,,,0.4923502802848816,0.4566406309604645,0.3570963740348816,0.4923502802848816,21.97455596923828,6.464487552642822,9.56974983215332,0.24053169786930084,3.3343751430511475,3.9479167461395264,21.97455596923828,21.97455596923828,,,
2115,1783411490.9255235,4.9991142407573394e-05,4.9991142407573394e-05,,,0.5815755724906921,0.5435547232627869,0.3802083432674408,0.5815755724906921,21.30228042602539,6.031951427459717,9.415363311767578,0.2375495731830597,3.2593750953674316,3.796875,21.30228042602539,21.30228042602539,,,
2120,1783411491.6085863,4.9991100480688226e-05,4.9991100480688226e-05,,,0.5122395753860474,0.4779296815395355,0.3430989682674408,0.5122395753860474,21.51903533935547,6.245213985443115,9.62018871307373,0.2360840141773224,3.2906250953674316,3.9739584922790527,21.51903533935547,21.51903533935547,,,
2125,1783411492.2929428,4.999105845482567e-05,4.999105845482567e-05,,,0.5916992425918579,0.551953136920929,0.3974609375,0.5916992425918579,20.945720672607422,5.865400314331055,9.076265335083008,0.23594413697719574,3.1781251430511475,3.7708334922790527,20.945720672607422,20.945720672607422,,,
2130,1783411492.9739466,4.9991016329985896e-05,4.9991016329985896e-05,,,0.547167956829071,0.509765625,0.3740234375,0.547167956829071,22.422998428344727,6.708825588226318,10.227561950683594,0.24200832843780518,3.409374952316284,3.9166667461395264,22.422998428344727,22.422998428344727,,,
2135,1783411493.6562893,4.9990974106169066e-05,4.9990974106169066e-05,,,0.5770182609558105,0.541015625,0.3600260615348816,0.5770182609558105,20.84339141845703,5.7608184814453125,9.282364845275879,0.23610331118106842,3.140625,3.890625,20.84339141845703,20.84339141845703,,,
2140,1783411494.3380919,4.9990931783375346e-05,4.9990931783375346e-05,,,0.5041341185569763,0.4681640565395355,0.3597005307674408,0.5041341185569763,21.634902954101562,6.1489739418029785,9.641836166381836,0.23918697237968445,3.362499952316284,3.9583334922790527,21.634902954101562,21.634902954101562,,,
2145,1783411495.0212586,4.9990889361604924e-05,4.9990889361604924e-05,,,0.5680013298988342,0.53125,0.3675130307674408,0.5680013298988342,21.09241485595703,5.803060531616211,9.026129722595215,0.24097850918769836,3.1468751430511475,3.9583334922790527,21.09241485595703,21.09241485595703,,,
2150,1783411495.7016737,4.9990846840857936e-05,4.9990846840857936e-05,,,0.609667956829071,0.571093738079071,0.3857421875,0.609667956829071,20.413888931274414,5.482842922210693,9.300162315368652,0.2348608523607254,3.0406250953674316,3.9166667461395264,20.413888931274414,20.413888931274414,,,
2155,1783411496.3826528,4.999080422113458e-05,4.999080422113458e-05,,,0.6128580570220947,0.574023425579071,0.3883463740348816,0.6128580570220947,20.897323608398438,5.739267349243164,9.835062026977539,0.23589275777339935,3.1468751430511475,4.125,20.897323608398438,20.897323608398438,,,
2160,1783411497.0634406,4.999076150243502e-05,4.999076150243502e-05,,,0.5896809697151184,0.553515613079071,0.3616536557674408,0.5896809697151184,21.483402252197266,6.224891185760498,9.886161804199219,0.2360902577638626,3.25,3.9583334922790527,21.483402252197266,21.483402252197266,,,
2165,1783411497.7447307,4.999071868475941e-05,4.999071868475941e-05,,,0.52294921875,0.4876953065395355,0.3525390625,0.52294921875,21.81425666809082,6.363373756408691,10.133068084716797,0.23772160708904266,3.3218750953674316,4.1822919845581055,21.81425666809082,21.81425666809082,,,
2170,1783411498.4259024,4.9990675768107936e-05,4.9990675768107936e-05,,,0.521289050579071,0.486328125,0.349609375,0.521289050579071,21.708362579345703,6.284911632537842,10.035306930541992,0.23849821090698242,3.299999952316284,3.875,21.708362579345703,21.708362579345703,,,
2175,1783411499.109258,4.999063275248076e-05,4.999063275248076e-05,,,0.5253255367279053,0.4896484315395355,0.3567708432674408,0.5253255367279053,21.628589630126953,6.216128349304199,9.739675521850586,0.23763784766197205,3.346874952316284,3.9791667461395264,21.628589630126953,21.628589630126953,,,
2180,1783411499.7910914,4.999058963787804e-05,4.999058963787804e-05,,,0.5657877326011658,0.529101550579071,0.3668619990348816,0.5657877326011658,21.399757385253906,6.1703948974609375,10.149335861206055,0.23617714643478394,3.184375047683716,4.020833492279053,21.399757385253906,21.399757385253906,,,
2185,1783411500.4732077,4.999054642429997e-05,4.999054642429997e-05,,,0.5559245347976685,0.5189453363418579,0.3697916865348816,0.5559245347976685,21.41344451904297,6.159277439117432,9.810187339782715,0.23652133345603943,3.231250047683716,3.984375,21.41344451904297,21.41344451904297,,,
2190,1783411501.1527188,4.9990503111746716e-05,4.9990503111746716e-05,,,0.5804687142372131,0.541796863079071,0.38671875,0.5804687142372131,21.072206497192383,5.815528869628906,9.558860778808594,0.23792269825935364,3.200000047683716,3.9427084922790527,21.072206497192383,21.072206497192383,,,
2195,1783411501.835138,4.9990459700218444e-05,4.9990459700218444e-05,,,0.54296875,0.505664050579071,0.373046875,0.54296875,21.38294219970703,6.065406322479248,9.553441047668457,0.23775933682918549,3.2750000953674316,3.8802084922790527,21.38294219970703,21.38294219970703,,,
2200,1783411502.516074,4.999041618971532e-05,4.999041618971532e-05,,,0.5070963501930237,0.4701171815395355,0.3697916865348816,0.5070963501930237,22.07413101196289,6.45855188369751,9.80337905883789,0.24129240214824677,3.3812501430511475,3.9583334922790527,22.07413101196289,22.07413101196289,,,
2205,1783411503.1976972,4.999037258023752e-05,4.999037258023752e-05,,,0.5867838263511658,0.549609363079071,0.3717448115348816,0.5867838263511658,21.24852752685547,6.083311080932617,9.911261558532715,0.23392656445503235,3.2562501430511475,3.9114584922790527,21.24852752685547,21.24852752685547,,,
2210,1783411503.8786204,4.999032887178523e-05,4.999032887178523e-05,,,0.5535807609558105,0.5169922113418579,0.3658854365348816,0.5535807609558105,21.38568878173828,6.108815670013428,9.270549774169922,0.2387806624174118,3.215625047683716,3.890625,21.38568878173828,21.38568878173828,,,
2215,1783411504.560836,4.9990285064358594e-05,4.9990285064358594e-05,,,0.4989583492279053,0.46484375,0.3411458432674408,0.4989583492279053,21.920804977416992,6.4496073722839355,9.386442184448242,0.23836229741573334,3.4156250953674316,3.90625,21.920804977416992,21.920804977416992,,,
2220,1783411505.2437813,4.99902411579578e-05,4.99902411579578e-05,,,0.5736979246139526,0.5367187857627869,0.3697916865348816,0.5736979246139526,20.91499137878418,5.845454692840576,9.417101860046387,0.23622021079063416,3.106250047683716,3.9166667461395264,20.91499137878418,20.91499137878418,,,
2225,1783411505.9262052,4.999019715258304e-05,4.999019715258304e-05,,,0.5947591066360474,0.5576171875,0.3714192807674408,0.5947591066360474,20.67908477783203,5.551579475402832,9.272245407104492,0.23802709579467773,3.090625047683716,3.984375,20.67908477783203,20.67908477783203,,,
2230,1783411506.607378,4.999015304823447e-05,4.999015304823447e-05,,,0.519824206829071,0.4847656190395355,0.3505859375,0.519824206829071,21.39638900756836,6.105383396148682,9.474271774291992,0.2357948273420334,3.3375000953674316,3.953125,21.39638900756836,21.39638900756836,,,
2235,1783411507.2964513,4.9990108844912264e-05,4.9990108844912264e-05,,,0.6430664658546448,0.6060547232627869,0.3701171875,0.6430664658546448,21.4591064453125,5.984732151031494,10.251359939575195,0.23808489739894867,3.328125,4.0729169845581055,21.4591064453125,21.4591064453125,,,
2240,1783411507.983676,4.999006454261661e-05,4.999006454261661e-05,,,0.570019543170929,0.534960925579071,0.3505859375,0.570019543170929,21.330520629882812,6.110009670257568,10.224781036376953,0.23409979045391083,3.2593750953674316,4.0416669845581055,21.330520629882812,21.330520629882812,,,
2245,1783411508.6700442,4.9990020141347656e-05,4.9990020141347656e-05,,,0.6022786498069763,0.56640625,0.3587239682674408,0.6022786498069763,21.056079864501953,5.88205099105835,9.656740188598633,0.23640094697475433,3.174999952316284,3.953125,21.056079864501953,21.056079864501953,,,
2250,1783411509.3541112,4.998997564110561e-05,4.998997564110561e-05,,,0.6199544668197632,0.5833984613418579,0.3655599057674408,0.6199544668197632,20.473888397216797,5.511275291442871,8.807718276977539,0.23494365811347961,3.121875047683716,3.875,20.473888397216797,20.473888397216797,,,
2255,1783411510.035879,4.998993104189063e-05,4.998993104189063e-05,,,0.5137044191360474,0.48125001788139343,0.3245442807674408,0.5137044191360474,21.569150924682617,6.1699347496032715,9.71823501586914,0.23750686645507812,3.346874952316284,3.9270834922790527,21.569150924682617,21.569150924682617,,,
2260,1783411510.7195687,4.9989886343702906e-05,4.9989886343702906e-05,,,0.5591471195220947,0.523730456829071,0.3541666865348816,0.5591471195220947,21.848730087280273,6.243516445159912,9.923072814941406,0.24179142713546753,3.325000047683716,4.0729169845581055,21.848730087280273,21.848730087280273,,,
2265,1783411511.400917,4.998984154654259e-05,4.998984154654259e-05,,,0.6758137941360474,0.636914074420929,0.3889974057674408,0.6758137941360474,20.683177947998047,5.664032936096191,9.900396347045898,0.23322780430316925,3.1312501430511475,4.0260419845581055,20.683177947998047,20.683177947998047,,,
2270,1783411512.085409,4.998979665040989e-05,4.998979665040989e-05,,,0.5730794668197632,0.5337890982627869,0.3929036557674408,0.5730794668197632,21.054363250732422,5.956137657165527,9.506464004516602,0.23558275401592255,3.159374952316284,3.8697917461395264,21.054363250732422,21.054363250732422,,,
2275,1783411512.7690377,4.998975165530497e-05,4.998975165530497e-05,,,0.5230143070220947,0.4896484315395355,0.3336588740348816,0.5230143070220947,21.234188079833984,6.0154852867126465,9.990184783935547,0.23565734922885895,3.2125000953674316,4.0260419845581055,21.234188079833984,21.234188079833984,,,
2280,1783411513.452128,4.9989706561227995e-05,4.9989706561227995e-05,,,0.6071940064430237,0.570507824420929,0.3668619990348816,0.6071940064430237,21.286542892456055,6.019559860229492,9.986825942993164,0.23720064759254456,3.184375047683716,4.098958492279053,21.286542892456055,21.286542892456055,,,
2285,1783411514.134656,4.998966136817917e-05,4.998966136817917e-05,,,0.6306641101837158,0.5912109613418579,0.39453125,0.6306641101837158,20.802295684814453,5.822200298309326,9.04725456237793,0.23572584986686707,3.0875000953674316,3.8020834922790527,20.802295684814453,20.802295684814453,,,
2290,1783411514.8158367,4.998961607615865e-05,4.998961607615865e-05,,,0.5760416984558105,0.540234386920929,0.3580729365348816,0.5760416984558105,21.227930068969727,5.8670854568481445,9.272581100463867,0.241498664021492,3.184375047683716,3.8177084922790527,21.227930068969727,21.227930068969727,,,
2295,1783411515.498084,4.998957068516662e-05,4.998957068516662e-05,,,0.6246094107627869,0.5855469107627869,0.390625,0.6246094107627869,20.614940643310547,5.6247029304504395,9.109907150268555,0.23701569437980652,3.028125047683716,3.8541667461395264,20.614940643310547,20.614940643310547,,,
2300,1783411516.1773708,4.998952519520328e-05,4.998952519520328e-05,,,0.5568684935569763,0.520312488079071,0.3655599057674408,0.5568684935569763,21.336915969848633,6.147643566131592,9.445365905761719,0.23492930829524994,3.278125047683716,3.9479167461395264,21.336915969848633,21.336915969848633,,,
2305,1783411516.862213,4.998947960626879e-05,4.998947960626879e-05,,,0.5440429449081421,0.506640613079071,0.3740234375,0.5440429449081421,21.707666397094727,6.432979106903076,10.366609573364258,0.23398159444332123,3.309375047683716,3.9947917461395264,21.707666397094727,21.707666397094727,,,
2310,1783411517.5440588,4.998943391836333e-05,4.998943391836333e-05,,,0.49728190898895264,0.46210938692092896,0.3517252802848816,0.49728190898895264,21.936847686767578,6.579010009765625,10.11349105834961,0.2373177856206894,3.284374952316284,3.828125,21.936847686767578,21.936847686767578,,,
2315,1783411518.2278361,4.998938813148708e-05,4.998938813148708e-05,,,0.6298177242279053,0.5923828482627869,0.3743489682674408,0.6298177242279053,20.908397674560547,5.685595989227295,10.04304313659668,0.23616337776184082,3.1875,4.036458492279053,20.908397674560547,20.908397674560547,,,
2320,1783411518.9114354,4.9989342245640226e-05,4.9989342245640226e-05,,,0.5427083373069763,0.506054699420929,0.3665364682674408,0.5427083373069763,21.244773864746094,5.971837997436523,9.410913467407227,0.23562665283679962,3.331249952316284,3.9739584922790527,21.244773864746094,21.244773864746094,,,
2325,1783411519.5939095,4.998929626082296e-05,4.998929626082296e-05,,,0.5203775763511658,0.4867187440395355,0.3365885615348816,0.5203775763511658,22.088512420654297,6.485816955566406,10.36168098449707,0.2386080026626587,3.424999952316284,4.0416669845581055,22.088512420654297,22.088512420654297,,,
2330,1783411520.2748187,4.9989250177035465e-05,4.9989250177035465e-05,,,0.6353840827941895,0.597460925579071,0.3792317807674408,0.6353840827941895,20.931360244750977,5.831090927124023,9.336723327636719,0.2362021505832672,3.140625,3.96875,20.931360244750977,20.931360244750977,,,
2335,1783411520.9548519,4.99892039942779e-05,4.99892039942779e-05,,,0.5923502445220947,0.555859386920929,0.3649088740348816,0.5923502445220947,20.741304397583008,5.717936992645264,9.319156646728516,0.23371052742004395,3.190624952316284,3.8385417461395264,20.741304397583008,20.741304397583008,,,
2340,1783411521.617633,4.998915771255046e-05,4.998915771255046e-05,,,0.560742199420929,0.522265613079071,0.384765625,0.560742199420929,20.89946746826172,5.632072448730469,9.473134994506836,0.23943927884101868,3.112499952316284,4.328125,20.89946746826172,20.89946746826172,,,
2340,1783411522.0329845,,,,,,,,,,,,,,,,,10.391265287399293,0.230917004942894,10.391265287399293
2340,1783411523.5643506,,,1526.9316339999932,690.2098035812378,,,,,,,,,,,,,,,
2340,1783411525.006177,,,1437.9767329999709,690.2098035812378,,,,,,,,,,,,,,,
2345,1783411525.817176,4.9989111331853335e-05,4.9989111331853335e-05,,,0.5142903923988342,0.478515625,0.3577474057674408,0.5142903923988342,21.596092224121094,6.2117838859558105,10.555583953857422,0.23615969717502594,3.296875,4.046875,21.596092224121094,21.596092224121094,,,
2350,1783411526.4988985,4.998906485218671e-05,4.998906485218671e-05,,,0.5818034410476685,0.5453125238418579,0.3649088740348816,0.5818034410476685,20.835906982421875,5.772637844085693,8.850135803222656,0.23688945174217224,3.128124952316284,3.9010417461395264,20.835906982421875,20.835906982421875,,,
2355,1783411527.1809282,4.998901827355074e-05,4.998901827355074e-05,,,0.576855480670929,0.5376953482627869,0.3916015625,0.576855480670929,20.965002059936523,5.780265808105469,8.656255722045898,0.23955664038658142,3.15625,3.828125,20.965002059936523,20.965002059936523,,,
2360,1783411527.861896,4.998897159594565e-05,4.998897159594565e-05,,,0.5565755367279053,0.521484375,0.3509114682674408,0.5565755367279053,21.012996673583984,5.826083660125732,9.313390731811523,0.23668639361858368,3.206249952316284,3.984375,21.012996673583984,21.012996673583984,,,
2365,1783411528.5456712,4.99889248193716e-05,4.99889248193716e-05,,,0.6083984375,0.570507824420929,0.37890625,0.6083984375,20.762788772583008,5.6980719566345215,9.264545440673828,0.23757480084896088,3.059375047683716,3.8802084922790527,20.762788772583008,20.762788772583008,,,
2370,1783411529.2287652,4.998887794382879e-05,4.998887794382879e-05,,,0.6071614623069763,0.572265625,0.3489583432674408,0.6071614623069763,21.083251953125,5.821813106536865,9.324625015258789,0.2383985072374344,3.21875,3.8229167461395264,21.083251953125,21.083251953125,,,
2375,1783411529.9114594,4.99888309693174e-05,4.99888309693174e-05,,,0.596972644329071,0.559374988079071,0.3759765625,0.596972644329071,20.94353485107422,5.920620918273926,9.014969825744629,0.2346888780593872,3.1812500953674316,3.7916667461395264,20.94353485107422,20.94353485107422,,,
2380,1783411530.5925362,4.998878389583761e-05,4.998878389583761e-05,,,0.5444010496139526,0.5074219107627869,0.3697916865348816,0.5444010496139526,20.861806869506836,5.86533784866333,9.110701560974121,0.2341199666261673,3.1500000953674316,4.0,20.861806869506836,20.861806869506836,,,
2385,1783411531.2763271,4.998873672338961e-05,4.998873672338961e-05,,,0.530468761920929,0.4951171875,0.353515625,0.530468761920929,21.37753677368164,6.006504058837891,9.840088844299316,0.23713059723377228,3.309375047683716,4.067708492279053,21.37753677368164,21.37753677368164,,,
2390,1783411531.9606464,4.998868945197359e-05,4.998868945197359e-05,,,0.571093738079071,0.534960925579071,0.361328125,0.571093738079071,21.250118255615234,6.046237468719482,9.436819076538086,0.23465950787067413,3.299999952316284,4.005208492279053,21.250118255615234,21.250118255615234,,,
2395,1783411532.6414785,4.998864208158974e-05,4.998864208158974e-05,,,0.645312488079071,0.604687511920929,0.40625,0.645312488079071,20.307754516601562,5.596705436706543,8.940959930419922,0.23164986073970795,3.015625,3.7708334922790527,20.307754516601562,20.307754516601562,,,
2400,1783411533.32296,4.998859461223824e-05,4.998859461223824e-05,,,0.5643554925918579,0.526562511920929,0.3779296875,0.5643554925918579,20.956201553344727,5.858241081237793,9.031938552856445,0.23597167432308197,3.1875,3.8854167461395264,20.956201553344727,20.956201553344727,,,
2405,1783411534.0039535,4.998854704391928e-05,4.998854704391928e-05,,,0.5559245347976685,0.5191406607627869,0.3678385615348816,0.5559245347976685,21.5561580657959,6.116158485412598,9.24148941040039,0.24074575304985046,3.293750047683716,3.8854167461395264,21.5561580657959,21.5561580657959,,,
2410,1783411534.6860428,4.998849937663305e-05,4.998849937663305e-05,,,0.5976237058639526,0.5609375238418579,0.3668619990348816,0.5976237058639526,20.76367950439453,5.595378398895264,9.68553352355957,0.23695041239261627,3.121875047683716,4.1510419845581055,20.76367950439453,20.76367950439453,,,
2415,1783411535.3708863,4.998845161037974e-05,4.998845161037974e-05,,,0.6111002564430237,0.57421875,0.3688151240348816,0.6111002564430237,20.876876831054688,5.778242111206055,9.89358901977539,0.2341412901878357,3.1812500953674316,3.9166667461395264,20.876876831054688,20.876876831054688,,,
2420,1783411536.0700629,4.998840374515952e-05,4.998840374515952e-05,,,0.5707031488418579,0.5337890982627869,0.369140625,0.5707031488418579,21.19780731201172,5.947325706481934,9.544880867004395,0.23605680465698242,3.284374952316284,3.890625,21.19780731201172,21.19780731201172,,,
2425,1783411536.750654,4.9988355780972605e-05,4.9988355780972605e-05,,,0.4930013120174408,0.4585937559604645,0.3440755307674408,0.4930013120174408,22.141265869140625,6.570627689361572,9.85676097869873,0.2395269274711609,3.40625,4.0,22.141265869140625,22.141265869140625,,,
2430,1783411537.4349573,4.9988307717819185e-05,4.9988307717819185e-05,,,0.5924153923988342,0.5541015863418579,0.3831380307674408,0.5924153923988342,20.42165184020996,5.576851844787598,9.146781921386719,0.23223185539245605,3.09375,3.859375,20.42165184020996,20.42165184020996,,,
2435,1783411538.1177118,4.998825955569942e-05,4.998825955569942e-05,,,0.5772461295127869,0.5406250357627869,0.3662109375,0.5772461295127869,20.93160629272461,5.8626885414123535,9.39700984954834,0.23430664837360382,3.1937501430511475,3.9166667461395264,20.93160629272461,20.93160629272461,,,
2440,1783411538.7995367,4.998821129461353e-05,4.998821129461353e-05,,,0.5619791746139526,0.526562511920929,0.3541666865348816,0.5619791746139526,21.209232330322266,6.1331377029418945,9.270858764648438,0.23476964235305786,3.200000047683716,3.84375,21.209232330322266,21.209232330322266,,,
2445,1783411539.4834888,4.99881629345617e-05,4.99881629345617e-05,,,0.5694010257720947,0.533203125,0.3619791865348816,0.5694010257720947,20.93832015991211,5.7684478759765625,9.347235679626465,0.2385125458240509,3.112499952316284,3.8958334922790527,20.93832015991211,20.93832015991211,,,
2450,1783411540.1663582,4.9988114475544126e-05,4.9988114475544126e-05,,,0.5463541746139526,0.509765625,0.3658854365348816,0.5463541746139526,21.010698318481445,5.9063401222229,9.40937614440918,0.23594637215137482,3.15625,3.8958334922790527,21.010698318481445,21.010698318481445,,,
2455,1783411540.8489747,4.9988065917560984e-05,4.9988065917560984e-05,,,0.5402994751930237,0.502734363079071,0.3756510615348816,0.5402994751930237,21.488147735595703,6.37450647354126,9.970563888549805,0.23289167881011963,3.237499952316284,3.9895834922790527,21.488147735595703,21.488147735595703,,,
2460,1783411541.5296242,4.998801726061247e-05,4.998801726061247e-05,,,0.5772786736488342,0.541210949420929,0.3606770932674408,0.5772786736488342,21.68227767944336,6.293909549713135,9.883416175842285,0.23528997600078583,3.4125001430511475,3.9947917461395264,21.68227767944336,21.68227767944336,,,
2465,1783411542.2119448,4.998796850469879e-05,4.998796850469879e-05,,,0.5432942509651184,0.506640613079071,0.3665364682674408,0.5432942509651184,21.23981475830078,6.047148704528809,9.45779037475586,0.23542854189872742,3.268749952316284,3.8385417461395264,21.23981475830078,21.23981475830078,,,
2470,1783411542.8962505,4.9987919649820124e-05,4.9987919649820124e-05,,,0.4944661557674408,0.45703125,0.3743489682674408,0.4944661557674408,21.845746994018555,6.587249755859375,9.715324401855469,0.23377282917499542,3.3687500953674316,3.984375,21.845746994018555,21.845746994018555,,,
2475,1783411543.5783923,4.998787069597668e-05,4.998787069597668e-05,,,0.6010742783546448,0.5650390982627869,0.3603515625,0.6010742783546448,21.148435592651367,5.91869592666626,10.096855163574219,0.23593175411224365,3.200000047683716,4.03125,21.148435592651367,21.148435592651367,,,
2480,1783411544.2601206,4.998782164316865e-05,4.998782164316865e-05,,,0.5950846672058105,0.5582031607627869,0.3688151240348816,0.5950846672058105,20.946712493896484,5.754244804382324,9.190848350524902,0.23597100377082825,3.262500047683716,3.921875,20.946712493896484,20.946712493896484,,,
2485,1783411544.9427078,4.9987772491396216e-05,4.9987772491396216e-05,,,0.51611328125,0.48017579317092896,0.359375,0.51611328125,21.99323272705078,6.534839153289795,10.031193733215332,0.2380223125219345,3.346874952316284,3.9739584922790527,21.99323272705078,21.99323272705078,,,
2490,1783411545.62547,4.9987723240659576e-05,4.9987723240659576e-05,,,0.5367838740348816,0.501171886920929,0.3561198115348816,0.5367838740348816,21.00981903076172,6.030757427215576,9.53460693359375,0.2315758317708969,3.21875,3.859375,21.00981903076172,21.00981903076172,,,
2495,1783411546.3080957,4.998767389095893e-05,4.998767389095893e-05,,,0.5178059935569763,0.4833984375,0.3440755307674408,0.5178059935569763,21.583433151245117,6.279299259185791,9.767874717712402,0.23515628278255463,3.3531250953674316,3.921875,21.583433151245117,21.583433151245117,,,
2500,1783411546.9907694,4.9987624442294464e-05,4.9987624442294464e-05,,,0.6256185173988342,0.5869140625,0.3870442807674408,0.6256185173988342,20.78841209411621,5.666270732879639,9.142597198486328,0.2348857969045639,3.246875047683716,3.9114584922790527,20.78841209411621,20.78841209411621,,,
2505,1783411547.6759768,4.9987574894666385e-05,4.9987574894666385e-05,,,0.5691080689430237,0.533398449420929,0.3570963740348816,0.5691080689430237,21.049015045166016,5.9067702293396,9.287918090820312,0.23534522950649261,3.231250047683716,3.9166667461395264,21.049015045166016,21.049015045166016,,,
2510,1783411548.3608525,4.9987525248074893e-05,4.9987525248074893e-05,,,0.5939779281616211,0.5582031607627869,0.3577474057674408,0.5939779281616211,20.658370971679688,5.640840530395508,9.419539451599121,0.23365865647792816,3.1625001430511475,3.984375,20.658370971679688,20.658370971679688,,,
2515,1783411549.0438592,4.998747550252017e-05,4.998747550252017e-05,,,0.6028971672058105,0.567578136920929,0.3531901240348816,0.6028971672058105,20.92489242553711,5.961043834686279,9.423261642456055,0.23359167575836182,3.125,3.8489584922790527,20.92489242553711,20.92489242553711,,,
2520,1783411549.7256134,4.998742565800243e-05,4.998742565800243e-05,,,0.5074218511581421,0.4703125059604645,0.37109375,0.5074218511581421,21.953433990478516,6.475924968719482,9.651725769042969,0.23726485669612885,3.453125,3.8229167461395264,21.953433990478516,21.953433990478516,,,
2525,1783411550.408188,4.998737571452186e-05,4.998737571452186e-05,,,0.5314778685569763,0.4957031309604645,0.3577474057674408,0.5314778685569763,21.761646270751953,6.480710506439209,9.713308334350586,0.23513245582580566,3.325000047683716,4.036458492279053,21.761646270751953,21.761646270751953,,,
2530,1783411551.0903993,4.998732567207864e-05,4.998732567207864e-05,,,0.5543619394302368,0.519335925579071,0.3502604365348816,0.5543619394302368,21.56364631652832,6.447401523590088,10.029289245605469,0.23266860842704773,3.2437500953674316,3.9947917461395264,21.56364631652832,21.56364631652832,,,
2535,1783411551.7707517,4.9987275530672985e-05,4.9987275530672985e-05,,,0.6121419668197632,0.5748047232627869,0.3733724057674408,0.6121419668197632,20.488412857055664,5.4759907722473145,9.146864891052246,0.23707932233810425,3.046875,3.8229167461395264,20.488412857055664,20.488412857055664,,,
2540,1783411552.4520655,4.998722529030511e-05,4.998722529030511e-05,,,0.5655924677848816,0.530468761920929,0.3512369990348816,0.5655924677848816,20.798931121826172,5.669867992401123,10.140485763549805,0.23387528955936432,3.1875,4.03125,20.798931121826172,20.798931121826172,,,
2545,1783411553.1351333,4.998717495097519e-05,4.998717495097519e-05,,,0.49612629413604736,0.4615234434604645,0.3460286557674408,0.49612629413604736,21.77425193786621,6.5426344871521,9.772100448608398,0.23355859518051147,3.3531250953674316,3.9114584922790527,21.77425193786621,21.77425193786621,,,
2550,1783411553.8186083,4.9987124512683436e-05,4.9987124512683436e-05,,,0.6006510257720947,0.5625,0.3815104365348816,0.6006510257720947,20.78009033203125,5.779649257659912,9.209528923034668,0.23263445496559143,3.234375,3.765625,20.78009033203125,20.78009033203125,,,
2555,1783411554.5024257,4.9987073975430044e-05,4.9987073975430044e-05,,,0.528027355670929,0.49433594942092896,0.3369140625,0.528027355670929,21.452552795410156,6.2542877197265625,10.004993438720703,0.23158228397369385,3.3687500953674316,4.078125,21.452552795410156,21.452552795410156,,,
2560,1783411555.187228,4.9987023339215225e-05,4.9987023339215225e-05,,,0.5757812857627869,0.541210949420929,0.345703125,0.5757812857627869,21.313495635986328,6.189523696899414,9.447418212890625,0.23695744574069977,3.125,3.9114584922790527,21.313495635986328,21.313495635986328,,,
2565,1783411555.8698208,4.998697260403915e-05,4.998697260403915e-05,,,0.5537434816360474,0.5166015625,0.3714192807674408,0.5537434816360474,21.33534812927246,6.165675163269043,9.886608123779297,0.23327016830444336,3.296875,3.8697917461395264,21.33534812927246,21.33534812927246,,,
2570,1783411556.552262,4.998692176990205e-05,4.998692176990205e-05,,,0.5926106572151184,0.558398425579071,0.3421224057674408,0.5926106572151184,21.546485900878906,6.197055339813232,9.997190475463867,0.23573432862758636,3.340625047683716,4.0104169845581055,21.546485900878906,21.546485900878906,,,
2575,1783411557.237262,4.998687083680411e-05,4.998687083680411e-05,,,0.5367513298988342,0.5035156607627869,0.3323567807674408,0.5367513298988342,21.36296272277832,6.081339359283447,10.373806953430176,0.23405028879642487,3.3125,3.9947917461395264,21.36296272277832,21.36296272277832,,,
2580,1783411557.9208078,4.9986819804745545e-05,4.9986819804745545e-05,,,0.5927408933639526,0.555468738079071,0.3727213740348816,0.5927408933639526,20.9061279296875,6.004472255706787,9.192557334899902,0.23045380413532257,3.221874952316284,3.9010417461395264,20.9061279296875,20.9061279296875,,,
2585,1783411558.606714,4.998676867372654e-05,4.998676867372654e-05,,,0.5601400136947632,0.5269531607627869,0.3318684995174408,0.5601400136947632,21.376977920532227,6.383182048797607,10.193848609924316,0.23090125620365143,3.174999952316284,4.0885419845581055,21.376977920532227,21.376977920532227,,,
2590,1783411559.2879713,4.998671744374732e-05,4.998671744374732e-05,,,0.5508789420127869,0.5169922113418579,0.3388671875,0.5508789420127869,20.977413177490234,5.788431644439697,9.539888381958008,0.23541881144046783,3.2406251430511475,4.005208492279053,20.977413177490234,20.977413177490234,,,
2595,1783411559.9703944,4.9986666114808066e-05,4.9986666114808066e-05,,,0.5996419191360474,0.563281238079071,0.3636067807674408,0.5996419191360474,20.834348678588867,5.900987148284912,9.708812713623047,0.2302078902721405,3.2093751430511475,3.9375,20.834348678588867,20.834348678588867,,,
2600,1783411560.6521437,4.9986614686908983e-05,4.9986614686908983e-05,,,0.6349934935569763,0.5980468988418579,0.3694661557674408,0.6349934935569763,20.398113250732422,5.585880279541016,9.039194107055664,0.23098333179950714,3.128124952316284,3.859375,20.398113250732422,20.398113250732422,,,
2605,1783411561.337624,4.9986563160050276e-05,4.9986563160050276e-05,,,0.6305013298988342,0.5931640863418579,0.3733724057674408,0.6305013298988342,21.055130004882812,5.914768218994141,9.474489212036133,0.2353401780128479,3.203125,3.9947917461395264,21.055130004882812,21.055130004882812,,,
2610,1783411562.0212457,4.998651153423217e-05,4.998651153423217e-05,,,0.5557942986488342,0.521679699420929,0.3411458432674408,0.5557942986488342,21.411115646362305,6.044700622558594,9.564918518066406,0.23611173033714294,3.387500047683716,3.9739584922790527,21.411115646362305,21.411115646362305,,,
2615,1783411562.7044296,4.998645980945484e-05,4.998645980945484e-05,,,0.5675455927848816,0.5318359732627869,0.3570963740348816,0.5675455927848816,20.641006469726562,5.8247809410095215,9.66595458984375,0.22950567305088043,3.1343750953674316,3.875,20.641006469726562,20.641006469726562,,,
2620,1783411563.3849783,4.998640798571852e-05,4.998640798571852e-05,,,0.5580729246139526,0.5224609375,0.3561198115348816,0.5580729246139526,21.0985107421875,6.059823513031006,10.075533866882324,0.2309117615222931,3.246875047683716,3.9322917461395264,21.0985107421875,21.0985107421875,,,
2625,1783411564.0673726,4.99863560630234e-05,4.99863560630234e-05,,,0.5255534052848816,0.4908203184604645,0.3473307490348816,0.5255534052848816,21.747142791748047,6.586009502410889,10.563114166259766,0.23205158114433289,3.265625,3.96875,21.747142791748047,21.747142791748047,,,
2630,1783411564.7512648,4.998630404136968e-05,4.998630404136968e-05,,,0.60009765625,0.564257800579071,0.3583984375,0.60009765625,20.75693130493164,5.77237606048584,9.349016189575195,0.23198305070400238,3.221874952316284,3.8854167461395264,20.75693130493164,20.75693130493164,,,
2635,1783411565.4362965,4.9986251920757576e-05,4.9986251920757576e-05,,,0.6217448115348816,0.5855469107627869,0.3619791865348816,0.6217448115348816,20.572704315185547,5.624016761779785,9.071405410766602,0.23419874906539917,3.1187500953674316,3.8385417461395264,20.572704315185547,20.572704315185547,,,
2640,1783411566.119524,4.9986199701187294e-05,4.9986199701187294e-05,,,0.5185221433639526,0.4791015684604645,0.3942057490348816,0.5185221433639526,21.37813949584961,6.199174404144287,9.02512264251709,0.23493969440460205,3.315624952316284,3.8854167461395264,21.37813949584961,21.37813949584961,,,
2645,1783411566.8009992,4.998614738265903e-05,4.998614738265903e-05,,,0.6438477039337158,0.6048828363418579,0.3896484375,0.6438477039337158,20.42963981628418,5.612208366394043,9.342867851257324,0.23015782237052917,3.137500047683716,3.8854167461395264,20.42963981628418,20.42963981628418,,,
2650,1783411567.482629,4.9986094965173e-05,4.9986094965173e-05,,,0.5633463859558105,0.530468761920929,0.3287760615348816,0.5633463859558105,21.660564422607422,6.1168293952941895,10.444558143615723,0.23769229650497437,3.4000000953674316,4.03125,21.660564422607422,21.660564422607422,,,
2655,1783411568.1688757,4.998604244872941e-05,4.998604244872941e-05,,,0.5428711175918579,0.504101574420929,0.3876953125,0.5428711175918579,22.042198181152344,6.835809230804443,10.176406860351562,0.23186802864074707,3.3656251430511475,3.890625,22.042198181152344,22.042198181152344,,,
2660,1783411568.853921,4.9985989833328464e-05,4.9985989833328464e-05,,,0.5062825679779053,0.4697265625,0.3655599057674408,0.5062825679779053,21.50029945373535,6.136049747467041,9.31823444366455,0.23815113306045532,3.325000047683716,3.90625,21.50029945373535,21.50029945373535,,,
2665,1783411569.5328493,4.9985937118970385e-05,4.9985937118970385e-05,,,0.6668620109558105,0.62890625,0.3795573115348816,0.6668620109558105,20.171937942504883,5.4562177658081055,9.109498977661133,0.23127497732639313,3.015625,3.8177084922790527,20.171937942504883,20.171937942504883,,,
2670,1783411570.2151184,4.998588430565536e-05,4.998588430565536e-05,,,0.577832043170929,0.543164074420929,0.3466796875,0.577832043170929,21.37698745727539,6.0468316078186035,9.973631858825684,0.23646947741508484,3.284374952316284,4.0729169845581055,21.37698745727539,21.37698745727539,,,
2675,1783411570.9112127,4.998583139338361e-05,4.998583139338361e-05,,,0.5608073472976685,0.5250000357627869,0.3580729365348816,0.5608073472976685,21.207271575927734,6.149034023284912,9.568601608276367,0.23137317597866058,3.293750047683716,3.9583334922790527,21.207271575927734,21.207271575927734,,,
2680,1783411571.596053,4.998577838215535e-05,4.998577838215535e-05,,,0.5893229246139526,0.549023449420929,0.4029948115348816,0.5893229246139526,20.904800415039062,5.863148212432861,9.164259910583496,0.23455366492271423,3.1781251430511475,3.921875,20.904800415039062,20.904800415039062,,,
2685,1783411572.2785108,4.998572527197079e-05,4.998572527197079e-05,,,0.563671886920929,0.528124988079071,0.35546875,0.563671886920929,20.801815032958984,5.909759044647217,9.226587295532227,0.23134538531303406,3.1625001430511475,3.9635417461395264,20.801815032958984,20.801815032958984,,,
2690,1783411572.9607518,4.998567206283012e-05,4.998567206283012e-05,,,0.64892578125,0.6097656488418579,0.3916015625,0.64892578125,20.47311019897461,5.646541595458984,9.437013626098633,0.23152895271778107,3.078125,3.859375,20.47311019897461,20.47311019897461,,,
2695,1783411573.6436596,4.998561875473358e-05,4.998561875473358e-05,,,0.6196940541267395,0.5824218988418579,0.3727213740348816,0.6196940541267395,20.61300277709961,5.74251127243042,9.095605850219727,0.23053225874900818,3.203125,3.8385417461395264,20.61300277709961,20.61300277709961,,,
2700,1783411574.326797,4.998556534768136e-05,4.998556534768136e-05,,,0.5079752802848816,0.4716796875,0.3629557490348816,0.5079752802848816,21.257808685302734,6.066333293914795,9.54172420501709,0.23552805185317993,3.2437500953674316,3.9479167461395264,21.257808685302734,21.257808685302734,,,
2705,1783411575.0095298,4.998551184167367e-05,4.998551184167367e-05,,,0.6312825679779053,0.59375,0.3753255307674408,0.6312825679779053,21.088634490966797,6.053168296813965,9.903848648071289,0.2320897877216339,3.2125000953674316,3.8854167461395264,21.088634490966797,21.088634490966797,,,
2710,1783411575.692316,4.998545823671073e-05,4.998545823671073e-05,,,0.5156575441360474,0.4800781309604645,0.3557942807674408,0.5156575441360474,21.53643798828125,6.294866561889648,9.641408920288086,0.23405863344669342,3.3500001430511475,3.9479167461395264,21.53643798828125,21.53643798828125,,,
2715,1783411576.3761768,4.998540453279277e-05,4.998540453279277e-05,,,0.5221028923988342,0.48847657442092896,0.3362630307674408,0.5221028923988342,21.603469848632812,6.280215740203857,10.051507949829102,0.2350897639989853,3.340625047683716,3.984375,21.603469848632812,21.603469848632812,,,
2720,1783411577.0533137,4.998535072991997e-05,4.998535072991997e-05,,,0.6544270515441895,0.614062488079071,0.4036458432674408,0.6544270515441895,20.272045135498047,5.465948581695557,8.743956565856934,0.23300772905349731,3.075000047683716,3.7135417461395264,20.272045135498047,20.272045135498047,,,
2725,1783411577.7319107,4.9985296828092565e-05,4.9985296828092565e-05,,,0.6520833373069763,0.6136718988418579,0.3841145932674408,0.6520833373069763,19.933197021484375,5.248571395874023,8.92173957824707,0.2315220683813095,2.981250047683716,3.9270834922790527,19.933197021484375,19.933197021484375,,,
2730,1783411578.3934286,4.998524282731076e-05,4.998524282731076e-05,,,0.6053711175918579,0.5679687857627869,0.3740234375,0.6053711175918579,20.178852081298828,5.413071632385254,9.403337478637695,0.23093587160110474,3.0218751430511475,4.114583492279053,20.178852081298828,20.178852081298828,,,
2730,1783411578.8157337,,,,,,,,,,,,,,,,,10.164002647399903,0.22586672604084015,10.164002647399903
2730,1783411580.2295563,,,1409.490959999971,690.2098035812378,,,,,,,,,,,,,,,
2730,1783411581.6851382,,,1451.4154579999854,690.2098035812378,,,,,,,,,,,,,,,
2735,1783411582.4752104,4.9985188727574763e-05,4.9985188727574763e-05,,,0.5887370109558105,0.5513672232627869,0.3736979365348816,0.5887370109558105,20.92512321472168,6.0910444259643555,9.644216537475586,0.22934885323047638,3.1625001430511475,3.8645834922790527,20.92512321472168,20.92512321472168,,,
2740,1783411583.159906,4.9985134528884794e-05,4.9985134528884794e-05,,,0.5638672113418579,0.5269531607627869,0.369140625,0.5638672113418579,21.076541900634766,6.070048809051514,9.206718444824219,0.23072655498981476,3.328125,3.75,21.076541900634766,21.076541900634766,,,
2745,1783411583.8429196,4.998508023124107e-05,4.998508023124107e-05,,,0.602832019329071,0.565234363079071,0.3759765625,0.602832019329071,21.069555282592773,6.089484691619873,9.170995712280273,0.23291556537151337,3.200000047683716,3.8177084922790527,21.069555282592773,21.069555282592773,,,
2750,1783411584.5284266,4.9985025834643815e-05,4.9985025834643815e-05,,,0.6434569954872131,0.605273425579071,0.3818359375,0.6434569954872131,20.202041625976562,5.510848522186279,9.196388244628906,0.22784008085727692,3.1312501430511475,3.875,20.202041625976562,20.202041625976562,,,
2755,1783411585.2123094,4.998497133909321e-05,4.998497133909321e-05,,,0.6515950560569763,0.6146484613418579,0.3694661557674408,0.6515950560569763,20.342079162597656,5.416533470153809,9.5612154006958,0.2338460385799408,3.059375047683716,3.8697917461395264,20.342079162597656,20.342079162597656,,,
2760,1783411585.8954716,4.998491674458951e-05,4.998491674458951e-05,,,0.5471028685569763,0.510937511920929,0.3616536557674408,0.5471028685569763,21.302005767822266,6.1530537605285645,9.598315238952637,0.23400592803955078,3.278125047683716,3.8072917461395264,21.302005767822266,21.302005767822266,,,
2765,1783411586.5805156,4.998486205113291e-05,4.998486205113291e-05,,,0.4862630367279053,0.4541015625,0.3216145932674408,0.4862630367279053,22.271472930908203,6.737791538238525,10.574451446533203,0.236960306763649,3.418750047683716,3.9427084922790527,22.271472930908203,22.271472930908203,,,
2770,1783411587.2744372,4.998480725872365e-05,4.998480725872365e-05,,,0.5985677242279053,0.564257800579071,0.3430989682674408,0.5985677242279053,20.46908950805664,5.611905574798584,9.432029724121094,0.23135238885879517,3.109375,3.9375,20.46908950805664,20.46908950805664,,,
2775,1783411587.9524877,4.998475236736192e-05,4.998475236736192e-05,,,0.625195324420929,0.5855469107627869,0.396484375,0.625195324420929,20.05942726135254,5.45063591003418,9.063909530639648,0.2291852831840515,3.0,3.890625,20.05942726135254,20.05942726135254,,,
2780,1783411588.6345232,4.998469737704795e-05,4.998469737704795e-05,,,0.6022135615348816,0.563671886920929,0.3854166865348816,0.6022135615348816,20.392154693603516,5.630548000335693,9.138015747070312,0.22959239780902863,3.125,3.9114584922790527,20.392154693603516,20.392154693603516,,,
2785,1783411589.3246508,4.998464228778196e-05,4.998464228778196e-05,,,0.6329101920127869,0.5970703363418579,0.3583984375,0.6329101920127869,20.559688568115234,5.708349704742432,9.38449478149414,0.22947625815868378,3.171875,4.145833492279053,20.559688568115234,20.559688568115234,,,
2790,1783411590.0083656,4.998458709956417e-05,4.998458709956417e-05,,,0.6132161617279053,0.5751953125,0.3802083432674408,0.6132161617279053,20.25826072692871,5.513392925262451,9.426666259765625,0.2295396625995636,3.09375,3.7916667461395264,20.25826072692871,20.25826072692871,,,
2795,1783411590.691447,4.998453181239478e-05,4.998453181239478e-05,,,0.6486653685569763,0.609375,0.3929036557674408,0.6486653685569763,20.326906204223633,5.373443603515625,9.44410514831543,0.2336270809173584,3.112499952316284,3.8333334922790527,20.326906204223633,20.326906204223633,,,
2800,1783411591.3752482,4.998447642627402e-05,4.998447642627402e-05,,,0.5486654043197632,0.509960949420929,0.3870442807674408,0.5486654043197632,21.459518432617188,6.235630512237549,10.008248329162598,0.2336491048336029,3.325000047683716,3.8385417461395264,21.459518432617188,21.459518432617188,,,
2805,1783411592.057404,4.998442094120211e-05,4.998442094120211e-05,,,0.5736002922058105,0.5396484732627869,0.3395182490348816,0.5736002922058105,21.351472854614258,6.271005630493164,10.154911041259766,0.23218464851379395,3.2125000953674316,4.0416669845581055,21.351472854614258,21.351472854614258,,,
2810,1783411592.7393372,4.998436535717928e-05,4.998436535717928e-05,,,0.586718738079071,0.550976574420929,0.357421875,0.586718738079071,21.248796463012695,6.048982620239258,10.17562484741211,0.2324991077184677,3.3031251430511475,4.1666669845581055,21.248796463012695,21.248796463012695,,,
2815,1783411593.419514,4.998430967420574e-05,4.998430967420574e-05,,,0.5718750357627869,0.5337890982627869,0.380859375,0.5718750357627869,20.347854614257812,5.6140594482421875,9.190414428710938,0.23116116225719452,3.018749952316284,3.9375,20.347854614257812,20.347854614257812,,,
2820,1783411594.1021225,4.99842538922817e-05,4.99842538922817e-05,,,0.6143555045127869,0.5785156488418579,0.3583984375,0.6143555045127869,20.293407440185547,5.563249111175537,9.280696868896484,0.23033574223518372,3.046875,3.9010417461395264,20.293407440185547,20.293407440185547,,,
2825,1783411594.782641,4.998419801140739e-05,4.998419801140739e-05,,,0.6092448234558105,0.5718750357627869,0.3736979365348816,0.6092448234558105,20.99734878540039,5.77775764465332,10.38904094696045,0.23462867736816406,3.2125000953674316,4.098958492279053,20.99734878540039,20.99734878540039,,,
2830,1783411595.4630578,4.998414203158303e-05,4.998414203158303e-05,,,0.550488293170929,0.514453113079071,0.3603515625,0.550488293170929,21.08916473388672,5.904038906097412,9.502532005310059,0.2350110560655594,3.2562501430511475,4.03125,21.08916473388672,21.08916473388672,,,
2835,1783411596.1447916,4.998408595280884e-05,4.998408595280884e-05,,,0.5423502326011658,0.505664050579071,0.3668619990348816,0.5423502326011658,21.423280715942383,6.195558071136475,11.293798446655273,0.23203492164611816,3.253124952316284,4.036458492279053,21.423280715942383,21.423280715942383,,,
2840,1783411596.8279276,4.998402977508507e-05,4.998402977508507e-05,,,0.636425793170929,0.6000000238418579,0.3642578125,0.636425793170929,20.46319007873535,5.714568138122559,9.27817440032959,0.2279854565858841,3.174999952316284,3.8645834922790527,20.46319007873535,20.46319007873535,,,
2845,1783411597.512179,4.99839734984119e-05,4.99839734984119e-05,,,0.5892252922058105,0.552734375,0.3649088740348816,0.5892252922058105,20.672733306884766,5.747529029846191,9.621288299560547,0.2298623025417328,3.221874952316284,3.9739584922790527,20.672733306884766,20.672733306884766,,,
2850,1783411598.193708,4.9983917122789576e-05,4.9983917122789576e-05,,,0.6674153804779053,0.6279296875,0.3948567807674408,0.6674153804779053,19.760765075683594,5.251276016235352,8.661543846130371,0.22838194668293,2.987499952316284,3.7864584922790527,19.760765075683594,19.760765075683594,,,
2855,1783411598.8762288,4.998386064821833e-05,4.998386064821833e-05,,,0.5989583730697632,0.5628906488418579,0.3606770932674408,0.5989583730697632,20.505130767822266,5.617977142333984,8.876788139343262,0.23270823061466217,3.143749952316284,3.8385417461395264,20.505130767822266,20.505130767822266,,,
2860,1783411599.5599878,4.9983804074698363e-05,4.9983804074698363e-05,,,0.6474609375,0.6078125238418579,0.396484375,0.6474609375,20.829174041748047,5.797741889953613,9.652103424072266,0.23363596200942993,3.1656250953674316,3.8697917461395264,20.829174041748047,20.829174041748047,,,
2865,1783411600.2650356,4.9983747402229915e-05,4.9983747402229915e-05,,,0.5611002445220947,0.525195300579071,0.3590494990348816,0.5611002445220947,20.71230697631836,5.931889057159424,9.668874740600586,0.22942101955413818,3.096874952316284,3.9270834922790527,20.71230697631836,20.71230697631836,,,
2870,1783411600.9474707,4.998369063081319e-05,4.998369063081319e-05,,,0.5978189706802368,0.563281238079071,0.3453776240348816,0.5978189706802368,20.8583984375,5.849405765533447,9.758200645446777,0.231720969080925,3.1937501430511475,4.1197919845581055,20.8583984375,20.8583984375,,,
2875,1783411601.6283848,4.998363376044845e-05,4.998363376044845e-05,,,0.6164388656616211,0.5777344107627869,0.3870442807674408,0.6164388656616211,20.337963104248047,5.649871349334717,9.234725952148438,0.2266790121793747,3.1781251430511475,3.859375,20.337963104248047,20.337963104248047,,,
2880,1783411602.3109524,4.998357679113589e-05,4.998357679113589e-05,,,0.589160144329071,0.548828125,0.4033203125,0.589160144329071,20.66650390625,5.718332290649414,9.20251750946045,0.23336350917816162,3.1312501430511475,3.953125,20.66650390625,20.66650390625,,,
2885,1783411602.992227,4.998351972287574e-05,4.998351972287574e-05,,,0.6713216304779053,0.6322265863418579,0.3909505307674408,0.6713216304779053,20.634563446044922,5.739316463470459,9.680200576782227,0.23146149516105652,3.1187500953674316,3.9270834922790527,20.634563446044922,20.634563446044922,,,
2890,1783411603.6780818,4.998346255566823e-05,4.998346255566823e-05,,,0.6628581285476685,0.6275390982627869,0.3531901240348816,0.6628581285476685,20.244340896606445,5.4873480796813965,9.458456993103027,0.2303750365972519,3.049999952316284,3.9427084922790527,20.244340896606445,20.244340896606445,,,
2895,1783411604.3611796,4.998340528951358e-05,4.998340528951358e-05,,,0.5998697876930237,0.562695324420929,0.3717448115348816,0.5998697876930237,20.694740295410156,5.702329158782959,9.513911247253418,0.22976572811603546,3.3125,3.890625,20.694740295410156,20.694740295410156,,,
2900,1783411605.0434308,4.998334792441201e-05,4.998334792441201e-05,,,0.5842448472976685,0.5482422113418579,0.3600260615348816,0.5842448472976685,21.2052059173584,6.330968856811523,9.653529167175293,0.22769741714000702,3.262500047683716,4.0,21.2052059173584,21.2052059173584,,,
2905,1783411605.7273855,4.9983290460363775e-05,4.9983290460363775e-05,,,0.5478841066360474,0.513476550579071,0.3440755307674408,0.5478841066360474,21.512998580932617,6.437877655029297,9.647323608398438,0.23285816609859467,3.237499952316284,3.9427084922790527,21.512998580932617,21.512998580932617,,,
2910,1783411606.405657,4.998323289736909e-05,4.998323289736909e-05,,,0.5661458373069763,0.532421886920929,0.3372395932674408,0.5661458373069763,21.14632797241211,6.038020610809326,10.254522323608398,0.23022085428237915,3.309375047683716,4.1354169845581055,21.14632797241211,21.14632797241211,,,
2915,1783411607.0857956,4.9983175235428184e-05,4.9983175235428184e-05,,,0.562207043170929,0.525390625,0.3681640625,0.562207043170929,20.8015193939209,5.959092617034912,9.450096130371094,0.2315514087677002,3.0843751430511475,3.9322917461395264,20.8015193939209,20.8015193939209,,,
2920,1783411607.7690127,4.998311747454128e-05,4.998311747454128e-05,,,0.6175455451011658,0.578906238079071,0.3863932490348816,0.6175455451011658,20.358089447021484,5.731917858123779,8.797725677490234,0.22779038548469543,3.1187500953674316,3.7708334922790527,20.358089447021484,20.358089447021484,,,
2925,1783411608.4547563,4.9983059614708595e-05,4.9983059614708595e-05,,,0.5634440183639526,0.525390625,0.3805338740348816,0.5634440183639526,21.06407356262207,6.0787882804870605,9.74513053894043,0.23123475909233093,3.21875,3.8645834922790527,21.06407356262207,21.06407356262207,,,
2930,1783411609.137905,4.998300165593038e-05,4.998300165593038e-05,,,0.5580729246139526,0.5205078125,0.3756510615348816,0.5580729246139526,21.034957885742188,5.988114833831787,9.604097366333008,0.2322448194026947,3.2406251430511475,3.9479167461395264,21.034957885742188,21.034957885742188,,,
2935,1783411609.8202798,4.998294359820685e-05,4.998294359820685e-05,,,0.5599935054779053,0.525585949420929,0.3440755307674408,0.5599935054779053,20.531021118164062,5.569802761077881,9.249876976013184,0.23318937420845032,3.1500000953674316,3.9270834922790527,20.531021118164062,20.531021118164062,,,
2940,1783411610.5021644,4.998288544153825e-05,4.998288544153825e-05,,,0.6009114980697632,0.5650390982627869,0.3587239682674408,0.6009114980697632,20.940872192382812,5.818262100219727,9.89907455444336,0.23293738067150116,3.246875047683716,4.036458492279053,20.940872192382812,20.940872192382812,,,
2945,1783411611.1855965,4.9982827185924795e-05,4.9982827185924795e-05,,,0.6282552480697632,0.5904297232627869,0.3782552182674408,0.6282552480697632,21.127731323242188,6.102466583251953,9.492225646972656,0.23120370507240295,3.2906250953674316,3.8125,21.127731323242188,21.127731323242188,,,
2950,1783411611.8682935,4.9982768831366725e-05,4.9982768831366725e-05,,,0.6090169548988342,0.5728515982627869,0.3616536557674408,0.6090169548988342,20.5604305267334,5.732991695404053,9.593584060668945,0.23025134205818176,3.1187500953674316,3.8802084922790527,20.5604305267334,20.5604305267334,,,
2955,1783411612.548377,4.9982710377864256e-05,4.9982710377864256e-05,,,0.4984374940395355,0.4632812440395355,0.3515625,0.4984374940395355,21.271636962890625,6.137244701385498,9.182104110717773,0.23127396404743195,3.418750047683716,3.9010417461395264,21.271636962890625,21.271636962890625,,,
2960,1783411613.2317576,4.998265182541765e-05,4.998265182541765e-05,,,0.6049479246139526,0.568164050579071,0.3678385615348816,0.6049479246139526,20.293960571289062,5.475673675537109,9.319086074829102,0.23048435151576996,3.121875047683716,3.9270834922790527,20.293960571289062,20.293960571289062,,,
2965,1783411613.9161317,4.998259317402712e-05,4.998259317402712e-05,,,0.6649414300918579,0.623242199420929,0.4169921875,0.6649414300918579,20.103294372558594,5.466213703155518,9.184682846069336,0.22823767364025116,3.0625,3.8541667461395264,20.103294372558594,20.103294372558594,,,
2970,1783411614.6010494,4.998253442369289e-05,4.998253442369289e-05,,,0.640820324420929,0.602734386920929,0.380859375,0.640820324420929,19.673099517822266,5.0379252433776855,8.882712364196777,0.22831079363822937,3.075000047683716,3.9791667461395264,19.673099517822266,19.673099517822266,,,
2975,1783411615.282412,4.9982475574415206e-05,4.9982475574415206e-05,,,0.5797526240348816,0.546875,0.3287760615348816,0.5797526240348816,21.18695068359375,6.022628307342529,10.124883651733398,0.23425373435020447,3.215625047683716,3.9479167461395264,21.18695068359375,21.18695068359375,,,
2980,1783411615.9684072,4.9982416626194295e-05,4.9982416626194295e-05,,,0.6612955927848816,0.620312511920929,0.4098307490348816,0.6612955927848816,19.834863662719727,5.360863208770752,8.864790916442871,0.22427129745483398,3.112499952316284,3.828125,19.834863662719727,19.834863662719727,,,
2985,1783411616.6495693,4.99823575790304e-05,4.99823575790304e-05,,,0.6540364623069763,0.612500011920929,0.4153645932674408,0.6540364623069763,19.469017028808594,5.04020881652832,8.385590553283691,0.2292393147945404,2.8968751430511475,3.7760417461395264,19.469017028808594,19.469017028808594,,,
2990,1783411617.3327951,4.998229843292372e-05,4.998229843292372e-05,,,0.5248047113418579,0.48808595538139343,0.3671875,0.5248047113418579,21.60468292236328,6.452124118804932,9.942773818969727,0.23360998928546906,3.2562501430511475,3.8958334922790527,21.60468292236328,21.60468292236328,,,
2995,1783411618.0153806,4.998223918787454e-05,4.998223918787454e-05,,,0.586621105670929,0.550585925579071,0.3603515625,0.586621105670929,21.1644287109375,6.105142593383789,9.50387954711914,0.23149405419826508,3.3062500953674316,3.8541667461395264,21.1644287109375,21.1644287109375,,,
3000,1783411618.6993947,4.9982179843883076e-05,4.9982179843883076e-05,,,0.5732747912406921,0.5355468988418579,0.3772786557674408,0.5732747912406921,20.351348876953125,5.558475017547607,9.130050659179688,0.22895076870918274,3.1968750953674316,3.8020834922790527,20.351348876953125,20.351348876953125,,,
3005,1783411619.3825922,4.998212040094956e-05,4.998212040094956e-05,,,0.5721029043197632,0.5375000238418579,0.3460286557674408,0.5721029043197632,20.817611694335938,5.779269218444824,9.730884552001953,0.23222553730010986,3.215625047683716,3.9947917461395264,20.817611694335938,20.817611694335938,,,
3010,1783411620.0672984,4.9982060859074206e-05,4.9982060859074206e-05,,,0.6148763298988342,0.577343761920929,0.3753255307674408,0.6148763298988342,20.131065368652344,5.582815647125244,9.33482551574707,0.22491152584552765,3.112499952316284,3.8125,20.131065368652344,20.131065368652344,,,
3015,1783411620.7506175,4.998200121825728e-05,4.998200121825728e-05,,,0.6211588978767395,0.5833984613418579,0.3776041865348816,0.6211588978767395,20.074527740478516,5.431186199188232,9.090044975280762,0.22933942079544067,3.0250000953674316,3.890625,20.074527740478516,20.074527740478516,,,
3020,1783411621.4301996,4.998194147849902e-05,4.998194147849902e-05,,,0.5979166626930237,0.561328113079071,0.3658854365348816,0.5979166626930237,20.652395248413086,5.8270697593688965,9.543272018432617,0.23073282837867737,3.096874952316284,3.9114584922790527,20.652395248413086,20.652395248413086,,,
3025,1783411622.1133244,4.998188163979964e-05,4.998188163979964e-05,,,0.5166015625,0.4820312559604645,0.345703125,0.5166015625,21.54085350036621,6.239657402038574,10.139932632446289,0.23358134925365448,3.378124952316284,3.9791667461395264,21.54085350036621,21.54085350036621,,,
3030,1783411622.7972806,4.998182170215938e-05,4.998182170215938e-05,,,0.6155924797058105,0.5755859613418579,0.4000651240348816,0.6155924797058105,20.485013961791992,5.848435878753662,9.170204162597656,0.2253998965024948,3.190624952316284,3.859375,20.485013961791992,20.485013961791992,,,
3035,1783411623.478985,4.998176166557848e-05,4.998176166557848e-05,,,0.5962240099906921,0.5599609613418579,0.3626302182674408,0.5962240099906921,20.656475067138672,5.77600622177124,9.684602737426758,0.23066037893295288,3.1312501430511475,4.0104169845581055,20.656475067138672,20.656475067138672,,,
3040,1783411624.159892,4.9981701530057205e-05,4.9981701530057205e-05,,,0.6811849474906921,0.6421875357627869,0.3899739682674408,0.6811849474906921,20.023521423339844,5.5609941482543945,9.215235710144043,0.22599218785762787,2.9937500953674316,3.7760417461395264,20.023521423339844,20.023521423339844,,,
3045,1783411624.838551,4.998164129559575e-05,4.998164129559575e-05,,,0.6198893785476685,0.5835937857627869,0.3629557490348816,0.6198893785476685,20.92911148071289,5.972197532653809,9.435853958129883,0.23008786141872406,3.278125047683716,3.8125,20.92911148071289,20.92911148071289,,,
3050,1783411625.5196068,4.9981580962194376e-05,4.9981580962194376e-05,,,0.7119791507720947,0.672070324420929,0.3990885615348816,0.7119791507720947,19.559890747070312,5.107924461364746,8.818599700927734,0.22656948864459991,2.984375,3.9010417461395264,19.559890747070312,19.559890747070312,,,
3055,1783411626.203851,4.9981520529853326e-05,4.9981520529853326e-05,,,0.5835286378860474,0.546875,0.3665364682674408,0.5835286378860474,21.209117889404297,6.216883182525635,9.74543571472168,0.23259222507476807,3.171875,3.7916667461395264,21.209117889404297,21.209117889404297,,,
3060,1783411626.8863382,4.9981459998572824e-05,4.9981459998572824e-05,,,0.5531575679779053,0.5150390863418579,0.3811849057674408,0.5531575679779053,21.240333557128906,6.235793113708496,9.99014949798584,0.2290695607662201,3.3031251430511475,3.9427084922790527,21.240333557128906,21.240333557128906,,,
3065,1783411627.5659292,4.998139936835312e-05,4.998139936835312e-05,,,0.5416666865348816,0.5072265863418579,0.3444010615348816,0.5416666865348816,21.125823974609375,6.080095291137695,10.07741928100586,0.23174691200256348,3.2093751430511475,4.0,21.125823974609375,21.125823974609375,,,
3070,1783411628.2474995,4.998133863919446e-05,4.998133863919446e-05,,,0.543652355670929,0.506054699420929,0.3759765625,0.543652355670929,20.347335815429688,5.767691135406494,9.146395683288574,0.228018656373024,3.015625,3.8854167461395264,20.347335815429688,20.347335815429688,,,
3075,1783411628.9297905,4.9981277811097086e-05,4.9981277811097086e-05,,,0.5650064945220947,0.52734375,0.3766276240348816,0.5650064945220947,20.739887237548828,5.7850661277771,9.544143676757812,0.23041413724422455,3.2406251430511475,3.9114584922790527,20.739887237548828,20.739887237548828,,,
3080,1783411629.6086366,4.9981216884061215e-05,4.9981216884061215e-05,,,0.6280273199081421,0.591601550579071,0.3642578125,0.6280273199081421,20.429229736328125,5.6450958251953125,10.426737785339355,0.22784261405467987,3.090625047683716,3.9791667461395264,20.429229736328125,20.429229736328125,,,
3085,1783411630.290818,4.99811558580871e-05,4.99811558580871e-05,,,0.6034505367279053,0.567187488079071,0.3626302182674408,0.6034505367279053,20.379985809326172,5.565370082855225,9.68209457397461,0.2284039705991745,3.1656250953674316,4.0260419845581055,20.379985809326172,20.379985809326172,,,
3090,1783411630.967836,4.998109473317499e-05,4.998109473317499e-05,,,0.5166015625,0.482421875,0.341796875,0.5166015625,21.471111297607422,6.209322929382324,10.095678329467773,0.23301227390766144,3.375,3.9166667461395264,21.471111297607422,21.471111297607422,,,
3095,1783411631.651733,4.9981033509325124e-05,4.9981033509325124e-05,,,0.6249674558639526,0.58984375,0.3512369990348816,0.6249674558639526,20.526687622070312,5.71059513092041,9.794978141784668,0.23055855929851532,3.0718750953674316,3.8958334922790527,20.526687622070312,20.526687622070312,,,
3100,1783411632.332009,4.998097218653775e-05,4.998097218653775e-05,,,0.5743163824081421,0.537109375,0.3720703125,0.5743163824081421,20.335803985595703,5.563815593719482,9.224074363708496,0.22906476259231567,3.15625,3.8541667461395264,20.335803985595703,20.335803985595703,,,
3105,1783411633.013085,4.9980910764813094e-05,4.9980910764813094e-05,,,0.5859700441360474,0.549609363079071,0.3636067807674408,0.5859700441360474,21.00255584716797,5.938033580780029,10.045228958129883,0.22922682762145996,3.356250047683716,3.8854167461395264,21.00255584716797,21.00255584716797,,,
3110,1783411633.690968,4.9980849244151414e-05,4.9980849244151414e-05,,,0.6236003041267395,0.5875000357627869,0.3610026240348816,0.6236003041267395,20.04159927368164,5.455326080322266,9.170425415039062,0.22790420055389404,3.0250000953674316,3.8854167461395264,20.04159927368164,20.04159927368164,,,
3115,1783411634.3671231,4.998078762455295e-05,4.998078762455295e-05,,,0.5694010853767395,0.5355468988418579,0.3385416865348816,0.5694010853767395,21.337413787841797,6.192641735076904,9.606111526489258,0.2324373424053192,3.3375000953674316,3.8697917461395264,21.337413787841797,21.337413787841797,,,
3120,1783411635.028303,4.998072590601795e-05,4.998072590601795e-05,,,0.533203125,0.4986328184604645,0.345703125,0.533203125,21.692428588867188,6.256190776824951,10.528900146484375,0.23560214042663574,3.356250047683716,4.25,21.692428588867188,21.692428588867188,,,
3120,1783411635.4357567,,,,,,,,,,,,,,,,,10.025223169326782,0.2227827376127243,10.025223169326782
3120,1783411636.8136306,,,1373.303835999991,690.2098035812378,,,,,,,,,,,,,,,
3120,1783411638.1722167,,,1354.2668420000155,690.2098035812378,,,,,,,,,,,,,,,
3125,1783411638.9551353,4.998066408854666e-05,4.998066408854666e-05,,,0.5141276121139526,0.47929689288139343,0.3483073115348816,0.5141276121139526,21.373157501220703,6.239120960235596,9.887619018554688,0.23167739808559418,3.331249952316284,3.8854167461395264,21.373157501220703,21.373157501220703,,,
3130,1783411639.6359434,4.998060217213931e-05,4.998060217213931e-05,,,0.5286458730697632,0.49433594942092896,0.3430989682674408,0.5286458730697632,21.02294158935547,6.141201496124268,9.5751953125,0.22869795560836792,3.2281250953674316,4.046875,21.02294158935547,21.02294158935547,,,
3135,1783411640.3182502,4.9980540156796156e-05,4.9980540156796156e-05,,,0.6067383289337158,0.5697265863418579,0.3701171875,0.6067383289337158,20.822105407714844,5.861426830291748,9.611509323120117,0.23229274153709412,3.15625,3.9010417461395264,20.822105407714844,20.822105407714844,,,
3140,1783411641.001371,4.998047804251745e-05,4.998047804251745e-05,,,0.6873372197151184,0.6474609375,0.3987630307674408,0.6873372197151184,19.711660385131836,5.2841315269470215,9.443431854248047,0.22382771968841553,3.012500047683716,3.984375,19.711660385131836,19.711660385131836,,,
3145,1783411641.6965947,4.998041582930342e-05,4.998041582930342e-05,,,0.5235351324081421,0.4876953065395355,0.3583984375,0.5235351324081421,21.64901351928711,6.3768839836120605,10.023344993591309,0.2331366240978241,3.3843750953674316,3.9427084922790527,21.64901351928711,21.64901351928711,,,
3150,1783411642.381891,4.998035351715432e-05,4.998035351715432e-05,,,0.5754232406616211,0.5376953482627869,0.3772786557674408,0.5754232406616211,20.39067840576172,5.696978569030762,9.304685592651367,0.22811812162399292,3.106250047683716,3.9166667461395264,20.39067840576172,20.39067840576172,,,
3155,1783411643.0676613,4.99802911060704e-05,4.99802911060704e-05,,,0.6128255724906921,0.5755859613418579,0.3723958432674408,0.6128255724906921,20.415748596191406,5.789437294006348,9.333148956298828,0.22747167944908142,3.0718750953674316,3.8489584922790527,20.415748596191406,20.415748596191406,,,
3160,1783411643.7515175,4.998022859605191e-05,4.998022859605191e-05,,,0.5812174677848816,0.542187511920929,0.3902994990348816,0.5812174677848816,20.78211784362793,5.884785175323486,9.335650444030762,0.22962307929992676,3.2437500953674316,3.8697917461395264,20.78211784362793,20.78211784362793,,,
3165,1783411644.4331698,4.998016598709909e-05,4.998016598709909e-05,,,0.6647135615348816,0.6273437738418579,0.3736979365348816,0.6647135615348816,19.66827392578125,5.2317304611206055,9.048837661743164,0.22734704613685608,2.903125047683716,3.9791667461395264,19.66827392578125,19.66827392578125,,,
3170,1783411645.1149616,4.99801032792122e-05,4.99801032792122e-05,,,0.6399739980697632,0.6048828363418579,0.3509114682674408,0.6399739980697632,20.771385192871094,5.9798078536987305,9.76793098449707,0.22656697034835815,3.2250001430511475,3.9427084922790527,20.771385192871094,20.771385192871094,,,
3175,1783411645.793303,4.998004047239148e-05,4.998004047239148e-05,,,0.5775390863418579,0.5445312857627869,0.330078125,0.5775390863418579,20.55828094482422,5.741684913635254,9.863138198852539,0.2296891063451767,3.1000001430511475,3.9427084922790527,20.55828094482422,20.55828094482422,,,
3180,1783411646.4697125,4.9979977566637174e-05,4.9979977566637174e-05,,,0.6458658576011658,0.606249988079071,0.3961588740348816,0.6458658576011658,20.431278228759766,5.763062477111816,9.306270599365234,0.22736309468746185,3.128124952316284,3.78125,20.431278228759766,20.431278228759766,,,
3185,1783411647.1485636,4.997991456194953e-05,4.997991456194953e-05,,,0.660839855670929,0.6226562857627869,0.3818359375,0.660839855670929,20.229068756103516,5.690730571746826,9.491741180419922,0.2232082486152649,3.153125047683716,3.9166667461395264,20.229068756103516,20.229068756103516,,,
3190,1783411647.829907,4.997985145832882e-05,4.997985145832882e-05,,,0.5518229007720947,0.513671875,0.3815104365348816,0.5518229007720947,20.347820281982422,5.697149276733398,9.278103828430176,0.22635291516780853,3.15625,3.8072917461395264,20.347820281982422,20.347820281982422,,,
3195,1783411648.5102365,4.997978825577527e-05,4.997978825577527e-05,,,0.6321614384651184,0.5966796875,0.3548177182674408,0.6321614384651184,20.62615966796875,5.776124954223633,9.876056671142578,0.22901460528373718,3.1625001430511475,3.9427084922790527,20.62615966796875,20.62615966796875,,,
3200,1783411649.1889348,4.997972495428914e-05,4.997972495428914e-05,,,0.5862630605697632,0.5492187738418579,0.3704427182674408,0.5862630605697632,20.57305145263672,5.765049934387207,9.430731773376465,0.22854934632778168,3.184375047683716,3.9583334922790527,20.57305145263672,20.57305145263672,,,
3205,1783411649.8689747,4.9979661553870675e-05,4.9979661553870675e-05,,,0.5918620228767395,0.5542969107627869,0.3756510615348816,0.5918620228767395,20.793882369995117,5.697754383087158,9.732172012329102,0.2346179336309433,3.171875,3.9322917461395264,20.793882369995117,20.793882369995117,,,
3210,1783411650.5492468,4.997959805452012e-05,4.997959805452012e-05,,,0.6386067867279053,0.59765625,0.4095052182674408,0.6386067867279053,19.97872543334961,5.396380424499512,9.314138412475586,0.2259119153022766,3.1031250953674316,3.8177084922790527,19.97872543334961,19.97872543334961,,,
3215,1783411651.2274156,4.9979534456237754e-05,4.9979534456237754e-05,,,0.632031261920929,0.594531238079071,0.375,0.632031261920929,20.319629669189453,5.567183494567871,9.651620864868164,0.22791187465190887,3.140625,3.90625,20.319629669189453,20.319629669189453,,,
3220,1783411651.9084783,4.997947075902381e-05,4.997947075902381e-05,,,0.6468424797058105,0.6117187738418579,0.3512369990348816,0.6468424797058105,20.587322235107422,5.823248863220215,9.894783020019531,0.228868305683136,3.075000047683716,4.005208492279053,20.587322235107422,20.587322235107422,,,
3225,1783411652.590028,4.997940696287852e-05,4.997940696287852e-05,,,0.6036458611488342,0.5658203363418579,0.3782552182674408,0.6036458611488342,20.456645965576172,5.566044330596924,9.607952117919922,0.2316577285528183,3.1187500953674316,3.8645834922790527,20.456645965576172,20.456645965576172,,,
3230,1783411653.2707062,4.997934306780217e-05,4.997934306780217e-05,,,0.5712890625,0.5335937738418579,0.376953125,0.5712890625,20.530118942260742,5.687150478363037,9.85819149017334,0.22880472242832184,3.171875,3.890625,20.530118942260742,20.530118942260742,,,
3235,1783411653.9540088,4.997927907379501e-05,4.997927907379501e-05,,,0.6631673574447632,0.6265625357627869,0.3660481870174408,0.6631673574447632,19.944211959838867,5.311070442199707,9.251797676086426,0.2267047017812729,3.1156251430511475,3.90625,19.944211959838867,19.944211959838867,,,
3240,1783411654.6332939,4.9979214980857264e-05,4.9979214980857264e-05,,,0.501171886920929,0.46796876192092896,0.33203125,0.501171886920929,21.6716365814209,6.689846992492676,10.268855094909668,0.2285696268081665,3.265625,4.036458492279053,21.6716365814209,21.6716365814209,,,
3245,1783411655.3136754,4.9979150788989216e-05,4.9979150788989216e-05,,,0.5531575679779053,0.5160156488418579,0.3714192807674408,0.5531575679779053,20.432241439819336,5.683881759643555,9.043647766113281,0.22698462009429932,3.25,3.796875,20.432241439819336,20.432241439819336,,,
3250,1783411655.99509,4.9979086498191114e-05,4.9979086498191114e-05,,,0.5390299558639526,0.50390625,0.3512369990348816,0.5390299558639526,20.991470336914062,6.040539264678955,9.661993026733398,0.22990374267101288,3.234375,4.046875,20.991470336914062,20.991470336914062,,,
3255,1783411656.674839,4.997902210846321e-05,4.997902210846321e-05,,,0.6490885615348816,0.6107422113418579,0.3834635615348816,0.6490885615348816,20.39080047607422,5.600334167480469,9.196257591247559,0.22960664331912994,3.1468751430511475,3.9166667461395264,20.39080047607422,20.39080047607422,,,
3260,1783411657.3561532,4.997895761980576e-05,4.997895761980576e-05,,,0.6031250357627869,0.5660156607627869,0.37109375,0.6031250357627869,20.935016632080078,6.1543707847595215,9.806907653808594,0.22782309353351593,3.1468751430511475,4.0104169845581055,20.935016632080078,20.935016632080078,,,
3265,1783411658.0390851,4.997889303221902e-05,4.997889303221902e-05,,,0.6657877564430237,0.626953125,0.3883463740348816,0.6657877564430237,19.686264038085938,5.338367462158203,9.364757537841797,0.22399219870567322,2.9468750953674316,3.8489584922790527,19.686264038085938,19.686264038085938,,,
3270,1783411658.7156937,4.997882834570325e-05,4.997882834570325e-05,,,0.6425130367279053,0.604296863079071,0.3821614682674408,0.6425130367279053,20.19945526123047,5.480331897735596,9.131742477416992,0.2290789783000946,3.109375,3.8802084922790527,20.19945526123047,20.19945526123047,,,
3275,1783411659.396657,4.997876356025868e-05,4.997876356025868e-05,,,0.60791015625,0.571093738079071,0.3681640625,0.60791015625,20.866540908813477,5.935241222381592,9.70688247680664,0.23031684756278992,3.2093751430511475,3.8697917461395264,20.866540908813477,20.866540908813477,,,
3280,1783411660.0738323,4.9978698675885594e-05,4.9978698675885594e-05,,,0.627734363079071,0.593554675579071,0.341796875,0.627734363079071,20.412372589111328,5.612420558929443,9.405027389526367,0.23076555132865906,3.081249952316284,3.9375,20.412372589111328,20.412372589111328,,,
3285,1783411660.7523243,4.9978633692584234e-05,4.9978633692584234e-05,,,0.5959309935569763,0.5589843988418579,0.3694661557674408,0.5959309935569763,20.785411834716797,6.036630153656006,9.394087791442871,0.22607631981372833,3.231250047683716,4.046875,20.785411834716797,20.785411834716797,,,
3290,1783411661.4311564,4.9978568610354874e-05,4.9978568610354874e-05,,,0.640917956829071,0.603710949420929,0.3720703125,0.640917956829071,20.175113677978516,5.476589679718018,9.383095741271973,0.23025012016296387,3.012500047683716,3.8645834922790527,20.175113677978516,20.175113677978516,,,
3295,1783411662.1142468,4.997850342919775e-05,4.997850342919775e-05,,,0.599316418170929,0.561328113079071,0.3798828125,0.599316418170929,20.319705963134766,5.480656623840332,9.482776641845703,0.22844073176383972,3.215625047683716,3.953125,20.319705963134766,20.319705963134766,,,
3300,1783411662.7912505,4.997843814911315e-05,4.997843814911315e-05,,,0.5405274033546448,0.5064453482627869,0.3408203125,0.5405274033546448,21.31336784362793,6.377926826477051,10.08796501159668,0.22730505466461182,3.299999952316284,3.9791667461395264,21.31336784362793,21.31336784362793,,,
3305,1783411663.4704494,4.997837277010131e-05,4.997837277010131e-05,,,0.532519519329071,0.49531251192092896,0.3720703125,0.532519519329071,21.074649810791016,6.139285564422607,9.641982078552246,0.23009997606277466,3.231250047683716,3.8541667461395264,21.074649810791016,21.074649810791016,,,
3310,1783411664.1487591,4.9978307292162495e-05,4.9978307292162495e-05,,,0.6246093511581421,0.587890625,0.3671875,0.6246093511581421,20.2592716217041,5.654725551605225,9.572994232177734,0.22758926451206207,3.0218751430511475,3.8385417461395264,20.2592716217041,20.2592716217041,,,
3315,1783411664.8289595,4.9978241715296956e-05,4.9978241715296956e-05,,,0.6012369990348816,0.5660156607627869,0.3522135615348816,0.6012369990348816,20.66179847717285,5.880936622619629,10.173307418823242,0.2265159636735916,3.171875,3.984375,20.66179847717285,20.66179847717285,,,
3320,1783411665.5059302,4.997817603950496e-05,4.997817603950496e-05,,,0.5625650882720947,0.528124988079071,0.3444010615348816,0.5625650882720947,20.502094268798828,5.7072577476501465,9.829508781433105,0.22797246277332306,3.1500000953674316,4.03125,20.502094268798828,20.502094268798828,,,
3325,1783411666.1872292,4.997811026478677e-05,4.997811026478677e-05,,,0.5922526121139526,0.5541015863418579,0.3815104365348816,0.5922526121139526,20.260366439819336,5.754340648651123,9.075632095336914,0.2244681417942047,3.109375,3.8802084922790527,20.260366439819336,20.260366439819336,,,
3330,1783411666.8706386,4.997804439114264e-05,4.997804439114264e-05,,,0.5567708611488342,0.5210937857627869,0.3567708432674408,0.5567708611488342,20.712711334228516,5.897765636444092,9.985286712646484,0.22605927288532257,3.246875047683716,3.96875,20.712711334228516,20.712711334228516,,,
3335,1783411667.5520647,4.997797841857283e-05,4.997797841857283e-05,,,0.711132824420929,0.6695312857627869,0.416015625,0.711132824420929,18.78019905090332,4.749927520751953,8.422276496887207,0.22209542989730835,2.815624952316284,3.78125,18.78019905090332,18.78019905090332,,,
3340,1783411668.2360823,4.997791234707761e-05,4.997791234707761e-05,,,0.591503918170929,0.5542969107627869,0.3720703125,0.591503918170929,20.817262649536133,5.857913017272949,9.37775707244873,0.23222708702087402,3.1812500953674316,3.9010417461395264,20.817262649536133,20.817262649536133,,,
3345,1783411668.915702,4.997784617665724e-05,4.997784617665724e-05,,,0.5619140863418579,0.5248047113418579,0.37109375,0.5619140863418579,20.769634246826172,6.036150932312012,9.347297668457031,0.22681258618831635,3.206249952316284,3.859375,20.769634246826172,20.769634246826172,,,
3350,1783411669.595322,4.997777990731199e-05,4.997777990731199e-05,,,0.5867513418197632,0.5511718988418579,0.3557942807674408,0.5867513418197632,21.014408111572266,6.025335788726807,9.787116050720215,0.22983668744564056,3.278125047683716,3.8958334922790527,21.014408111572266,21.014408111572266,,,
3355,1783411670.2725708,4.99777135390421e-05,4.99777135390421e-05,,,0.6272135376930237,0.590624988079071,0.3658854365348816,0.6272135376930237,20.129793167114258,5.506030559539795,9.715066909790039,0.22778162360191345,3.003124952316284,3.9895834922790527,20.129793167114258,20.129793167114258,,,
3360,1783411670.9511456,4.9977647071847844e-05,4.9977647071847844e-05,,,0.6372721195220947,0.599414050579071,0.3785807490348816,0.6372721195220947,20.16311264038086,5.529974460601807,9.283782958984375,0.2294691950082779,2.9937500953674316,3.8489584922790527,20.16311264038086,20.16311264038086,,,
3365,1783411671.630625,4.9977580505729484e-05,4.9977580505729484e-05,,,0.6466146111488342,0.6078125238418579,0.3880208432674408,0.6466146111488342,20.365848541259766,5.6207098960876465,9.745367050170898,0.22858281433582306,3.075000047683716,4.09375,20.365848541259766,20.365848541259766,,,
3370,1783411672.3094983,4.997751384068728e-05,4.997751384068728e-05,,,0.572949230670929,0.5367187857627869,0.3623046875,0.572949230670929,20.735227584838867,5.882898807525635,9.597686767578125,0.228642538189888,3.2093751430511475,3.9427084922790527,20.735227584838867,20.735227584838867,,,
3375,1783411672.9886882,4.9977447076721495e-05,4.9977447076721495e-05,,,0.5563150644302368,0.521289050579071,0.3502604365348816,0.5563150644302368,20.730127334594727,5.872319221496582,9.281967163085938,0.2289450466632843,3.231250047683716,3.9583334922790527,20.730127334594727,20.730127334594727,,,
3380,1783411673.6696005,4.997738021383242e-05,4.997738021383242e-05,,,0.6194010376930237,0.5810546875,0.3834635615348816,0.6194010376930237,20.142024993896484,5.346945762634277,8.70888900756836,0.23191487789154053,3.1031250953674316,3.8489584922790527,20.142024993896484,20.142024993896484,,,
3385,1783411674.3505223,4.99773132520203e-05,4.99773132520203e-05,,,0.6646484732627869,0.6275390982627869,0.37109375,0.6646484732627869,19.90394401550293,5.358696460723877,9.06083869934082,0.2253378927707672,3.125,3.7395834922790527,19.90394401550293,19.90394401550293,,,
3390,1783411675.027991,4.99772461912854e-05,4.99772461912854e-05,,,0.6055664420127869,0.5677734613418579,0.3779296875,0.6055664420127869,20.338512420654297,5.605414867401123,8.882660865783691,0.22863516211509705,3.171875,3.84375,20.338512420654297,20.338512420654297,,,
3395,1783411675.7067473,4.997717903162799e-05,4.997717903162799e-05,,,0.6041015982627869,0.5677734613418579,0.36328125,0.6041015982627869,20.40856170654297,5.752581596374512,9.337335586547852,0.22800591588020325,3.065624952316284,3.9635417461395264,20.40856170654297,20.40856170654297,,,
3400,1783411676.3833184,4.997711177304831e-05,4.997711177304831e-05,,,0.5616862177848816,0.525390625,0.3629557490348816,0.5616862177848816,21.03893280029297,6.130248069763184,9.843082427978516,0.22885189950466156,3.234375,3.9166667461395264,21.03893280029297,21.03893280029297,,,
3405,1783411677.063135,4.9977044415546666e-05,4.9977044415546666e-05,,,0.6040364503860474,0.5673828125,0.3665364682674408,0.6040364503860474,20.42738914489746,5.847651958465576,9.679815292358398,0.22519180178642273,3.0843751430511475,3.9375,20.42738914489746,20.42738914489746,,,
3410,1783411677.7400084,4.99769769591233e-05,4.99769769591233e-05,,,0.6141601204872131,0.574999988079071,0.3916015625,0.6141601204872131,20.04696273803711,5.486663341522217,9.36083984375,0.22712378203868866,3.018749952316284,3.8489584922790527,20.04696273803711,20.04696273803711,,,
3415,1783411678.4178915,4.997690940377848e-05,4.997690940377848e-05,,,0.5707030892372131,0.533984363079071,0.3671875,0.5707030892372131,20.830963134765625,5.967715740203857,9.295845985412598,0.22758834064006805,3.3062500953674316,3.859375,20.830963134765625,20.830963134765625,,,
3420,1783411679.099187,4.997684174951249e-05,4.997684174951249e-05,,,0.5688802003860474,0.5322265625,0.3665364682674408,0.5688802003860474,20.377073287963867,5.617186069488525,9.994647979736328,0.22752328217029572,3.121875047683716,4.0,20.377073287963867,20.377073287963867,,,
3425,1783411679.7808259,4.997677399632558e-05,4.997677399632558e-05,,,0.6330729722976685,0.5951172113418579,0.3795573115348816,0.6330729722976685,20.257959365844727,5.637662410736084,9.286956787109375,0.22610965371131897,3.128124952316284,3.8854167461395264,20.257959365844727,20.257959365844727,,,
3430,1783411680.4596467,4.9976706144218034e-05,4.9976706144218034e-05,,,0.57568359375,0.541015625,0.3466796875,0.57568359375,21.247936248779297,6.253537654876709,9.921764373779297,0.22879940271377563,3.3125,3.9375,21.247936248779297,21.247936248779297,,,
3435,1783411681.138155,4.99766381931901e-05,4.99766381931901e-05,,,0.605273425579071,0.566601574420929,0.38671875,0.605273425579071,20.06116485595703,5.527641296386719,9.16983413696289,0.22714997828006744,3.0093750953674316,3.8541667461395264,20.06116485595703,20.06116485595703,,,
3440,1783411681.819469,4.997657014324208e-05,4.997657014324208e-05,,,0.6323568224906921,0.5923828482627869,0.3997395932674408,0.6323568224906921,19.685264587402344,5.301506996154785,8.791297912597656,0.22521857917308807,2.9906251430511475,3.7916667461395264,19.685264587402344,19.685264587402344,,,
3445,1783411682.499503,4.9976501994374214e-05,4.9976501994374214e-05,,,0.57080078125,0.532421886920929,0.3837890625,0.57080078125,20.66617774963379,5.9177374839782715,9.51574420928955,0.22765026986598969,3.15625,3.9635417461395264,20.66617774963379,20.66617774963379,,,
3450,1783411683.1814423,4.997643374658677e-05,4.997643374658677e-05,,,0.6252278685569763,0.588671863079071,0.3655599057674408,0.6252278685569763,20.501523971557617,5.753157615661621,9.17734432220459,0.22785663604736328,3.1875,3.8958334922790527,20.501523971557617,20.501523971557617,,,
3455,1783411683.8624434,4.9976365399880035e-05,4.9976365399880035e-05,,,0.579394519329071,0.542187511920929,0.3720703125,0.579394519329071,20.686126708984375,5.976744174957275,9.414033889770508,0.22820045053958893,3.112499952316284,3.8645834922790527,20.686126708984375,20.686126708984375,,,
3460,1783411684.5448225,4.9976296954254274e-05,4.9976296954254274e-05,,,0.5801758170127869,0.5445312857627869,0.3564453125,0.5801758170127869,21.154129028320312,6.253118515014648,9.861705780029297,0.22720475494861603,3.293750047683716,3.96875,21.154129028320312,21.154129028320312,,,
3465,1783411685.2257562,4.9976228409709756e-05,4.9976228409709756e-05,,,0.632519543170929,0.594921886920929,0.3759765625,0.632519543170929,19.904029846191406,5.560637474060059,8.872376441955566,0.22311127185821533,3.0218751430511475,3.9427084922790527,19.904029846191406,19.904029846191406,,,
3470,1783411685.9077985,4.9976159766246765e-05,4.9976159766246765e-05,,,0.6358724236488342,0.596875011920929,0.3899739682674408,0.6358724236488342,20.01049041748047,5.482224941253662,8.722235679626465,0.22599075734615326,3.09375,3.9270834922790527,20.01049041748047,20.01049041748047,,,
3475,1783411686.588737,4.997609102386555e-05,4.997609102386555e-05,,,0.6310872435569763,0.594921886920929,0.3616536557674408,0.6310872435569763,20.274009704589844,5.619124889373779,9.739723205566406,0.22626565396785736,3.112499952316284,3.8645834922790527,20.274009704589844,20.274009704589844,,,
3480,1783411687.2680578,4.997602218256641e-05,4.997602218256641e-05,,,0.6534504890441895,0.616015613079071,0.3743489682674408,0.6534504890441895,19.701284408569336,5.364536285400391,8.626582145690918,0.22105616331100464,3.137500047683716,3.890625,19.701284408569336,19.701284408569336,,,
3485,1783411687.9528708,4.9975953242349606e-05,4.9975953242349606e-05,,,0.5908528566360474,0.551953136920929,0.3889974057674408,0.5908528566360474,20.468799591064453,5.789296627044678,9.125120162963867,0.22971782088279724,3.0531251430511475,3.765625,20.468799591064453,20.468799591064453,,,
3490,1783411688.634206,4.99758842032154e-05,4.99758842032154e-05,,,0.6142578125,0.578125,0.361328125,0.6142578125,20.6920166015625,6.080801486968994,9.951501846313477,0.22370187938213348,3.153125047683716,3.9635417461395264,20.6920166015625,20.6920166015625,,,
3495,1783411689.316554,4.9975815065164065e-05,4.9975815065164065e-05,,,0.7137695550918579,0.671875,0.4189453125,0.7137695550918579,19.272350311279297,4.919009208679199,8.378133773803711,0.22820383310317993,2.875,3.7135417461395264,19.272350311279297,19.272350311279297,,,
3500,1783411689.9940805,4.9975745828195896e-05,4.9975745828195896e-05,,,0.6719726324081421,0.634765625,0.3720703125,0.6719726324081421,20.039363861083984,5.5579352378845215,8.953191757202148,0.2261727899312973,3.0218751430511475,3.8645834922790527,20.039363861083984,20.039363861083984,,,
3505,1783411690.669565,4.9975676492311145e-05,4.9975676492311145e-05,,,0.6317057013511658,0.595507800579071,0.3619791865348816,0.6317057013511658,20.289283752441406,5.635165691375732,9.461816787719727,0.22577820718288422,3.15625,3.9166667461395264,20.289283752441406,20.289283752441406,,,
3510,1783411691.3316934,4.997560705751011e-05,4.997560705751011e-05,,,0.6283203363418579,0.591015636920929,0.373046875,0.6283203363418579,19.909215927124023,5.309206008911133,9.227986335754395,0.22732920944690704,3.0375001430511475,4.098958492279053,19.909215927124023,19.909215927124023,,,
3510,1783411691.7372985,,,,,,,,,,,,,,,,,9.955974693298339,0.22124388188123703,9.955974693298339
3510,1783411693.1432605,,,1401.8869839999297,690.2098035812378,,,,,,,,,,,,,,,
3510,1783411694.7002716,,,1552.9663229999642,690.2098035812378,,,,,,,,,,,,,,,
3515,1783411695.5170622,4.997553752379304e-05,4.997553752379304e-05,,,0.6455078125,0.610156238079071,0.353515625,0.6455078125,20.42780303955078,5.768466472625732,9.88835620880127,0.223383828997612,3.2281250953674316,3.9010417461395264,20.42780303955078,20.42780303955078,,,
3520,1783411696.2021422,4.997546789116024e-05,4.997546789116024e-05,,,0.6571289300918579,0.6195312738418579,0.3759765625,0.6571289300918579,20.11166763305664,5.481536388397217,9.166046142578125,0.22949038445949554,3.0,3.8645834922790527,20.11166763305664,20.11166763305664,,,
3525,1783411696.8861635,4.997539815961196e-05,4.997539815961196e-05,,,0.6205078363418579,0.5804687738418579,0.400390625,0.6205078363418579,20.326732635498047,5.711120128631592,9.289909362792969,0.22599899768829346,3.121875047683716,3.9479167461395264,20.326732635498047,20.326732635498047,,,
3530,1783411697.5715318,4.997532832914847e-05,4.997532832914847e-05,,,0.671191394329071,0.632617175579071,0.3857421875,0.671191394329071,20.562936782836914,5.821071624755859,9.926061630249023,0.22656917572021484,3.1468751430511475,4.067708492279053,20.562936782836914,20.562936782836914,,,
3535,1783411698.2522075,4.9975258399770075e-05,4.9975258399770075e-05,,,0.6041666865348816,0.56640625,0.3776041865348816,0.6041666865348816,20.37970733642578,5.744758605957031,9.841388702392578,0.2249138355255127,3.1343750953674316,3.953125,20.37970733642578,20.37970733642578,,,
3540,1783411698.9338121,4.997518837147703e-05,4.997518837147703e-05,,,0.6449544429779053,0.6083984375,0.3655599057674408,0.6449544429779053,20.2476749420166,5.6408281326293945,9.799421310424805,0.22532008588314056,3.081249952316284,4.0625,20.2476749420166,20.2476749420166,,,
3545,1783411699.6171386,4.997511824426963e-05,4.997511824426963e-05,,,0.5848307609558105,0.547070324420929,0.3776041865348816,0.5848307609558105,20.319194793701172,5.664391994476318,8.806602478027344,0.22691380977630615,3.1812500953674316,3.8177084922790527,20.319194793701172,20.319194793701172,,,
3550,1783411700.2974856,4.9975048018148135e-05,4.9975048018148135e-05,,,0.6839843988418579,0.6429687738418579,0.41015625,0.6839843988418579,19.623016357421875,5.219350337982178,8.785017013549805,0.22590641677379608,2.981250047683716,3.78125,19.623016357421875,19.623016357421875,,,
3555,1783411700.981734,4.997497769311285e-05,4.997497769311285e-05,,,0.5994466543197632,0.561718761920929,0.3772786557674408,0.5994466543197632,20.37356185913086,5.706045627593994,9.364919662475586,0.22815467417240143,3.0687501430511475,3.953125,20.37356185913086,20.37356185913086,,,
3560,1783411701.6652408,4.997490726916402e-05,4.997490726916402e-05,,,0.630859375,0.591992199420929,0.388671875,0.630859375,19.849454879760742,5.389317989349365,9.506492614746094,0.2239723950624466,3.034374952316284,3.9635417461395264,19.849454879760742,19.849454879760742,,,
3565,1783411702.3455975,4.997483674630193e-05,4.997483674630193e-05,,,0.6687825918197632,0.6263672113418579,0.4241536557674408,0.6687825918197632,19.179428100585938,4.966323375701904,8.516517639160156,0.22334475815296173,2.9375,3.734375,19.179428100585938,19.179428100585938,,,
3570,1783411703.0284836,4.997476612452687e-05,4.997476612452687e-05,,,0.586621105670929,0.550585925579071,0.3603515625,0.586621105670929,20.627519607543945,5.797642707824707,9.31440258026123,0.22935181856155396,3.184375047683716,3.9322917461395264,20.627519607543945,20.627519607543945,,,
3575,1783411703.706817,4.9974695403839127e-05,4.9974695403839127e-05,,,0.6220052242279053,0.585156261920929,0.3684895932674408,0.6220052242279053,19.970001220703125,5.538745403289795,9.305706024169922,0.22392724454402924,3.043750047683716,3.8020834922790527,19.970001220703125,19.970001220703125,,,
3580,1783411704.3908918,4.9974624584238976e-05,4.9974624584238976e-05,,,0.5917643308639526,0.552929699420929,0.3883463740348816,0.5917643308639526,20.334718704223633,5.631917476654053,8.960538864135742,0.227094367146492,3.2125000953674316,3.75,20.334718704223633,20.334718704223633,,,
3585,1783411705.0732307,4.997455366572668e-05,4.997455366572668e-05,,,0.6166666746139526,0.577343761920929,0.3932291865348816,0.6166666746139526,20.26441192626953,5.711888790130615,8.934473991394043,0.2252826988697052,3.143749952316284,3.7760417461395264,20.26441192626953,20.26441192626953,,,
3590,1783411705.755518,4.997448264830254e-05,4.997448264830254e-05,,,0.6483724117279053,0.6099609732627869,0.3841145932674408,0.6483724117279053,19.782978057861328,5.380056381225586,8.73967456817627,0.2251110076904297,3.018749952316284,3.8020834922790527,19.782978057861328,19.782978057861328,,,
3595,1783411706.4366808,4.9974411531966836e-05,4.9974411531966836e-05,,,0.6253906488418579,0.5875000357627869,0.37890625,0.6253906488418579,21.05032730102539,6.2329325675964355,9.448982238769531,0.2276526838541031,3.2437500953674316,3.84375,21.05032730102539,21.05032730102539,,,
3600,1783411707.1181004,4.997434031671984e-05,4.997434031671984e-05,,,0.649609386920929,0.6087890863418579,0.408203125,0.649609386920929,19.599170684814453,5.3032402992248535,8.482789993286133,0.22358205914497375,3.0218751430511475,3.6458334922790527,19.599170684814453,19.599170684814453,,,
3605,1783411707.8039992,4.997426900256184e-05,4.997426900256184e-05,,,0.5426432490348816,0.5074219107627869,0.3522135615348816,0.5426432490348816,21.5057373046875,6.39160680770874,10.246752738952637,0.23092307150363922,3.299999952316284,3.9791667461395264,21.5057373046875,21.5057373046875,,,
3610,1783411708.48258,4.997419758949313e-05,4.997419758949313e-05,,,0.548828125,0.5130859613418579,0.357421875,0.548828125,20.776363372802734,5.985396862030029,9.551092147827148,0.2270815074443817,3.21875,3.984375,20.776363372802734,20.776363372802734,,,
3615,1783411709.166662,4.9974126077513954e-05,4.9974126077513954e-05,,,0.6292968988418579,0.5902343988418579,0.390625,0.6292968988418579,20.159812927246094,5.5624823570251465,9.808465957641602,0.22332929074764252,3.174999952316284,3.9166667461395264,20.159812927246094,20.159812927246094,,,
3620,1783411709.8530123,4.997405446662464e-05,4.997405446662464e-05,,,0.5935872197151184,0.555468738079071,0.3811849057674408,0.5935872197151184,20.561199188232422,5.904298305511475,9.01563835144043,0.22635702788829803,3.1875,3.8177084922790527,20.561199188232422,20.561199188232422,,,
3625,1783411710.536543,4.997398275682544e-05,4.997398275682544e-05,,,0.5956054329872131,0.559374988079071,0.3623046875,0.5956054329872131,21.109477996826172,6.158257007598877,10.422835350036621,0.22724726796150208,3.293750047683716,3.890625,21.109477996826172,21.109477996826172,,,
3630,1783411711.2216544,4.997391094811666e-05,4.997391094811666e-05,,,0.6575846672058105,0.619335949420929,0.3824869990348816,0.6575846672058105,20.259876251220703,5.671320915222168,9.296895027160645,0.22768546640872955,3.03125,3.8177084922790527,20.259876251220703,20.259876251220703,,,
3635,1783411711.9005315,4.9973839040498555e-05,4.9973839040498555e-05,,,0.5839192867279053,0.548046886920929,0.3587239682674408,0.5839192867279053,21.04005241394043,6.0427021980285645,10.0067138671875,0.22931277751922607,3.28125,3.9635417461395264,21.04005241394043,21.04005241394043,,,
3640,1783411712.5820475,4.997376703397145e-05,4.997376703397145e-05,,,0.6534505486488342,0.6136718988418579,0.3977864682674408,0.6534505486488342,20.307090759277344,5.624161243438721,9.076473236083984,0.22940444946289062,3.0687501430511475,3.8333334922790527,20.307090759277344,20.307090759277344,,,
3645,1783411713.2644846,4.997369492853559e-05,4.997369492853559e-05,,,0.6347005367279053,0.594921886920929,0.3977864682674408,0.6347005367279053,20.313526153564453,5.727540016174316,9.581671714782715,0.22624318301677704,3.0718750953674316,3.75,20.313526153564453,20.313526153564453,,,
3650,1783411713.94505,4.997362272419129e-05,4.997362272419129e-05,,,0.5506835579872131,0.513476550579071,0.3720703125,0.5506835579872131,20.9945068359375,6.169444561004639,9.831541061401367,0.22545672953128815,3.309375047683716,3.8697917461395264,20.9945068359375,20.9945068359375,,,
3655,1783411714.6275806,4.997355042093884e-05,4.997355042093884e-05,,,0.6262695789337158,0.5892578363418579,0.3701171875,0.6262695789337158,20.20423126220703,5.535472393035889,8.999970436096191,0.22783593833446503,3.112499952316284,4.036458492279053,20.20423126220703,20.20423126220703,,,
3660,1783411715.3109906,4.9973478018778495e-05,4.9973478018778495e-05,,,0.6401041746139526,0.6021484732627869,0.3795573115348816,0.6401041746139526,20.386871337890625,5.612023830413818,9.055012702941895,0.22951558232307434,3.1468751430511475,3.9427084922790527,20.386871337890625,20.386871337890625,,,
3665,1783411715.991037,4.997340551771056e-05,4.997340551771056e-05,,,0.6500000357627869,0.6119140982627869,0.380859375,0.6500000357627869,19.453655242919922,5.215480327606201,8.917424201965332,0.22354339063167572,2.9125001430511475,3.7447917461395264,19.453655242919922,19.453655242919922,,,
3670,1783411716.6726558,4.997333291773534e-05,4.997333291773534e-05,,,0.6255534291267395,0.5884765982627869,0.3707682490348816,0.6255534291267395,20.292407989501953,5.49566125869751,9.803229331970215,0.22630247473716736,3.246875047683716,3.859375,20.292407989501953,20.292407989501953,,,
3675,1783411717.3543122,4.997326021885309e-05,4.997326021885309e-05,,,0.5493489503860474,0.5126953125,0.3665364682674408,0.5493489503860474,20.963970184326172,6.221075534820557,9.559137344360352,0.22423617541790009,3.309375047683716,3.8697917461395264,20.963970184326172,20.963970184326172,,,
3680,1783411718.0382667,4.997318742106412e-05,4.997318742106412e-05,,,0.633984386920929,0.5953125357627869,0.38671875,0.633984386920929,20.106689453125,5.565379619598389,8.764396667480469,0.2281545251607895,3.015625,3.8229167461395264,20.106689453125,20.106689453125,,,
3685,1783411718.7201564,4.997311452436871e-05,4.997311452436871e-05,,,0.6156575679779053,0.577343761920929,0.3831380307674408,0.6156575679779053,19.741514205932617,5.3393425941467285,9.207736015319824,0.22325560450553894,3.0531251430511475,3.8177084922790527,19.741514205932617,19.741514205932617,,,
3690,1783411719.4006035,4.997304152876715e-05,4.997304152876715e-05,,,0.5783529281616211,0.5445312857627869,0.3382161557674408,0.5783529281616211,20.825511932373047,5.909226894378662,9.902582168579102,0.2288191318511963,3.231250047683716,3.9791667461395264,20.825511932373047,20.825511932373047,,,
3695,1783411720.082968,4.9972968434259714e-05,4.9972968434259714e-05,,,0.5832357406616211,0.5455078482627869,0.3772786557674408,0.5832357406616211,20.707565307617188,5.999080657958984,9.470245361328125,0.2259143739938736,3.203125,3.921875,20.707565307617188,20.707565307617188,,,
3700,1783411720.7661839,4.997289524084672e-05,4.997289524084672e-05,,,0.632617175579071,0.592578113079071,0.400390625,0.632617175579071,20.03260612487793,5.554986000061035,8.907576560974121,0.22389787435531616,3.1343750953674316,3.7708334922790527,20.03260612487793,20.03260612487793,,,
3705,1783411721.4496295,4.997282194852844e-05,4.997282194852844e-05,,,0.5351887941360474,0.500781238079071,0.3440755307674408,0.5351887941360474,21.149274826049805,6.240468502044678,9.6155424118042,0.22886252403259277,3.2562501430511475,3.921875,21.149274826049805,21.149274826049805,,,
3710,1783411722.1290424,4.997274855730517e-05,4.997274855730517e-05,,,0.5694010853767395,0.5318359732627869,0.3756510615348816,0.5694010853767395,20.621055603027344,6.035368919372559,8.853083610534668,0.2242792546749115,3.2281250953674316,3.796875,20.621055603027344,20.621055603027344,,,
3715,1783411722.8080559,4.997267506717721e-05,4.997267506717721e-05,,,0.7317708730697632,0.6917968988418579,0.3997395932674408,0.7317708730697632,19.266376495361328,5.0687255859375,8.442148208618164,0.22222913801670074,2.9781250953674316,3.75,19.266376495361328,19.266376495361328,,,
3720,1783411723.4909177,4.997260147814483e-05,4.997260147814483e-05,,,0.5395833849906921,0.5033203363418579,0.3626302182674408,0.5395833849906921,20.751850128173828,5.902819633483887,9.799999237060547,0.22765669226646423,3.237499952316284,3.8697917461395264,20.751850128173828,20.751850128173828,,,
3725,1783411724.1716654,4.997252779020832e-05,4.997252779020832e-05,,,0.580859363079071,0.5439453125,0.369140625,0.580859363079071,20.470260620117188,5.827677249908447,9.1778564453125,0.22536589205265045,3.206249952316284,3.7708334922790527,20.470260620117188,20.470260620117188,,,
3730,1783411724.8560731,4.997245400336799e-05,4.997245400336799e-05,,,0.7121419310569763,0.6712890863418579,0.4085286557674408,0.7121419310569763,19.528337478637695,5.262752056121826,8.992707252502441,0.22244587540626526,2.9781250953674316,3.78125,19.528337478637695,19.528337478637695,,,
3735,1783411725.5360284,4.997238011762412e-05,4.997238011762412e-05,,,0.4917968809604645,0.4574218690395355,0.34375,0.4917968809604645,21.754060745239258,6.622994422912598,9.805244445800781,0.2300351858139038,3.403125047683716,3.9583334922790527,21.754060745239258,21.754060745239258,,,
3740,1783411726.2148876,4.9972306132977e-05,4.9972306132977e-05,,,0.5081380009651184,0.4701171815395355,0.3802083432674408,0.5081380009651184,21.133127212524414,6.2800612449646,9.690750122070312,0.22845210134983063,3.215625047683716,3.8802084922790527,21.133127212524414,21.133127212524414,,,
3745,1783411726.8959239,4.997223204942694e-05,4.997223204942694e-05,,,0.5582357048988342,0.5224609375,0.3577474057674408,0.5582357048988342,20.998058319091797,6.038262844085693,9.668449401855469,0.22993594408035278,3.253124952316284,3.9270834922790527,20.998058319091797,20.998058319091797,,,
3750,1783411727.5724435,4.9972157866974235e-05,4.9972157866974235e-05,,,0.6156575679779053,0.5791015625,0.3655599057674408,0.6156575679779053,20.71991729736328,5.942934989929199,10.3568115234375,0.22623035311698914,3.15625,4.046875,20.71991729736328,20.71991729736328,,,
3755,1783411728.251302,4.997208358561917e-05,4.997208358561917e-05,,,0.6087565422058105,0.5728515982627869,0.3590494990348816,0.6087565422058105,20.73031234741211,6.068080425262451,9.782625198364258,0.22633352875709534,3.1000001430511475,3.9895834922790527,20.73031234741211,20.73031234741211,,,
3760,1783411728.9299405,4.997200920536203e-05,4.997200920536203e-05,,,0.627246081829071,0.588671863079071,0.3857421875,0.627246081829071,20.689485549926758,5.942132472991943,9.777052879333496,0.22786717116832733,3.125,3.90625,20.689485549926758,20.689485549926758,,,
3765,1783411729.6069996,4.9971934726203116e-05,4.9971934726203116e-05,,,0.617871105670929,0.5816406607627869,0.3623046875,0.617871105670929,20.390132904052734,5.7770233154296875,9.406523704528809,0.22635553777217865,3.09375,3.9270834922790527,20.390132904052734,20.390132904052734,,,
3770,1783411730.2877383,4.997186014814272e-05,4.997186014814272e-05,,,0.7151041626930237,0.675000011920929,0.4010416865348816,0.7151041626930237,19.84096908569336,5.466667175292969,9.617341995239258,0.22477003931999207,2.9125001430511475,3.8541667461395264,19.84096908569336,19.84096908569336,,,
3775,1783411730.969778,4.997178547118115e-05,4.997178547118115e-05,,,0.6345052123069763,0.594921886920929,0.3958333432674408,0.6345052123069763,20.26458740234375,5.713342666625977,9.175590515136719,0.22503100335597992,3.121875047683716,3.8541667461395264,20.26458740234375,20.26458740234375,,,
3780,1783411731.6481066,4.9971710695318696e-05,4.9971710695318696e-05,,,0.571484386920929,0.532421886920929,0.390625,0.571484386920929,20.214818954467773,5.653306484222412,9.2758150100708,0.225638285279274,3.09375,3.8645834922790527,20.214818954467773,20.214818954467773,,,
3785,1783411732.3284798,4.997163582055564e-05,4.997163582055564e-05,,,0.6138020753860474,0.5771484375,0.3665364682674408,0.6138020753860474,20.493471145629883,5.828743934631348,9.865832328796387,0.2248152494430542,3.1656250953674316,3.9583334922790527,20.493471145629883,20.493471145629883,,,
3790,1783411733.00855,4.997156084689229e-05,4.997156084689229e-05,,,0.5941731929779053,0.5570312738418579,0.3714192807674408,0.5941731929779053,20.02611541748047,5.50822639465332,9.036699295043945,0.22585996985435486,3.059375047683716,3.9114584922790527,20.02611541748047,20.02611541748047,,,
3795,1783411733.688448,4.997148577432895e-05,4.997148577432895e-05,,,0.657421886920929,0.619140625,0.3828125,0.657421886920929,20.017593383789062,5.489455699920654,9.183412551879883,0.22646771371364594,3.0375001430511475,3.8125,20.017593383789062,20.017593383789062,,,
3800,1783411734.3664114,4.997141060286591e-05,4.997141060286591e-05,,,0.6086914539337158,0.5716797113418579,0.3701171875,0.6086914539337158,20.307064056396484,5.672852993011475,9.77025032043457,0.22557635605335236,3.121875047683716,3.84375,20.307064056396484,20.307064056396484,,,
3805,1783411735.0435045,4.997133533250346e-05,4.997133533250346e-05,,,0.6835286617279053,0.6451172232627869,0.3841145932674408,0.6835286617279053,19.87485122680664,5.400215148925781,9.612194061279297,0.22267082333564758,3.1000001430511475,3.9322917461395264,19.87485122680664,19.87485122680664,,,
3810,1783411735.7234461,4.99712599632419e-05,4.99712599632419e-05,,,0.6399414539337158,0.6021484732627869,0.3779296875,0.6399414539337158,19.947372436523438,5.616402626037598,9.332568168640137,0.22340981662273407,2.953125,3.9114584922790527,19.947372436523438,19.947372436523438,,,
3815,1783411736.4012575,4.997118449508153e-05,4.997118449508153e-05,,,0.65185546875,0.6136718988418579,0.3818359375,0.65185546875,19.71477699279785,5.317120552062988,8.6773099899292,0.2247738093137741,3.03125,3.8385417461395264,19.71477699279785,19.71477699279785,,,
3820,1783411737.0811253,4.997110892802266e-05,4.997110892802266e-05,,,0.5800130367279053,0.5443359613418579,0.3567708432674408,0.5800130367279053,20.424943923950195,5.799731731414795,9.654156684875488,0.22468528151512146,3.159374952316284,3.8958334922790527,20.424943923950195,20.424943923950195,,,
3825,1783411737.763649,4.9971033262065594e-05,4.9971033262065594e-05,,,0.6786458492279053,0.6410156488418579,0.3763020932674408,0.6786458492279053,19.67343521118164,5.355040073394775,8.897235870361328,0.22434085607528687,2.9375,3.9583334922790527,19.67343521118164,19.67343521118164,,,
3830,1783411738.4445467,4.997095749721062e-05,4.997095749721062e-05,,,0.6441080570220947,0.605664074420929,0.3844401240348816,0.6441080570220947,19.8415470123291,5.3286309242248535,9.096549987792969,0.22456321120262146,3.1000001430511475,3.9791667461395264,19.8415470123291,19.8415470123291,,,
3835,1783411739.1210449,4.997088163345802e-05,4.997088163345802e-05,,,0.6155599355697632,0.5767578482627869,0.3880208432674408,0.6155599355697632,20.262672424316406,5.617961406707764,9.030768394470215,0.227059468626976,3.137500047683716,3.8645834922790527,20.262672424316406,20.262672424316406,,,
3840,1783411739.8024862,4.997080567080813e-05,4.997080567080813e-05,,,0.6259440183639526,0.5875000357627869,0.3844401240348816,0.6259440183639526,20.416091918945312,5.727301120758057,9.163148880004883,0.22813832759857178,3.1187500953674316,3.875,20.416091918945312,20.416091918945312,,,
3845,1783411740.4850397,4.997072960926123e-05,4.997072960926123e-05,,,0.6287435293197632,0.5914062857627869,0.3733724057674408,0.6287435293197632,20.080307006835938,5.554542541503906,9.722128868103027,0.22400255501270294,3.0875000953674316,3.859375,20.080307006835938,20.080307006835938,,,
3850,1783411741.1701212,4.9970653448817616e-05,4.9970653448817616e-05,,,0.5506510138511658,0.514453113079071,0.3619791865348816,0.5506510138511658,20.240276336669922,5.560293674468994,9.00770378112793,0.22735057771205902,3.168750047683716,3.796875,20.240276336669922,20.240276336669922,,,
3855,1783411741.8548908,4.9970577189477594e-05,4.9970577189477594e-05,,,0.5153971314430237,0.47968751192092896,0.3570963740348816,0.5153971314430237,21.669384002685547,6.609711647033691,10.083621978759766,0.2280730903148651,3.387500047683716,4.005208492279053,21.669384002685547,21.669384002685547,,,
3860,1783411742.5370307,4.997050083124148e-05,4.997050083124148e-05,,,0.7088215947151184,0.668749988079071,0.4007161557674408,0.7088215947151184,19.762596130371094,5.3661322593688965,9.31778335571289,0.2244003862142563,2.981250047683716,3.8541667461395264,19.762596130371094,19.762596130371094,,,
3865,1783411743.2219458,4.997042437410957e-05,4.997042437410957e-05,,,0.6098958253860474,0.572265625,0.3763020932674408,0.6098958253860474,20.25284767150879,5.499955177307129,9.226539611816406,0.22939880192279816,3.112499952316284,3.9479167461395264,20.25284767150879,20.25284767150879,,,
3870,1783411743.9032173,4.9970347818082154e-05,4.9970347818082154e-05,,,0.6104166507720947,0.574023425579071,0.3639323115348816,0.6104166507720947,20.66136932373047,5.814980506896973,9.978221893310547,0.22763018310070038,3.2093751430511475,3.9583334922790527,20.66136932373047,20.66136932373047,,,
3875,1783411744.585457,4.997027116315955e-05,4.997027116315955e-05,,,0.634472668170929,0.5923828482627869,0.4208984375,0.634472668170929,20.098445892333984,5.6198859214782715,9.152162551879883,0.22371086478233337,3.112499952316284,3.8385417461395264,20.098445892333984,20.098445892333984,,,
3880,1783411745.2679493,4.997019440934204e-05,4.997019440934204e-05,,,0.6263671517372131,0.588671863079071,0.376953125,0.6263671517372131,20.486831665039062,5.856849670410156,9.717061996459961,0.22380657494068146,3.206249952316284,3.8072917461395264,20.486831665039062,20.486831665039062,,,
3885,1783411745.9473543,4.997011755662997e-05,4.997011755662997e-05,,,0.62646484375,0.58984375,0.3662109375,0.62646484375,20.504104614257812,5.747125148773193,9.19092082977295,0.22695304453372955,3.2437500953674316,3.8125,20.504104614257812,20.504104614257812,,,
3890,1783411746.6241558,4.997004060502362e-05,4.997004060502362e-05,,,0.6477214097976685,0.6078125238418579,0.3990885615348816,0.6477214097976685,19.852802276611328,5.360656261444092,9.041339874267578,0.22712945938110352,2.981250047683716,3.859375,19.852802276611328,19.852802276611328,,,
3895,1783411747.3000116,4.996996355452328e-05,4.996996355452328e-05,,,0.7477213144302368,0.705859363079071,0.4186198115348816,0.7477213144302368,18.677490234375,4.858443737030029,8.373388290405273,0.21648009121418,2.862499952316284,3.7760417461395264,18.677490234375,18.677490234375,,,
3900,1783411747.9624956,4.996988640512927e-05,4.996988640512927e-05,,,0.7016276121139526,0.6626953482627869,0.3893229365348816,0.7016276121139526,20.012020111083984,5.288167476654053,9.341716766357422,0.2311827391386032,2.9750001430511475,4.114583492279053,20.012020111083984,20.012020111083984,,,
3900,1783411748.3724866,,,,,,,,,,,,,,,,,9.841521854400634,0.2187004853785038,9.841521854400634
3900,1783411749.7694552,,,1392.152507999981,690.2098035812378,,,,,,,,,,,,,,,
3900,1783411751.2014947,,,1427.3716600000625,690.2098035812378,,,,,,,,,,,,,,,
3905,1783411751.9966702,4.996980915684191e-05,4.996980915684191e-05,,,0.5823567509651184,0.546875,0.3548177182674408,0.5823567509651184,20.374713897705078,5.465247631072998,9.49718952178955,0.22895506024360657,3.2593750953674316,3.9739584922790527,20.374713897705078,20.374713897705078,,,
3910,1783411752.679966,4.996973180966147e-05,4.996973180966147e-05,,,0.5872721672058105,0.549023449420929,0.3824869990348816,0.5872721672058105,20.329132080078125,5.811593532562256,8.782877922058105,0.22618474066257477,3.0875000953674316,3.734375,20.329132080078125,20.329132080078125,,,
3915,1783411753.362556,4.996965436358829e-05,4.996965436358829e-05,,,0.6826497316360474,0.644335925579071,0.3831380307674408,0.6826497316360474,19.29010581970215,4.982376575469971,8.492236137390137,0.22456401586532593,2.971874952316284,3.8125,19.29010581970215,19.29010581970215,,,
3920,1783411754.0492566,4.996957681862265e-05,4.996957681862265e-05,,,0.6793619394302368,0.637499988079071,0.4186198115348816,0.6793619394302368,19.77773666381836,5.335707664489746,8.653783798217773,0.22362466156482697,3.1312501430511475,3.8229167461395264,19.77773666381836,19.77773666381836,,,
3925,1783411754.7397373,4.996949917476487e-05,4.996949917476487e-05,,,0.6336914300918579,0.5966796875,0.3701171875,0.6336914300918579,20.208919525146484,5.623321056365967,9.647518157958984,0.22401651740074158,3.140625,3.9947917461395264,20.208919525146484,20.208919525146484,,,
3930,1783411755.4187644,4.9969421432015264e-05,4.9969421432015264e-05,,,0.5827473998069763,0.546093761920929,0.3665364682674408,0.5827473998069763,20.807952880859375,6.129790782928467,9.063849449157715,0.22586590051651,3.231250047683716,3.765625,20.807952880859375,20.807952880859375,,,
3935,1783411756.1015155,4.9969343590374145e-05,4.9969343590374145e-05,,,0.5938476324081421,0.557421863079071,0.3642578125,0.5938476324081421,20.660903930664062,5.9099555015563965,10.368234634399414,0.22311481833457947,3.28125,3.9270834922790527,20.660903930664062,20.660903930664062,,,
3940,1783411756.787638,4.996926564984181e-05,4.996926564984181e-05,,,0.5957682132720947,0.560546875,0.3522135615348816,0.5957682132720947,20.57297134399414,5.935962200164795,9.879940032958984,0.22336933016777039,3.190624952316284,4.067708492279053,20.57297134399414,20.57297134399414,,,
3945,1783411757.4647624,4.9969187610418556e-05,4.9969187610418556e-05,,,0.6074544191360474,0.5703125,0.3714192807674408,0.6074544191360474,20.230344772338867,5.800448894500732,10.016214370727539,0.22032740712165833,3.1156251430511475,3.9791667461395264,20.230344772338867,20.230344772338867,,,
3950,1783411758.1484718,4.9969109472104696e-05,4.9969109472104696e-05,,,0.6542643308639526,0.615039050579071,0.3922526240348816,0.6542643308639526,19.670944213867188,5.256228446960449,9.077730178833008,0.22440196573734283,3.0218751430511475,3.8697917461395264,19.670944213867188,19.670944213867188,,,
3955,1783411758.8301225,4.996903123490055e-05,4.996903123490055e-05,,,0.601855456829071,0.5625,0.3935546875,0.601855456829071,19.9110107421875,5.56626033782959,8.628718376159668,0.22318528592586517,3.059375047683716,3.7916667461395264,19.9110107421875,19.9110107421875,,,
3960,1783411759.516788,4.9968952898806424e-05,4.9968952898806424e-05,,,0.6117187738418579,0.5755859613418579,0.361328125,0.6117187738418579,19.991533279418945,5.402456760406494,9.612975120544434,0.2261844128370285,3.0562500953674316,3.9322917461395264,19.991533279418945,19.991533279418945,,,
3965,1783411760.200722,4.996887446382265e-05,4.996887446382265e-05,,,0.7336914539337158,0.6949219107627869,0.3876953125,0.7336914539337158,19.310359954833984,5.059081077575684,9.011931419372559,0.22363615036010742,2.909374952316284,3.7708334922790527,19.310359954833984,19.310359954833984,,,
3970,1783411760.883644,4.996879592994949e-05,4.996879592994949e-05,,,0.6426106691360474,0.604296863079071,0.3831380307674408,0.6426106691360474,20.091230392456055,5.515601634979248,9.175361633300781,0.22528401017189026,3.1312501430511475,3.890625,20.091230392456055,20.091230392456055,,,
3975,1783411761.5648065,4.9968717297187284e-05,4.9968717297187284e-05,,,0.6323893070220947,0.595703125,0.3668619990348816,0.6323893070220947,19.899105072021484,5.377682209014893,9.537930488586426,0.2234126329421997,3.112499952316284,4.015625,19.899105072021484,19.899105072021484,,,
3980,1783411762.2489612,4.996863856553636e-05,4.996863856553636e-05,,,0.6576822996139526,0.6175781488418579,0.4010416865348816,0.6576822996139526,20.23340606689453,5.887269973754883,9.036542892456055,0.21986767649650574,3.1656250953674316,3.828125,20.23340606689453,20.23340606689453,,,
3985,1783411762.9301116,4.996855973499701e-05,4.996855973499701e-05,,,0.6078125238418579,0.568554699420929,0.392578125,0.6078125238418579,19.904464721679688,5.437465190887451,8.955024719238281,0.22551243007183075,3.046875,3.765625,19.904464721679688,19.904464721679688,,,
3990,1783411763.6121662,4.996848080556955e-05,4.996848080556955e-05,,,0.5597981810569763,0.5218750238418579,0.3792317807674408,0.5597981810569763,20.673959732055664,5.828295707702637,9.269538879394531,0.22892270982265472,3.231250047683716,3.859375,20.673959732055664,20.673959732055664,,,
3995,1783411764.2937968,4.996840177725429e-05,4.996840177725429e-05,,,0.555371105670929,0.519726574420929,0.3564453125,0.555371105670929,20.515262603759766,5.8453898429870605,9.671180725097656,0.22382280230522156,3.237499952316284,3.9322917461395264,20.515262603759766,20.515262603759766,,,
4000,1783411764.9737456,4.996832265005155e-05,4.996832265005155e-05,,,0.744824230670929,0.705078125,0.3974609375,0.744824230670929,18.94933319091797,4.845007419586182,9.301618576049805,0.2214513123035431,2.815624952316284,3.9322917461395264,18.94933319091797,18.94933319091797,,,
4005,1783411765.6543438,4.9968243423961625e-05,4.9968243423961625e-05,,,0.5290690064430237,0.4927734434604645,0.3629557490348816,0.5290690064430237,21.199298858642578,6.191190242767334,9.996777534484863,0.22720123827457428,3.390625,3.9375,21.199298858642578,21.199298858642578,,,
4010,1783411766.3353508,4.996816409898485e-05,4.996816409898485e-05,,,0.6902344226837158,0.6527343988418579,0.375,0.6902344226837158,19.312271118164062,5.159412384033203,9.412493705749512,0.22050100564956665,2.8968751430511475,3.921875,19.312271118164062,19.312271118164062,,,
4015,1783411767.0175126,4.9968084675121515e-05,4.9968084675121515e-05,,,0.6193034052848816,0.5814453363418579,0.3785807490348816,0.6193034052848816,20.42632293701172,5.647452354431152,9.529409408569336,0.2273123413324356,3.200000047683716,3.96875,20.42632293701172,20.42632293701172,,,
4020,1783411767.70007,4.996800515237196e-05,4.996800515237196e-05,,,0.6029947996139526,0.56640625,0.3658854365348816,0.6029947996139526,20.07901382446289,5.465598106384277,9.211896896362305,0.22706106305122375,3.081249952316284,3.9322917461395264,20.07901382446289,20.07901382446289,,,
4025,1783411768.3825336,4.996792553073648e-05,4.996792553073648e-05,,,0.6294596791267395,0.5923828482627869,0.3707682490348816,0.6294596791267395,20.449813842773438,5.781622886657715,9.43271255493164,0.22735929489135742,3.1000001430511475,3.9375,20.449813842773438,20.449813842773438,,,
4030,1783411769.0654657,4.996784581021541e-05,4.996784581021541e-05,,,0.6243815422058105,0.5845703482627869,0.3981119990348816,0.6243815422058105,19.578208923339844,5.327035427093506,8.744752883911133,0.2222946733236313,2.996875047683716,3.765625,19.578208923339844,19.578208923339844,,,
4035,1783411769.7479858,4.9967765990809055e-05,4.9967765990809055e-05,,,0.6376627683639526,0.5980468988418579,0.3961588740348816,0.6376627683639526,19.437183380126953,5.076880931854248,8.340295791625977,0.22542181611061096,3.0093750953674316,3.7291667461395264,19.437183380126953,19.437183380126953,,,
4040,1783411770.4316883,4.9967686072517744e-05,4.9967686072517744e-05,,,0.6069661974906921,0.5660156607627869,0.4095052182674408,0.6069661974906921,20.185420989990234,5.654160976409912,9.16910457611084,0.2238721400499344,3.153125047683716,3.8697917461395264,20.185420989990234,20.185420989990234,,,
4045,1783411771.1148407,4.9967606055341774e-05,4.9967606055341774e-05,,,0.6200520992279053,0.581250011920929,0.3880208432674408,0.6200520992279053,20.38716697692871,5.867693901062012,8.874174118041992,0.22544613480567932,3.1000001430511475,3.8697917461395264,20.38716697692871,20.38716697692871,,,
4050,1783411771.800851,4.996752593928146e-05,4.996752593928146e-05,,,0.6662760972976685,0.6273437738418579,0.3893229365348816,0.6662760972976685,20.16008186340332,5.686675071716309,9.184761047363281,0.2241952270269394,3.081249952316284,3.8489584922790527,20.16008186340332,20.16008186340332,,,
4055,1783411772.4821665,4.996744572433714e-05,4.996744572433714e-05,,,0.6015951037406921,0.5640625357627869,0.3753255307674408,0.6015951037406921,20.21674346923828,5.651452541351318,9.54389762878418,0.22376075387001038,3.1500000953674316,3.9166667461395264,20.21674346923828,20.21674346923828,,,
4060,1783411773.163731,4.9967365410509113e-05,4.9967365410509113e-05,,,0.5472005605697632,0.5113281607627869,0.3587239682674408,0.5472005605697632,21.178707122802734,6.422726631164551,9.779211044311523,0.2233666032552719,3.3343751430511475,3.921875,21.178707122802734,21.178707122802734,,,
4065,1783411773.8457131,4.996728499779771e-05,4.996728499779771e-05,,,0.6598306894302368,0.620898425579071,0.3893229365348816,0.6598306894302368,19.68187141418457,5.168813228607178,9.563961029052734,0.22484712302684784,3.0531251430511475,3.8541667461395264,19.68187141418457,19.68187141418457,,,
4070,1783411774.5295546,4.996720448620324e-05,4.996720448620324e-05,,,0.575878918170929,0.5396484732627869,0.3623046875,0.575878918170929,20.171295166015625,5.568540096282959,9.388969421386719,0.22589825093746185,3.112499952316284,3.859375,20.171295166015625,20.171295166015625,,,
4075,1783411775.2116606,4.996712387572603e-05,4.996712387572603e-05,,,0.644335925579071,0.607226550579071,0.37109375,0.644335925579071,20.103269577026367,5.550716400146484,9.787576675415039,0.22431351244449615,3.0875000953674316,3.921875,20.103269577026367,20.103269577026367,,,
4080,1783411775.8966491,4.996704316636639e-05,4.996704316636639e-05,,,0.6129556894302368,0.576953113079071,0.3600260615348816,0.6129556894302368,20.17670249938965,5.641546726226807,9.82668685913086,0.22411777079105377,3.075000047683716,3.921875,20.17670249938965,20.17670249938965,,,
4085,1783411776.5771198,4.9966962358124636e-05,4.9966962358124636e-05,,,0.6737630367279053,0.6363281607627869,0.3743489682674408,0.6737630367279053,20.094974517822266,5.6528472900390625,9.19558334350586,0.22261959314346313,3.112499952316284,3.921875,20.094974517822266,20.094974517822266,,,
4090,1783411777.2580612,4.996688145100109e-05,4.996688145100109e-05,,,0.5696614980697632,0.533398449420929,0.3626302182674408,0.5696614980697632,20.67857551574707,6.025000095367432,8.922842025756836,0.2275772988796234,3.140625,3.796875,20.67857551574707,20.67857551574707,,,
4095,1783411777.939084,4.9966800444996095e-05,4.9966800444996095e-05,,,0.5940430164337158,0.5582031607627869,0.3583984375,0.5940430164337158,20.756587982177734,5.946363925933838,9.961549758911133,0.22581034898757935,3.2437500953674316,4.0885419845581055,20.756587982177734,20.756587982177734,,,
4100,1783411778.6220875,4.996671934010996e-05,4.996671934010996e-05,,,0.6746094226837158,0.6373047232627869,0.373046875,0.6746094226837158,20.034915924072266,5.556056022644043,10.253597259521484,0.22592270374298096,2.890625,3.9635417461395264,20.034915924072266,20.034915924072266,,,
4105,1783411779.305195,4.9966638136343e-05,4.9966638136343e-05,,,0.5901041626930237,0.553515613079071,0.3658854365348816,0.5901041626930237,20.326784133911133,5.608993053436279,9.592257499694824,0.2265329360961914,3.168750047683716,3.9583334922790527,20.326784133911133,20.326784133911133,,,
4110,1783411779.9884183,4.996655683369554e-05,4.996655683369554e-05,,,0.5850585699081421,0.546875,0.3818359375,0.5850585699081421,20.14191436767578,5.627562522888184,9.297966003417969,0.2241475135087967,3.1156251430511475,3.8229167461395264,20.14191436767578,20.14191436767578,,,
4115,1783411780.6679916,4.996647543216791e-05,4.996647543216791e-05,,,0.62744140625,0.58984375,0.3759765625,0.62744140625,19.973857879638672,5.70265531539917,8.964186668395996,0.2216271311044693,3.0218751430511475,3.796875,19.973857879638672,19.973857879638672,,,
4120,1783411781.3490226,4.996639393176041e-05,4.996639393176041e-05,,,0.5281575918197632,0.49003908038139343,0.3811849057674408,0.5281575918197632,20.710338592529297,5.956317901611328,9.262859344482422,0.22648438811302185,3.2562501430511475,3.796875,20.710338592529297,20.710338592529297,,,
4125,1783411782.0288427,4.996631233247338e-05,4.996631233247338e-05,,,0.5504556894302368,0.514453113079071,0.3600260615348816,0.5504556894302368,20.64134979248047,5.854026794433594,9.767541885375977,0.226554274559021,3.21875,3.96875,20.64134979248047,20.64134979248047,,,
4130,1783411782.7117028,4.996623063430713e-05,4.996623063430713e-05,,,0.5911458134651184,0.5517578125,0.3938802182674408,0.5911458134651184,19.95079231262207,5.58342981338501,9.409008979797363,0.22165285050868988,3.0687501430511475,3.8333334922790527,19.95079231262207,19.95079231262207,,,
4135,1783411783.3936172,4.9966148837262016e-05,4.9966148837262016e-05,,,0.6346354484558105,0.593945324420929,0.4069010615348816,0.6346354484558105,19.476938247680664,5.340827465057373,8.359838485717773,0.2216000258922577,2.9625000953674316,3.65625,19.476938247680664,19.476938247680664,,,
4140,1783411784.0755804,4.9966066941338326e-05,4.9966066941338326e-05,,,0.6795573234558105,0.640625,0.3893229365348816,0.6795573234558105,19.770851135253906,5.455641746520996,9.455575942993164,0.21953390538692474,3.1000001430511475,3.90625,19.770851135253906,19.770851135253906,,,
4145,1783411784.7553968,4.99659849465364e-05,4.99659849465364e-05,,,0.669628918170929,0.6328125,0.3681640625,0.669628918170929,19.984573364257812,5.74550199508667,9.301294326782227,0.219180166721344,3.0562500953674316,3.8958334922790527,19.984573364257812,19.984573364257812,,,
4150,1783411785.4358666,4.9965902852856544e-05,4.9965902852856544e-05,,,0.6354166865348816,0.5966796875,0.3873698115348816,0.6354166865348816,19.71588134765625,5.353680610656738,8.930266380310059,0.22204649448394775,3.1031250953674316,3.7395834922790527,19.71588134765625,19.71588134765625,,,
4155,1783411786.117588,4.99658206602991e-05,4.99658206602991e-05,,,0.6291341185569763,0.591992199420929,0.3714192807674408,0.6291341185569763,20.201709747314453,5.530710220336914,9.43211555480957,0.2275388389825821,3.0843751430511475,4.0416669845581055,20.201709747314453,20.201709747314453,,,
4160,1783411786.801403,4.99657383688644e-05,4.99657383688644e-05,,,0.6733072996139526,0.636914074420929,0.3639323115348816,0.6733072996139526,19.82770538330078,5.2558274269104,9.785118103027344,0.22532710433006287,3.0531251430511475,4.005208492279053,19.82770538330078,19.82770538330078,,,
4165,1783411787.4793844,4.996565597855277e-05,4.996565597855277e-05,,,0.6827799677848816,0.64453125,0.3824869990348816,0.6827799677848816,20.116710662841797,5.539095878601074,9.249754905700684,0.22665585577487946,3.059375047683716,3.9375,20.116710662841797,20.116710662841797,,,
4170,1783411788.160124,4.996557348936452e-05,4.996557348936452e-05,,,0.7020833492279053,0.6644531488418579,0.3763020932674408,0.7020833492279053,19.21463394165039,5.189088344573975,8.859922409057617,0.21933960914611816,2.887500047683716,3.8177084922790527,19.21463394165039,19.21463394165039,,,
4175,1783411788.8390136,4.996549090129998e-05,4.996549090129998e-05,,,0.643750011920929,0.607617199420929,0.361328125,0.643750011920929,20.269298553466797,5.74470853805542,9.178489685058594,0.223066508769989,3.184375047683716,3.84375,20.269298553466797,20.269298553466797,,,
4180,1783411789.5240738,4.9965408214359485e-05,4.9965408214359485e-05,,,0.650195300579071,0.614453136920929,0.357421875,0.650195300579071,20.339317321777344,5.818042278289795,10.490571975708008,0.22265805304050446,3.0406250953674316,4.1197919845581055,20.339317321777344,20.339317321777344,,,
4185,1783411790.2072432,4.996532542854336e-05,4.996532542854336e-05,,,0.705273449420929,0.664843738079071,0.404296875,0.705273449420929,18.79814910888672,4.8826069831848145,8.398807525634766,0.21964433789253235,2.8187501430511475,3.7291667461395264,18.79814910888672,18.79814910888672,,,
4190,1783411790.8899405,4.996524254385194e-05,4.996524254385194e-05,,,0.6987630724906921,0.6617187857627869,0.3704427182674408,0.6987630724906921,19.70488739013672,5.222459316253662,8.76931095123291,0.22663836181163788,3.018749952316284,3.8802084922790527,19.70488739013672,19.70488739013672,,,
4195,1783411791.5725904,4.9965159560285544e-05,4.9965159560285544e-05,,,0.7021484375,0.664843738079071,0.373046875,0.7021484375,19.468994140625,5.164853096008301,9.23265266418457,0.22324401140213013,2.940624952316284,3.9427084922790527,19.468994140625,19.468994140625,,,
4200,1783411792.2563236,4.99650764778445e-05,4.99650764778445e-05,,,0.6498047113418579,0.612500011920929,0.373046875,0.6498047113418579,19.75987434387207,5.254031658172607,9.076539993286133,0.2238023579120636,3.140625,3.8645834922790527,19.75987434387207,19.75987434387207,,,
4205,1783411792.9379363,4.996499329652914e-05,4.996499329652914e-05,,,0.6707682609558105,0.6322265863418579,0.3854166865348816,0.6707682609558105,19.603992462158203,5.204747676849365,9.340599060058594,0.2242610603570938,2.96875,4.046875,19.603992462158203,19.603992462158203,,,
4210,1783411793.6219165,4.9964910016339795e-05,4.9964910016339795e-05,,,0.6498372554779053,0.611132800579071,0.3870442807674408,0.6498372554779053,19.434080123901367,5.206326961517334,9.144889831542969,0.2196350395679474,3.03125,3.984375,19.434080123901367,19.434080123901367,,,
4215,1783411794.3010488,4.9964826637276796e-05,4.9964826637276796e-05,,,0.6185547113418579,0.582226574420929,0.36328125,0.6185547113418579,19.827556610107422,5.379626274108887,9.094836235046387,0.22344696521759033,3.096874952316284,3.8645834922790527,19.827556610107422,19.827556610107422,,,
4220,1783411794.981976,4.9964743159340474e-05,4.9964743159340474e-05,,,0.6779622435569763,0.637890636920929,0.4007161557674408,0.6779622435569763,19.53354835510254,5.335134029388428,8.816444396972656,0.22070831060409546,3.0,3.8489584922790527,19.53354835510254,19.53354835510254,,,
4225,1783411795.6647782,4.996465958253115e-05,4.996465958253115e-05,,,0.534863293170929,0.4984374940395355,0.3642578125,0.534863293170929,20.570178985595703,5.823079586029053,9.539960861206055,0.22455738484859467,3.293750047683716,3.9427084922790527,20.570178985595703,20.570178985595703,,,
4230,1783411796.3479812,4.996457590684915e-05,4.996457590684915e-05,,,0.640625,0.603515625,0.37109375,0.640625,20.25127410888672,5.751945495605469,9.62304973602295,0.2231491506099701,3.1031250953674316,3.921875,20.25127410888672,20.25127410888672,,,
4235,1783411797.0303798,4.9964492132294834e-05,4.9964492132294834e-05,,,0.6347330808639526,0.5972656607627869,0.3746744990348816,0.6347330808639526,20.016464233398438,5.575423240661621,9.675477981567383,0.22207298874855042,3.0875000953674316,3.9270834922790527,20.016464233398438,20.016464233398438,,,
4240,1783411797.712067,4.99644082588685e-05,4.99644082588685e-05,,,0.6402669548988342,0.6021484732627869,0.3811849057674408,0.6402669548988342,20.358890533447266,5.865743160247803,9.104297637939453,0.22381731867790222,3.125,3.859375,20.358890533447266,20.358890533447266,,,
4245,1783411798.3943427,4.9964324286570515e-05,4.9964324286570515e-05,,,0.6255533695220947,0.58984375,0.3570963740348816,0.6255533695220947,20.214679718017578,5.737287998199463,9.951875686645508,0.22299571335315704,3.0562500953674316,3.9114584922790527,20.214679718017578,20.214679718017578,,,
4250,1783411799.078332,4.9964240215401184e-05,4.9964240215401184e-05,,,0.6859700679779053,0.6460937857627869,0.3987630307674408,0.6859700679779053,19.312625885009766,5.0972795486450195,8.654365539550781,0.22290310263633728,2.9468750953674316,3.7239584922790527,19.312625885009766,19.312625885009766,,,
4255,1783411799.7639196,4.996415604536085e-05,4.996415604536085e-05,,,0.6198567748069763,0.5814453363418579,0.3841145932674408,0.6198567748069763,20.036800384521484,5.59796667098999,9.542341232299805,0.22376658022403717,3.0250000953674316,3.9010417461395264,20.036800384521484,20.036800384521484,,,
4260,1783411800.4502552,4.996407177644985e-05,4.996407177644985e-05,,,0.655957043170929,0.6185547113418579,0.3740234375,0.655957043170929,19.809173583984375,5.353010654449463,9.195274353027344,0.22346459329128265,3.1000001430511475,3.8072917461395264,19.809173583984375,19.809173583984375,,,
4265,1783411801.1335514,4.996398740866851e-05,4.996398740866851e-05,,,0.6742838621139526,0.635546863079071,0.3873698115348816,0.6742838621139526,19.32798957824707,5.065496921539307,8.619277000427246,0.22500097751617432,2.90625,3.6927084922790527,19.32798957824707,19.32798957824707,,,
4270,1783411801.8146944,4.996390294201716e-05,4.996390294201716e-05,,,0.6152994632720947,0.579296886920929,0.3600260615348816,0.6152994632720947,20.213064193725586,5.576977729797363,9.190336227416992,0.2255178540945053,3.171875,3.96875,20.213064193725586,20.213064193725586,,,
4275,1783411802.494833,4.996381837649614e-05,4.996381837649614e-05,,,0.6410155892372131,0.604296863079071,0.3671875,0.6410155892372131,20.145994186401367,5.626327037811279,9.41513729095459,0.22360016405582428,3.1312501430511475,3.8489584922790527,20.145994186401367,20.145994186401367,,,
4280,1783411803.1731484,4.9963733712105784e-05,4.9963733712105784e-05,,,0.6679036617279053,0.630078136920929,0.3782552182674408,0.6679036617279053,19.798358917236328,5.408982753753662,9.35590648651123,0.22169290482997894,3.081249952316284,3.9635417461395264,19.798358917236328,19.798358917236328,,,
4285,1783411803.8494105,4.996364894884644e-05,4.996364894884644e-05,,,0.6606445908546448,0.6226562857627869,0.3798828125,0.6606445908546448,20.066558837890625,5.687775135040283,9.923090934753418,0.22016242146492004,3.090625047683716,3.8854167461395264,20.066558837890625,20.066558837890625,,,
4290,1783411804.5135052,4.996356408671844e-05,4.996356408671844e-05,,,0.651562511920929,0.6142578125,0.373046875,0.651562511920929,19.452709197998047,5.218918323516846,9.300357818603516,0.2210325449705124,2.9468750953674316,4.1041669845581055,19.452709197998047,19.452709197998047,,,
4290,1783411804.9202032,,,,,,,,,,,,,,,,,9.745653142929077,0.21657006919384003,9.745653142929077
4290,1783411806.318566,,,1394.216713999981,690.2098035812378,,,,,,,,,,,,,,,
4290,1783411807.734154,,,1411.7068130000234,690.2098035812378,,,,,,,,,,,,,,,
4295,1783411808.5333748,4.9963479125722105e-05,4.9963479125722105e-05,,,0.7239258289337158,0.6830078363418579,0.4091796875,0.7239258289337158,19.355146408081055,5.249794006347656,9.060579299926758,0.2200537472963333,2.924999952316284,3.71875,19.355146408081055,19.355146408081055,,,
4300,1783411809.2136133,4.996339406585779e-05,4.996339406585779e-05,,,0.5645833611488342,0.5279297232627869,0.3665364682674408,0.5645833611488342,20.698091506958008,6.161769390106201,9.534847259521484,0.2228824943304062,3.168750047683716,3.84375,20.698091506958008,20.698091506958008,,,
4305,1783411809.8976533,4.9963308907125806e-05,4.9963308907125806e-05,,,0.5697916746139526,0.533203125,0.3658854365348816,0.5697916746139526,20.435518264770508,5.793013095855713,9.43917465209961,0.22635750472545624,3.128124952316284,3.84375,20.435518264770508,20.435518264770508,,,
4310,1783411810.6329417,4.996322364952653e-05,4.996322364952653e-05,,,0.6970378160476685,0.6546875238418579,0.4235026240348816,0.6970378160476685,19.873226165771484,5.498425006866455,8.995502471923828,0.22321158647537231,3.049999952316284,3.8072917461395264,19.873226165771484,19.873226165771484,,,
4315,1783411811.3199587,4.996313829306025e-05,4.996313829306025e-05,,,0.636914074420929,0.599609375,0.373046875,0.636914074420929,19.956056594848633,5.599724292755127,9.534157752990723,0.2224259227514267,3.0,3.9375,19.956056594848633,19.956056594848633,,,
4320,1783411812.006905,4.9963052837727326e-05,4.9963052837727326e-05,,,0.6443684697151184,0.606249988079071,0.3811849057674408,0.6443684697151184,19.455432891845703,5.241721153259277,9.255290031433105,0.2195058912038803,3.028125047683716,3.8229167461395264,19.455432891845703,19.455432891845703,,,
4325,1783411812.6915188,4.996296728352811e-05,4.996296728352811e-05,,,0.6241536736488342,0.5882812738418579,0.3587239682674408,0.6241536736488342,20.039386749267578,5.555288314819336,8.92478084564209,0.2249758392572403,3.081249952316284,3.8645834922790527,20.039386749267578,20.039386749267578,,,
4330,1783411813.3757603,4.996288163046294e-05,4.996288163046294e-05,,,0.6940104365348816,0.657421886920929,0.3658854365348816,0.6940104365348816,19.520000457763672,5.270029544830322,9.256169319152832,0.22021712362766266,3.018749952316284,3.9583334922790527,19.520000457763672,19.520000457763672,,,
4335,1783411814.0589032,4.996279587853214e-05,4.996279587853214e-05,,,0.6297525763511658,0.591601550579071,0.3815104365348816,0.6297525763511658,19.742931365966797,5.475293159484863,8.616571426391602,0.2210935652256012,3.075000047683716,3.8177084922790527,19.742931365966797,19.742931365966797,,,
4340,1783411814.738318,4.9962710027736056e-05,4.9962710027736056e-05,,,0.6354817748069763,0.594921886920929,0.4055989682674408,0.6354817748069763,19.71548080444336,5.317702293395996,8.901147842407227,0.22239252924919128,3.121875047683716,3.78125,19.71548080444336,19.71548080444336,,,
4345,1783411815.4161813,4.996262407807503e-05,4.996262407807503e-05,,,0.615917980670929,0.578125,0.3779296875,0.615917980670929,20.393959045410156,5.876052379608154,9.265605926513672,0.22329150140285492,3.15625,3.8697917461395264,20.393959045410156,20.393959045410156,,,
4350,1783411816.0958169,4.99625380295494e-05,4.99625380295494e-05,,,0.6147786378860474,0.575976550579071,0.3880208432674408,0.6147786378860474,20.166345596313477,5.609881401062012,9.92431640625,0.22352944314479828,3.121875047683716,3.8333334922790527,20.166345596313477,20.166345596313477,,,
4355,1783411816.7765243,4.996245188215951e-05,4.996245188215951e-05,,,0.6731119751930237,0.632031261920929,0.4108073115348816,0.6731119751930237,19.486804962158203,5.340597629547119,8.64553451538086,0.22144412994384766,2.9312500953674316,3.8541667461395264,19.486804962158203,19.486804962158203,,,
4360,1783411817.455433,4.99623656359057e-05,4.99623656359057e-05,,,0.647167980670929,0.608203113079071,0.3896484375,0.647167980670929,20.006729125976562,5.5382466316223145,9.358885765075684,0.22582849860191345,2.984375,3.859375,20.006729125976562,20.006729125976562,,,
4365,1783411818.13676,4.9962279290788305e-05,4.9962279290788305e-05,,,0.665722668170929,0.624804675579071,0.4091796875,0.665722668170929,19.267597198486328,5.044475555419922,8.413908958435059,0.22237177193164825,2.996875047683716,3.78125,19.267597198486328,19.267597198486328,,,
4370,1783411818.8178794,4.996219284680767e-05,4.996219284680767e-05,,,0.6454427242279053,0.6078125238418579,0.3763020932674408,0.6454427242279053,20.135581970214844,5.723744869232178,8.864278793334961,0.221779927611351,3.168750047683716,3.765625,20.135581970214844,20.135581970214844,,,
4375,1783411819.5005083,4.996210630396414e-05,4.996210630396414e-05,,,0.6033203601837158,0.5667968988418579,0.365234375,0.6033203601837158,20.065994262695312,5.534474849700928,9.247377395629883,0.22425949573516846,3.1312501430511475,3.8385417461395264,20.065994262695312,20.065994262695312,,,
4380,1783411820.1785674,4.996201966225806e-05,4.996201966225806e-05,,,0.5874674320220947,0.549023449420929,0.3844401240348816,0.5874674320220947,20.371246337890625,5.698904037475586,8.767951965332031,0.22895196080207825,3.1187500953674316,3.7395834922790527,20.371246337890625,20.371246337890625,,,
4385,1783411820.8608294,4.9961932921689775e-05,4.9961932921689775e-05,,,0.6974284052848816,0.6578125357627869,0.3961588740348816,0.6974284052848816,19.369583129882812,5.145246505737305,9.480504989624023,0.2226327657699585,2.875,3.828125,19.369583129882812,19.369583129882812,,,
4390,1783411821.5413728,4.996184608225961e-05,4.996184608225961e-05,,,0.571972668170929,0.533398449420929,0.3857421875,0.571972668170929,20.246261596679688,5.709510803222656,8.9906005859375,0.22319868206977844,3.2125000953674316,3.8125,20.246261596679688,20.246261596679688,,,
4395,1783411822.2213552,4.9961759143967935e-05,4.9961759143967935e-05,,,0.6261067986488342,0.587890625,0.3821614682674408,0.6261067986488342,20.01787567138672,5.599473476409912,9.042754173278809,0.2223857343196869,3.128124952316284,3.7864584922790527,20.01787567138672,20.01787567138672,,,
4400,1783411822.9043381,4.996167210681509e-05,4.996167210681509e-05,,,0.6933594346046448,0.6558594107627869,0.375,0.6933594346046448,19.618030548095703,5.266202449798584,9.092182159423828,0.22144456207752228,3.1000001430511475,3.7760417461395264,19.618030548095703,19.618030548095703,,,
4405,1783411823.5837748,4.9961584970801404e-05,4.9961584970801404e-05,,,0.6749348640441895,0.635546863079071,0.3938802182674408,0.6749348640441895,19.67909812927246,5.17307710647583,9.36001205444336,0.2278060019016266,2.934375047683716,3.84375,19.67909812927246,19.67909812927246,,,
4410,1783411824.2650554,4.996149773592723e-05,4.996149773592723e-05,,,0.5691406726837158,0.5316406488418579,0.375,0.5691406726837158,20.628366470336914,5.9586992263793945,9.428595542907715,0.22593137621879578,3.174999952316284,3.8489584922790527,20.628366470336914,20.628366470336914,,,
4415,1783411824.9473245,4.996141040219291e-05,4.996141040219291e-05,,,0.6091471314430237,0.5703125,0.3883463740348816,0.6091471314430237,20.233314514160156,5.865023612976074,9.419543266296387,0.21883758902549744,3.1968750953674316,3.8177084922790527,20.233314514160156,20.233314514160156,,,
4420,1783411825.625962,4.99613229695988e-05,4.99613229695988e-05,,,0.6508463621139526,0.613476574420929,0.3736979365348816,0.6508463621139526,19.87185287475586,5.431382656097412,9.594451904296875,0.22155748307704926,3.125,3.859375,19.87185287475586,19.87185287475586,,,
4425,1783411826.3070931,4.9961235438145235e-05,4.9961235438145235e-05,,,0.6704427599906921,0.6322265863418579,0.3821614682674408,0.6704427599906921,19.982166290283203,5.476731777191162,9.21525764465332,0.22371646761894226,3.140625,3.7604167461395264,19.982166290283203,19.982166290283203,,,
4430,1783411826.9883378,4.996114780783257e-05,4.996114780783257e-05,,,0.6841471791267395,0.6449218988418579,0.3922526240348816,0.6841471791267395,19.66358184814453,5.354910850524902,8.932393074035645,0.221801295876503,3.049999952316284,3.84375,19.66358184814453,19.66358184814453,,,
4435,1783411827.6703792,4.996106007866114e-05,4.996106007866114e-05,,,0.5787435173988342,0.5386719107627869,0.4007161557674408,0.5787435173988342,20.16338539123535,5.728410243988037,9.13235855102539,0.222740039229393,3.1156251430511475,3.828125,20.16338539123535,20.16338539123535,,,
4440,1783411828.3521736,4.9960972250631304e-05,4.9960972250631304e-05,,,0.5770508050918579,0.5419921875,0.3505859375,0.5770508050918579,20.705585479736328,6.040347576141357,10.129632949829102,0.22510839998722076,3.125,3.9739584922790527,20.705585479736328,20.705585479736328,,,
4445,1783411829.0345566,4.9960884323743407e-05,4.9960884323743407e-05,,,0.6437174677848816,0.605664074420929,0.3805338740348816,0.6437174677848816,20.02192497253418,5.482541561126709,9.817469596862793,0.22430166602134705,3.0687501430511475,3.953125,20.02192497253418,20.02192497253418,,,
4450,1783411829.7164488,4.9960796297997785e-05,4.9960796297997785e-05,,,0.6510091423988342,0.609570324420929,0.4143880307674408,0.6510091423988342,19.5045166015625,5.378987789154053,8.963582992553711,0.22040516138076782,2.934375047683716,3.765625,19.5045166015625,19.5045166015625,,,
4455,1783411830.396546,4.996070817339482e-05,4.996070817339482e-05,,,0.6594075560569763,0.619921863079071,0.3948567807674408,0.6594075560569763,19.361053466796875,5.216187477111816,8.513198852539062,0.22042369842529297,3.0,3.7447917461395264,19.361053466796875,19.361053466796875,,,
4460,1783411831.0760772,4.996061994993483e-05,4.996061994993483e-05,,,0.5537760853767395,0.5181640982627869,0.3561198115348816,0.5537760853767395,20.59392547607422,6.021327018737793,9.56346607208252,0.22490978240966797,3.1031250953674316,3.921875,20.59392547607422,20.59392547607422,,,
4465,1783411831.7579634,4.996053162761817e-05,4.996053162761817e-05,,,0.6073893308639526,0.5716797113418579,0.3570963740348816,0.6073893308639526,20.354881286621094,5.747804164886475,9.762928009033203,0.22464245557785034,3.125,3.96875,20.354881286621094,20.354881286621094,,,
4470,1783411832.4366086,4.996044320644521e-05,4.996044320644521e-05,,,0.5969401001930237,0.558398425579071,0.3854166865348816,0.5969401001930237,19.7840576171875,5.390365123748779,9.20395565032959,0.22348067164421082,3.03125,3.8541667461395264,19.7840576171875,19.7840576171875,,,
4475,1783411833.1169717,4.996035468641627e-05,4.996035468641627e-05,,,0.5824218988418579,0.5443359613418579,0.380859375,0.5824218988418579,20.131038665771484,5.706075191497803,9.158625602722168,0.2203064113855362,3.215625047683716,3.796875,20.131038665771484,20.131038665771484,,,
4480,1783411833.7989497,4.996026606753171e-05,4.996026606753171e-05,,,0.6410807371139526,0.6031250357627869,0.3795573115348816,0.6410807371139526,19.749542236328125,5.471360206604004,9.040033340454102,0.22222714126110077,2.9906251430511475,3.8333334922790527,19.749542236328125,19.749542236328125,,,
4485,1783411834.4797554,4.9960177349791885e-05,4.9960177349791885e-05,,,0.6315104365348816,0.593945324420929,0.3756510615348816,0.6315104365348816,19.959074020385742,5.491227149963379,9.028512954711914,0.22327305376529694,3.1343750953674316,3.8333334922790527,19.959074020385742,19.959074020385742,,,
4490,1783411835.1619415,4.9960088533197154e-05,4.9960088533197154e-05,,,0.650195300579071,0.610546886920929,0.396484375,0.650195300579071,19.92746353149414,5.5784478187561035,9.037352561950684,0.2201150357723236,3.1625001430511475,3.7760417461395264,19.92746353149414,19.92746353149414,,,
4495,1783411835.8419359,4.9959999617747864e-05,4.9959999617747864e-05,,,0.6049479246139526,0.5677734613418579,0.3717448115348816,0.6049479246139526,20.45393943786621,5.8670477867126465,9.751720428466797,0.22479747235774994,3.1000001430511475,3.9583334922790527,20.45393943786621,20.45393943786621,,,
4500,1783411836.5242565,4.9959910603444354e-05,4.9959910603444354e-05,,,0.6036458015441895,0.565234363079071,0.3841145932674408,0.6036458015441895,19.93337631225586,5.447000980377197,8.822973251342773,0.2241184264421463,3.137500047683716,3.8125,19.93337631225586,19.93337631225586,,,
4505,1783411837.2067232,4.9959821490286996e-05,4.9959821490286996e-05,,,0.65283203125,0.6142578125,0.3857421875,0.65283203125,19.902145385742188,5.496554851531982,9.47110366821289,0.22283892333507538,3.043750047683716,3.8697917461395264,19.902145385742188,19.902145385742188,,,
4510,1783411837.8880763,4.995973227827613e-05,4.995973227827613e-05,,,0.5944661498069763,0.560742199420929,0.3372395932674408,0.5944661498069763,20.67391586303711,6.002631664276123,9.638517379760742,0.22584804892539978,3.143749952316284,4.005208492279053,20.67391586303711,20.67391586303711,,,
4515,1783411838.5686958,4.9959642967412114e-05,4.9959642967412114e-05,,,0.620800793170929,0.5833984613418579,0.3740234375,0.620800793170929,19.70918083190918,5.489328384399414,9.297338485717773,0.21912068128585815,3.0531251430511475,3.765625,19.70918083190918,19.70918083190918,,,
4520,1783411839.248067,4.99595535576953e-05,4.99595535576953e-05,,,0.6690429449081421,0.627734363079071,0.4130859375,0.6690429449081421,19.623626708984375,5.2831902503967285,9.039278984069824,0.22321872413158417,3.0218751430511475,3.6979167461395264,19.623626708984375,19.623626708984375,,,
4525,1783411839.9277322,4.995946404912605e-05,4.995946404912605e-05,,,0.5784180164337158,0.5414062738418579,0.3701171875,0.5784180164337158,20.430675506591797,5.803617000579834,9.495352745056152,0.2244773507118225,3.1875,3.8854167461395264,20.430675506591797,20.430675506591797,,,
4530,1783411840.608326,4.995937444170471e-05,4.995937444170471e-05,,,0.6479492783546448,0.6080078482627869,0.3994140625,0.6479492783546448,19.974641799926758,5.371209621429443,9.222907066345215,0.2254721224308014,3.1500000953674316,3.8489584922790527,19.974641799926758,19.974641799926758,,,
4535,1783411841.2878268,4.995928473543164e-05,4.995928473543164e-05,,,0.7052083015441895,0.666796863079071,0.3841145932674408,0.7052083015441895,19.563098907470703,5.323960781097412,9.517935752868652,0.22129283845424652,2.934375047683716,3.9479167461395264,19.563098907470703,19.563098907470703,,,
4540,1783411841.9668515,4.995919493030719e-05,4.995919493030719e-05,,,0.615429699420929,0.5751953125,0.40234375,0.615429699420929,20.098522186279297,5.55768346786499,9.029991149902344,0.22470661997795105,3.1468751430511475,3.7916667461395264,20.098522186279297,20.098522186279297,,,
4545,1783411842.6435864,4.995910502633172e-05,4.995910502633172e-05,,,0.7117513418197632,0.673046886920929,0.3870442807674408,0.7117513418197632,19.281330108642578,5.076279163360596,9.59597396850586,0.22025777399539948,2.9437501430511475,3.9010417461395264,19.281330108642578,19.281330108642578,,,
4550,1783411843.327297,4.9959015023505586e-05,4.9959015023505586e-05,,,0.5906901359558105,0.5523437857627869,0.3834635615348816,0.5906901359558105,20.198196411132812,5.714850902557373,9.788835525512695,0.22094404697418213,3.1625001430511475,3.9947917461395264,20.198196411132812,20.198196411132812,,,
4555,1783411844.0084214,4.995892492182915e-05,4.995892492182915e-05,,,0.6215820908546448,0.5835937857627869,0.3798828125,0.6215820908546448,20.19979476928711,5.785699844360352,9.404084205627441,0.2208041548728943,3.1468751430511475,3.90625,20.19979476928711,20.19979476928711,,,
4560,1783411844.6894147,4.995883472130275e-05,4.995883472130275e-05,,,0.6986328363418579,0.6605468988418579,0.380859375,0.6986328363418579,19.20193099975586,5.049718856811523,8.77453899383545,0.22305020689964294,2.846874952316284,3.90625,19.20193099975586,19.20193099975586,,,
4565,1783411845.3719335,4.995874442192675e-05,4.995874442192675e-05,,,0.7143229246139526,0.6761718988418579,0.3815104365348816,0.7143229246139526,19.830595016479492,5.555814266204834,9.646774291992188,0.22082635760307312,2.9937500953674316,3.7916667461395264,19.830595016479492,19.830595016479492,,,
4570,1783411846.0503263,4.995865402370151e-05,4.995865402370151e-05,,,0.7158528566360474,0.676953136920929,0.3889974057674408,0.7158528566360474,19.45964813232422,5.2401556968688965,8.884310722351074,0.2236068993806839,2.8812501430511475,3.875,19.45964813232422,19.45964813232422,,,
4575,1783411846.7307336,4.995856352662739e-05,4.995856352662739e-05,,,0.6739257574081421,0.63671875,0.3720703125,0.6739257574081421,19.695037841796875,5.378648281097412,8.904467582702637,0.22125940024852753,3.078125,3.9114584922790527,19.695037841796875,19.695037841796875,,,
4580,1783411847.414503,4.995847293070477e-05,4.995847293070477e-05,,,0.6111002564430237,0.574414074420929,0.3668619990348816,0.6111002564430237,19.695743560791016,5.328722953796387,9.226180076599121,0.22309322655200958,3.018749952316284,3.8645834922790527,19.695743560791016,19.695743560791016,,,
4585,1783411848.093945,4.995838223593397e-05,4.995838223593397e-05,,,0.6755534410476685,0.6373047232627869,0.3824869990348816,0.6755534410476685,19.474750518798828,5.278407573699951,9.091285705566406,0.2204103171825409,2.984375,3.84375,19.474750518798828,19.474750518798828,,,
4590,1783411848.7779403,4.995829144231537e-05,4.995829144231537e-05,,,0.5633789300918579,0.5277343988418579,0.3564453125,0.5633789300918579,20.408275604248047,5.8569793701171875,9.600639343261719,0.22376349568367004,3.140625,3.8125,20.408275604248047,20.408275604248047,,,
4595,1783411849.4614832,4.9958200549849316e-05,4.9958200549849316e-05,,,0.6202799677848816,0.5804687738418579,0.3981119990348816,0.6202799677848816,20.116947174072266,5.630923748016357,8.88947868347168,0.22370819747447968,3.15625,3.7395834922790527,20.116947174072266,20.116947174072266,,,
4600,1783411850.141693,4.995810955853618e-05,4.995810955853618e-05,,,0.6509115099906921,0.6136718988418579,0.3723958432674408,0.6509115099906921,19.618724822998047,5.316636562347412,9.100237846374512,0.22309911251068115,2.96875,3.8385417461395264,19.618724822998047,19.618724822998047,,,
4605,1783411850.822937,4.9958018468376336e-05,4.9958018468376336e-05,,,0.610546886920929,0.5757812857627869,0.34765625,0.610546886920929,20.148929595947266,5.739696979522705,9.372152328491211,0.2213110476732254,3.125,3.8802084922790527,20.148929595947266,20.148929595947266,,,
4610,1783411851.5029342,4.9957927279370106e-05,4.9957927279370106e-05,,,0.5804036259651184,0.542773425579071,0.3763020932674408,0.5804036259651184,19.793777465820312,5.452108383178711,9.224518775939941,0.2208089977502823,3.090625047683716,3.921875,19.793777465820312,19.793777465820312,,,
4615,1783411852.1821694,4.995783599151789e-05,4.995783599151789e-05,,,0.5867838859558105,0.5472656488418579,0.3951823115348816,0.5867838859558105,20.01282501220703,5.544419765472412,9.20238971710205,0.22212359309196472,3.15625,3.9635417461395264,20.01282501220703,20.01282501220703,,,
4620,1783411852.865672,4.9957744604820025e-05,4.9957744604820025e-05,,,0.615527331829071,0.580273449420929,0.3525390625,0.615527331829071,20.159770965576172,5.721796035766602,9.343218803405762,0.22159738838672638,3.1468751430511475,3.8489584922790527,20.159770965576172,20.159770965576172,,,
4625,1783411853.5451918,4.995765311927689e-05,4.995765311927689e-05,,,0.6794270873069763,0.638867199420929,0.4055989682674408,0.6794270873069763,19.3295955657959,5.076324939727783,8.727838516235352,0.22348996996879578,2.9437501430511475,3.796875,19.3295955657959,19.3295955657959,,,
4630,1783411854.225572,4.995756153488884e-05,4.995756153488884e-05,,,0.6228516101837158,0.5843750238418579,0.384765625,0.6228516101837158,19.894302368164062,5.557440280914307,9.523565292358398,0.219077005982399,3.140625,3.8541667461395264,19.894302368164062,19.894302368164062,,,
4635,1783411854.9040234,4.995746985165624e-05,4.995746985165624e-05,,,0.7058268189430237,0.667187511920929,0.3863932490348816,0.7058268189430237,19.32854461669922,5.204305171966553,9.137786865234375,0.21942229568958282,2.950000047683716,3.8645834922790527,19.32854461669922,19.32854461669922,,,
4640,1783411855.5835588,4.9957378069579444e-05,4.9957378069579444e-05,,,0.5748047232627869,0.5386719107627869,0.361328125,0.5748047232627869,19.921871185302734,5.485394477844238,8.905994415283203,0.22473475337028503,3.0531251430511475,3.796875,19.921871185302734,19.921871185302734,,,
4645,1783411856.2637591,4.9957286188658813e-05,4.9957286188658813e-05,,,0.7334961295127869,0.6949219107627869,0.3857421875,0.7334961295127869,19.20556640625,5.097240447998047,8.81932258605957,0.22035501897335052,2.9375,3.7291667461395264,19.20556640625,19.20556640625,,,
4650,1783411856.9454541,4.9957194208894724e-05,4.9957194208894724e-05,,,0.6213542222976685,0.5843750238418579,0.3697916865348816,0.6213542222976685,19.99036979675293,5.629971504211426,9.03423023223877,0.22266657650470734,3.0562500953674316,3.8072917461395264,19.99036979675293,19.99036979675293,,,
4655,1783411857.623958,4.995710213028754e-05,4.995710213028754e-05,,,0.5890951156616211,0.5503906607627869,0.3870442807674408,0.5890951156616211,20.042194366455078,5.539529323577881,9.174800872802734,0.22362908720970154,3.143749952316284,3.78125,20.042194366455078,20.042194366455078,,,
4660,1783411858.30553,4.9957009952837616e-05,4.9957009952837616e-05,,,0.6618489623069763,0.624218761920929,0.3763020932674408,0.6618489623069763,19.479122161865234,5.193333625793457,9.26613998413086,0.22178955376148224,2.9937500953674316,3.8489584922790527,19.479122161865234,19.479122161865234,,,
4665,1783411858.9848986,4.995691767654533e-05,4.995691767654533e-05,,,0.5729817748069763,0.5361328125,0.3684895932674408,0.5729817748069763,20.115806579589844,5.598237991333008,9.058893203735352,0.22515538334846497,3.096874952316284,3.828125,20.115806579589844,20.115806579589844,,,
4670,1783411859.662053,4.995682530141104e-05,4.995682530141104e-05,,,0.5585286617279053,0.522265613079071,0.3626302182674408,0.5585286617279053,20.178016662597656,5.750033378601074,9.103202819824219,0.22141100466251373,3.1625001430511475,3.9166667461395264,20.178016662597656,20.178016662597656,,,
4675,1783411860.3379936,4.995673282743511e-05,4.995673282743511e-05,,,0.63720703125,0.6019531488418579,0.3525390625,0.63720703125,20.24835205078125,5.714282512664795,10.43565559387207,0.2214556336402893,3.121875047683716,4.03125,20.24835205078125,20.24835205078125,,,
4680,1783411861.0008268,4.9956640254617906e-05,4.9956640254617906e-05,,,0.6043294668197632,0.5667968988418579,0.3753255307674408,0.6043294668197632,20.23267364501953,5.712291240692139,9.39769172668457,0.22189556062221527,3.200000047683716,3.953125,20.23267364501953,20.23267364501953,,,
4680,1783411861.4124477,,,,,,,,,,,,,,,,,9.687327928543091,0.2152739544212818,9.687327928543091
4680,1783411862.8372438,,,1420.5437350000238,690.2098035812378,,,,,,,,,,,,,,,
4680,1783411864.2783601,,,1436.9391159999623,690.2098035812378,,,,,,,,,,,,,,,
4685,1783411865.07008,4.99565475829598e-05,4.99565475829598e-05,,,0.6296223998069763,0.593554675579071,0.3606770932674408,0.6296223998069763,19.806499481201172,5.3914008140563965,9.266777038574219,0.2232959270477295,3.0531251430511475,3.8697917461395264,19.806499481201172,19.806499481201172,,,
4690,1783411865.7527845,4.9956454812461165e-05,4.9956454812461165e-05,,,0.6638346314430237,0.625,0.3883463740348816,0.6638346314430237,19.75020980834961,5.488609313964844,8.968191146850586,0.2200043946504593,3.081249952316284,3.8333334922790527,19.75020980834961,19.75020980834961,,,
4695,1783411866.4349136,4.9956361943122345e-05,4.9956361943122345e-05,,,0.53662109375,0.501171886920929,0.3544921875,0.53662109375,20.330556869506836,5.793229579925537,9.536813735961914,0.22146528959274292,3.231250047683716,3.8645834922790527,20.330556869506836,20.330556869506836,,,
4700,1783411867.1157346,4.995626897494373e-05,4.995626897494373e-05,,,0.5650390386581421,0.5283203125,0.3671875,0.5650390386581421,20.58443832397461,5.914754390716553,9.272146224975586,0.22453169524669647,3.2437500953674316,3.9479167461395264,20.58443832397461,20.58443832397461,,,
4705,1783411867.7948015,4.9956175907925685e-05,4.9956175907925685e-05,,,0.6078125238418579,0.5718750357627869,0.359375,0.6078125238418579,20.065839767456055,5.584636211395264,9.451308250427246,0.22124142944812775,3.190624952316284,3.8958334922790527,20.065839767456055,20.065839767456055,,,
4710,1783411868.4745317,4.995608274206857e-05,4.995608274206857e-05,,,0.64111328125,0.6039062738418579,0.3720703125,0.64111328125,19.800079345703125,5.4804534912109375,9.516082763671875,0.22037723660469055,3.0562500953674316,3.9479167461395264,19.800079345703125,19.800079345703125,,,
4715,1783411869.1531742,4.995598947737277e-05,4.995598947737277e-05,,,0.605273425579071,0.568554699420929,0.3671875,0.605273425579071,20.37493133544922,5.918876647949219,9.468605041503906,0.22263488173484802,3.106250047683716,3.84375,20.37493133544922,20.37493133544922,,,
4720,1783411869.8329453,4.9955896113838636e-05,4.9955896113838636e-05,,,0.6685221195220947,0.630859375,0.3766276240348816,0.6685221195220947,19.878032684326172,5.484127998352051,9.086565017700195,0.22320228815078735,3.0562500953674316,3.8489584922790527,19.878032684326172,19.878032684326172,,,
4725,1783411870.60846,4.995580265146653e-05,4.995580265146653e-05,,,0.6397786140441895,0.603320300579071,0.3645833432674408,0.6397786140441895,19.998912811279297,5.492043495178223,8.943778991699219,0.22417807579040527,3.137500047683716,3.8697917461395264,19.998912811279297,19.998912811279297,,,
4730,1783411871.2861602,4.995570909025685e-05,4.995570909025685e-05,,,0.6327148675918579,0.5933594107627869,0.3935546875,0.6327148675918579,20.306331634521484,5.760794162750244,9.442428588867188,0.22232043743133545,3.21875,3.78125,20.306331634521484,20.306331634521484,,,
4735,1783411871.9772587,4.995561543020998e-05,4.995561543020998e-05,,,0.6149740219116211,0.5718750357627869,0.4309895932674408,0.6149740219116211,19.93817710876465,5.538943290710449,9.06810474395752,0.22152143716812134,3.137500047683716,3.8645834922790527,19.93817710876465,19.93817710876465,,,
4740,1783411872.6701932,4.995552167132624e-05,4.995552167132624e-05,,,0.6298177242279053,0.591015636920929,0.3880208432674408,0.6298177242279053,20.257740020751953,5.784979820251465,9.822591781616211,0.22235839068889618,3.106250047683716,3.78125,20.257740020751953,20.257740020751953,,,
4745,1783411873.3553958,4.9955427813606025e-05,4.9955427813606025e-05,,,0.6178385615348816,0.578125,0.3971354365348816,0.6178385615348816,20.05557632446289,5.672776222229004,9.398699760437012,0.22167159616947174,3.090625047683716,3.7708334922790527,20.05557632446289,20.05557632446289,,,
4750,1783411874.0416236,4.995533385704971e-05,4.995533385704971e-05,,,0.6666015982627869,0.6292968988418579,0.373046875,0.6666015982627869,19.521072387695312,5.209944248199463,8.710432052612305,0.2248953878879547,2.934375047683716,3.8541667461395264,19.521072387695312,19.521072387695312,,,
4755,1783411874.727417,4.995523980165765e-05,4.995523980165765e-05,,,0.56298828125,0.5238281488418579,0.3916015625,0.56298828125,20.27882194519043,5.713698863983154,9.329414367675781,0.22260171175003052,3.2250001430511475,3.9010417461395264,20.27882194519043,20.27882194519043,,,
4760,1783411875.4113452,4.9955145647430245e-05,4.9955145647430245e-05,,,0.5989909172058105,0.5634765625,0.3551432490348816,0.5989909172058105,20.212642669677734,5.6497321128845215,9.740377426147461,0.22435921430587769,3.0843751430511475,4.083333492279053,20.212642669677734,20.212642669677734,,,
4765,1783411876.097196,4.995505139436785e-05,4.995505139436785e-05,,,0.5955403447151184,0.55859375,0.3694661557674408,0.5955403447151184,20.108150482177734,5.751098155975342,8.97956657409668,0.22083869576454163,3.143749952316284,3.7760417461395264,20.108150482177734,20.108150482177734,,,
4770,1783411876.7788687,4.995495704247085e-05,4.995495704247085e-05,,,0.6827799677848816,0.643750011920929,0.3902994990348816,0.6827799677848816,19.633451461791992,5.303456783294678,8.984916687011719,0.22259820997714996,3.028125047683716,3.8645834922790527,19.633451461791992,19.633451461791992,,,
4775,1783411877.4605248,4.995486259173962e-05,4.995486259173962e-05,,,0.5927734375,0.5570312738418579,0.357421875,0.5927734375,20.119327545166016,5.70899772644043,9.550294876098633,0.2215414047241211,3.090625047683716,3.953125,20.119327545166016,20.119327545166016,,,
4780,1783411878.14093,4.995476804217451e-05,4.995476804217451e-05,,,0.6529948115348816,0.6171875,0.3580729365348816,0.6529948115348816,19.765636444091797,5.369945049285889,9.406606674194336,0.22202150523662567,3.0718750953674316,3.921875,19.765636444091797,19.765636444091797,,,
4785,1783411878.8246236,4.995467339377592e-05,4.995467339377592e-05,,,0.5860026478767395,0.5494140982627869,0.3658854365348816,0.5860026478767395,20.042617797851562,5.616674423217773,9.341007232666016,0.22296683490276337,3.075000047683716,3.8333334922790527,20.042617797851562,20.042617797851562,,,
4790,1783411879.5061455,4.9954578646544224e-05,4.9954578646544224e-05,,,0.5876302123069763,0.553515613079071,0.3411458432674408,0.5876302123069763,20.962379455566406,6.156545162200928,9.882254600524902,0.2263866811990738,3.237499952316284,3.9270834922790527,20.962379455566406,20.962379455566406,,,
4795,1783411880.1913218,4.995448380047977e-05,4.995448380047977e-05,,,0.6648763418197632,0.6265625357627869,0.3831380307674408,0.6648763418197632,19.959625244140625,5.507308006286621,9.027060508728027,0.22286175191402435,3.1468751430511475,3.7395834922790527,19.959625244140625,19.959625244140625,,,
4800,1783411880.8759687,4.9954388855582957e-05,4.9954388855582957e-05,,,0.6455078125,0.6068359613418579,0.38671875,0.6455078125,20.118030548095703,5.625178813934326,8.924890518188477,0.225019633769989,3.09375,3.8072917461395264,20.118030548095703,20.118030548095703,,,
4805,1783411881.55966,4.9954293811854156e-05,4.9954293811854156e-05,,,0.7069010734558105,0.6695312857627869,0.3736979365348816,0.7069010734558105,19.449806213378906,5.2234883308410645,8.92387580871582,0.2209160476922989,3.0062501430511475,3.8645834922790527,19.449806213378906,19.449806213378906,,,
4810,1783411882.243666,4.9954198669293754e-05,4.9954198669293754e-05,,,0.6256185173988342,0.591796875,0.3382161557674408,0.6256185173988342,20.43277359008789,5.834817886352539,10.01969051361084,0.22224876284599304,3.1968750953674316,3.9791667461395264,20.43277359008789,20.43277359008789,,,
4815,1783411882.92384,4.995410342790211e-05,4.995410342790211e-05,,,0.6319336295127869,0.594921886920929,0.3701171875,0.6319336295127869,20.005006790161133,5.81618595123291,9.48459529876709,0.2177603393793106,3.049999952316284,3.9114584922790527,20.005006790161133,20.005006790161133,,,
4820,1783411883.6059165,4.995400808767962e-05,4.995400808767962e-05,,,0.6513671875,0.615039050579071,0.36328125,0.6513671875,19.92198944091797,5.534724235534668,8.985712051391602,0.2218436896800995,3.1187500953674316,3.8697917461395264,19.92198944091797,19.92198944091797,,,
4825,1783411884.285268,4.995391264862664e-05,4.995391264862664e-05,,,0.6231445670127869,0.5873047113418579,0.3583984375,0.6231445670127869,20.49939727783203,5.904798984527588,9.669092178344727,0.2212287336587906,3.2718751430511475,4.005208492279053,20.49939727783203,20.49939727783203,,,
4830,1783411884.9668722,4.995381711074356e-05,4.995381711074356e-05,,,0.6396158933639526,0.6025390625,0.3707682490348816,0.6396158933639526,19.474224090576172,5.304297924041748,9.186412811279297,0.21836188435554504,3.0406250953674316,3.84375,19.474224090576172,19.474224090576172,,,
4835,1783411885.6472428,4.995372147403074e-05,4.995372147403074e-05,,,0.6091797351837158,0.5716797113418579,0.375,0.6091797351837158,20.354415893554688,5.821802616119385,9.019441604614258,0.22285746037960052,3.215625047683716,3.8645834922790527,20.354415893554688,20.354415893554688,,,
4840,1783411886.3287413,4.9953625738488586e-05,4.9953625738488586e-05,,,0.6909505128860474,0.652148425579071,0.3880208432674408,0.6909505128860474,19.669933319091797,5.387973785400391,8.938779830932617,0.22023282945156097,3.09375,3.8385417461395264,19.669933319091797,19.669933319091797,,,
4845,1783411887.0102434,4.995352990411747e-05,4.995352990411747e-05,,,0.6902018785476685,0.6527343988418579,0.3746744990348816,0.6902018785476685,19.655223846435547,5.49233341217041,9.693912506103516,0.2172745019197464,3.0218751430511475,3.9427084922790527,19.655223846435547,19.655223846435547,,,
4850,1783411887.69577,4.9953433970917755e-05,4.9953433970917755e-05,,,0.5993977785110474,0.565625011920929,0.3377278745174408,0.5993977785110474,20.580272674560547,6.132066249847412,9.82797622680664,0.21906928718090057,3.221874952316284,3.8541667461395264,20.580272674560547,20.580272674560547,,,
4855,1783411888.3787527,4.995333793888986e-05,4.995333793888986e-05,,,0.6524576544761658,0.614062488079071,0.3839518427848816,0.6524576544761658,19.567489624023438,5.317314624786377,8.672932624816895,0.2211010754108429,3.0406250953674316,3.9270834922790527,19.567489624023438,19.567489624023438,,,
4860,1783411889.0588582,4.995324180803413e-05,4.995324180803413e-05,,,0.647167980670929,0.612500011920929,0.3466796875,0.647167980670929,19.963176727294922,5.681274890899658,9.356066703796387,0.21974405646324158,3.065624952316284,3.921875,19.963176727294922,19.963176727294922,,,
4865,1783411889.7412407,4.995314557835094e-05,4.995314557835094e-05,,,0.5943685173988342,0.555859386920929,0.3850911557674408,0.5943685173988342,20.30678939819336,5.925341606140137,9.079856872558594,0.21906305849552155,3.2437500953674316,3.71875,20.30678939819336,20.30678939819336,,,
4870,1783411890.420306,4.995304924984069e-05,4.995304924984069e-05,,,0.6331380009651184,0.595507800579071,0.3763020932674408,0.6331380009651184,19.59679412841797,5.535391330718994,9.13978385925293,0.21636633574962616,3.0218751430511475,3.890625,19.59679412841797,19.59679412841797,,,
4875,1783411891.1044583,4.9952952822503764e-05,4.9952952822503764e-05,,,0.6660807132720947,0.628125011920929,0.3795573115348816,0.6660807132720947,19.164325714111328,5.161104679107666,9.270532608032227,0.21712087094783783,2.924999952316284,3.8072917461395264,19.164325714111328,19.164325714111328,,,
4880,1783411891.7853854,4.995285629634055e-05,4.995285629634055e-05,,,0.6216797232627869,0.584179699420929,0.375,0.6216797232627869,20.03292465209961,5.704322814941406,9.454675674438477,0.21957890689373016,3.1156251430511475,3.8645834922790527,20.03292465209961,20.03292465209961,,,
4885,1783411892.4690945,4.9952759671351404e-05,4.9952759671351404e-05,,,0.6653971076011658,0.625781238079071,0.3961588740348816,0.6653971076011658,19.326404571533203,5.126601696014404,8.922019004821777,0.21994902193546295,3.0218751430511475,3.8802084922790527,19.326404571533203,19.326404571533203,,,
4890,1783411893.1482399,4.995266294753671e-05,4.995266294753671e-05,,,0.6121419668197632,0.577343761920929,0.3479817807674408,0.6121419668197632,19.9434814453125,5.6282057762146,9.468303680419922,0.22065295279026031,3.049999952316284,3.890625,19.9434814453125,19.9434814453125,,,
4895,1783411893.83493,4.995256612489687e-05,4.995256612489687e-05,,,0.622753918170929,0.587109386920929,0.3564453125,0.622753918170929,19.57857894897461,5.362745761871338,9.0142822265625,0.2185029685497284,3.0875000953674316,3.9427084922790527,19.57857894897461,19.57857894897461,,,
4900,1783411894.5256093,4.995246920343228e-05,4.995246920343228e-05,,,0.6127604246139526,0.577343761920929,0.3541666865348816,0.6127604246139526,20.12729263305664,5.731273651123047,9.680355072021484,0.2217908650636673,3.049999952316284,3.9739584922790527,20.12729263305664,20.12729263305664,,,
4905,1783411895.2139564,4.995237218314328e-05,4.995237218314328e-05,,,0.6404948234558105,0.602734386920929,0.3776041865348816,0.6404948234558105,19.374374389648438,5.258886814117432,8.854387283325195,0.21841083467006683,3.015625,3.859375,19.374374389648438,19.374374389648438,,,
4910,1783411895.9049127,4.99522750640303e-05,4.99522750640303e-05,,,0.6381185054779053,0.599414050579071,0.3870442807674408,0.6381185054779053,19.71222496032715,5.382217884063721,9.257769584655762,0.22064955532550812,3.0875000953674316,3.875,19.71222496032715,19.71222496032715,,,
4915,1783411896.591278,4.995217784609369e-05,4.995217784609369e-05,,,0.6146158576011658,0.575976550579071,0.3863932490348816,0.6146158576011658,19.545665740966797,5.453704833984375,8.996903419494629,0.2174786776304245,3.015625,3.9010417461395264,19.545665740966797,19.545665740966797,,,
4920,1783411897.2818782,4.995208052933385e-05,4.995208052933385e-05,,,0.5914713740348816,0.5546875,0.3678385615348816,0.5914713740348816,20.306367874145508,5.886359691619873,9.638618469238281,0.21967361867427826,3.1812500953674316,3.8958334922790527,20.306367874145508,20.306367874145508,,,
4925,1783411897.9759123,4.995198311375117e-05,4.995198311375117e-05,,,0.6304361820220947,0.593945324420929,0.3649088740348816,0.6304361820220947,19.876476287841797,5.505992889404297,9.46877670288086,0.2220754772424698,3.03125,3.9895834922790527,19.876476287841797,19.876476287841797,,,
4930,1783411898.6668367,4.9951885599346044e-05,4.9951885599346044e-05,,,0.7045572996139526,0.6669921875,0.3756510615348816,0.7045572996139526,19.201080322265625,5.0059404373168945,9.342491149902344,0.21887625753879547,3.018749952316284,3.9270834922790527,19.201080322265625,19.201080322265625,,,
4935,1783411899.3565238,4.995178798611883e-05,4.995178798611883e-05,,,0.6623698472976685,0.6265625357627869,0.3580729365348816,0.6623698472976685,20.03615951538086,5.772757530212402,9.741671562194824,0.21851077675819397,3.0625,3.9375,20.03615951538086,20.03615951538086,,,
4940,1783411900.0461636,4.9951690274069935e-05,4.9951690274069935e-05,,,0.6544596552848816,0.6166015863418579,0.3785807490348816,0.6544596552848816,20.07443618774414,5.5299763679504395,8.818608283996582,0.22468970715999603,3.168750047683716,3.828125,20.07443618774414,20.07443618774414,,,
4945,1783411900.734337,4.9951592463199746e-05,4.9951592463199746e-05,,,0.6122070550918579,0.5751953125,0.3701171875,0.6122070550918579,20.0371036529541,5.55435037612915,9.109819412231445,0.22271759808063507,3.1625001430511475,3.8697917461395264,20.0371036529541,20.0371036529541,,,
4950,1783411901.4236264,4.995149455350863e-05,4.995149455350863e-05,,,0.7574219107627869,0.7191406488418579,0.3828125,0.7574219107627869,18.846813201904297,4.82909631729126,8.973934173583984,0.2193983793258667,2.859375,3.8802084922790527,18.846813201904297,18.846813201904297,,,
4955,1783411902.1138077,4.995139654499699e-05,4.995139654499699e-05,,,0.5985351204872131,0.561328113079071,0.3720703125,0.5985351204872131,20.048120498657227,5.628459453582764,8.913496017456055,0.22183284163475037,3.153125047683716,3.9270834922790527,20.048120498657227,20.048120498657227,,,
4960,1783411902.7992232,4.995129843766521e-05,4.995129843766521e-05,,,0.6739908456802368,0.633593738079071,0.4039713740348816,0.6739908456802368,19.186683654785156,5.07405948638916,8.438270568847656,0.21987372636795044,3.003124952316284,3.7135417461395264,19.186683654785156,19.186683654785156,,,
4965,1783411903.4854476,4.995120023151369e-05,4.995120023151369e-05,,,0.6490885615348816,0.611523449420929,0.3756510615348816,0.6490885615348816,19.618040084838867,5.306015968322754,9.393964767456055,0.22265559434890747,2.965625047683716,3.875,19.618040084838867,19.618040084838867,,,
4970,1783411904.1767323,4.995110192654282e-05,4.995110192654282e-05,,,0.6113932728767395,0.5746093988418579,0.3678385615348816,0.6113932728767395,20.00320816040039,5.470297813415527,8.867437362670898,0.22467175126075745,3.15625,3.796875,20.00320816040039,20.00320816040039,,,
4975,1783411904.8727446,4.9951003522752975e-05,4.9951003522752975e-05,,,0.7014973759651184,0.6640625,0.3743489682674408,0.7014973759651184,19.29690933227539,5.187982082366943,8.973586082458496,0.21926172077655792,2.950000047683716,3.9479167461395264,19.29690933227539,19.29690933227539,,,
4980,1783411905.5664988,4.995090502014455e-05,4.995090502014455e-05,,,0.5947591662406921,0.5562500357627869,0.3850911557674408,0.5947591662406921,20.372459411621094,6.02911901473999,9.008769989013672,0.21806170046329498,3.246875047683716,3.828125,20.372459411621094,20.372459411621094,,,
4985,1783411906.2528458,4.995080641871793e-05,4.995080641871793e-05,,,0.6692057251930237,0.630664050579071,0.3854166865348816,0.6692057251930237,20.041147232055664,5.670697212219238,10.046516418457031,0.22050154209136963,3.043750047683716,3.9947917461395264,20.041147232055664,20.041147232055664,,,
4990,1783411906.9409046,4.995070771847351e-05,4.995070771847351e-05,,,0.6318359375,0.594921886920929,0.369140625,0.6318359375,19.6455135345459,5.181922912597656,9.184383392333984,0.2222302407026291,3.1468751430511475,3.9791667461395264,19.6455135345459,19.6455135345459,,,
4995,1783411907.6324887,4.995060891941169e-05,4.995060891941169e-05,,,0.6616536378860474,0.620312511920929,0.4134114682674408,0.6616536378860474,19.33201026916504,5.140444278717041,8.976814270019531,0.22059328854084015,2.987499952316284,3.796875,19.33201026916504,19.33201026916504,,,
5000,1783411908.3211217,4.995051002153285e-05,4.995051002153285e-05,,,0.71484375,0.6771484613418579,0.376953125,0.71484375,19.036911010742188,5.0372538566589355,9.015928268432617,0.21962134540081024,2.8218750953674316,3.9322917461395264,19.036911010742188,19.036911010742188,,,
5005,1783411909.0066059,4.995041102483738e-05,4.995041102483738e-05,,,0.7083659172058105,0.6656250357627869,0.4274088740348816,0.7083659172058105,18.97490692138672,5.007038116455078,8.088768005371094,0.21795447170734406,2.9750001430511475,3.7604167461395264,18.97490692138672,18.97490692138672,,,
5010,1783411909.6955175,4.995031192932567e-05,4.995031192932567e-05,,,0.6390625238418579,0.6005859375,0.384765625,0.6390625238418579,19.88628387451172,5.4292192459106445,9.056754112243652,0.2230864018201828,3.121875047683716,3.90625,19.88628387451172,19.88628387451172,,,
5015,1783411910.383616,4.9950212734998137e-05,4.9950212734998137e-05,,,0.6871094107627869,0.6509765982627869,0.361328125,0.6871094107627869,19.480310440063477,5.3054728507995605,9.549102783203125,0.21922756731510162,2.956249952316284,3.984375,19.480310440063477,19.480310440063477,,,
5020,1783411911.0643477,4.995011344185514e-05,4.995011344185514e-05,,,0.6170898675918579,0.5791015625,0.3798828125,0.6170898675918579,19.803464889526367,5.349635124206543,9.089214324951172,0.22169241309165955,3.1812500953674316,3.875,19.803464889526367,19.803464889526367,,,
5025,1783411911.7455742,4.995001404989709e-05,4.995001404989709e-05,,,0.6018555164337158,0.5638672113418579,0.3798828125,0.6018555164337158,20.131546020507812,5.675851345062256,9.02466106414795,0.22367127239704132,3.112499952316284,3.7552084922790527,20.131546020507812,20.131546020507812,,,
5030,1783411912.429168,4.9949914559124374e-05,4.9949914559124374e-05,,,0.6966797113418579,0.6591796875,0.375,0.6966797113418579,19.163530349731445,5.067121982574463,8.62347412109375,0.2204328328371048,2.9375,3.7708334922790527,19.163530349731445,19.163530349731445,,,
5035,1783411913.113923,4.99498149695374e-05,4.99498149695374e-05,,,0.6240559816360474,0.587890625,0.3616536557674408,0.6240559816360474,20.004756927490234,5.555734634399414,9.751391410827637,0.2189798206090927,3.2250001430511475,3.9479167461395264,20.004756927490234,20.004756927490234,,,
5040,1783411913.7961946,4.994971528113654e-05,4.994971528113654e-05,,,0.623046875,0.5859375,0.37109375,0.623046875,19.49934959411621,5.3546600341796875,8.888198852539062,0.2189151495695114,3.0250000953674316,3.796875,19.49934959411621,19.49934959411621,,,
5045,1783411914.478021,4.994961549392221e-05,4.994961549392221e-05,,,0.7717122435569763,0.7289062738418579,0.4280599057674408,0.7717122435569763,18.60845375061035,4.703334331512451,8.410189628601074,0.22068370878696442,2.7593750953674316,3.7395834922790527,18.60845375061035,18.60845375061035,,,
5050,1783411915.16977,4.9949515607894805e-05,4.9949515607894805e-05,,,0.5873047113418579,0.552734375,0.345703125,0.5873047113418579,20.264484405517578,5.7374396324157715,10.326129913330078,0.22092953324317932,3.140625,4.1197919845581055,20.264484405517578,20.264484405517578,,,
5055,1783411915.8595054,4.994941562305471e-05,4.994941562305471e-05,,,0.6593098640441895,0.621874988079071,0.3743489682674408,0.6593098640441895,19.530086517333984,5.332029342651367,8.943208694458008,0.21933071315288544,3.0531251430511475,3.8072917461395264,19.530086517333984,19.530086517333984,,,
5060,1783411916.537301,4.9949315539402304e-05,4.9949315539402304e-05,,,0.6430013179779053,0.60546875,0.3753255307674408,0.6430013179779053,19.550216674804688,5.363550186157227,9.465883255004883,0.21862207353115082,3.003124952316284,3.9895834922790527,19.550216674804688,19.550216674804688,,,
5065,1783411917.2131846,4.994921535693802e-05,4.994921535693802e-05,,,0.6101236939430237,0.573437511920929,0.3668619990348816,0.6101236939430237,20.529170989990234,5.857513904571533,9.848690032958984,0.22330595552921295,3.2437500953674316,3.9427084922790527,20.529170989990234,20.529170989990234,,,
5070,1783411917.8753715,4.9949115075662235e-05,4.9949115075662235e-05,,,0.6163411736488342,0.58203125,0.3430989682674408,0.6163411736488342,19.617660522460938,5.335379123687744,9.479965209960938,0.21918781101703644,3.059375047683716,4.114583492279053,19.617660522460938,19.617660522460938,,,
5070,1783411918.264901,,,,,,,,,,,,,,,,,9.603564395904542,0.21341254264116288,9.603564395904542
5070,1783411919.6831172,,,1414.1632729999856,690.2098035812378,,,,,,,,,,,,,,,
5070,1783411921.0233936,,,1336.4969799999926,690.2098035812378,,,,,,,,,,,,,,,
