step,split,time_unix,train_excitation_cross_entropy,train_loss,val_excitation_cross_entropy,val_loss
0,validation,1783387642.8347247,,,5.628918409347534,5.628918409347534
10,train,1783387657.600729,4.619914531707764,4.619914531707764,,
20,train,1783387659.9997318,4.466886043548584,4.466886043548584,,
30,train,1783387662.3743577,4.316125869750977,4.316125869750977,,
40,train,1783387664.6984313,4.291010856628418,4.291010856628418,,
50,train,1783387680.2176597,4.202779769897461,4.202779769897461,,
60,train,1783387717.4053195,4.100503921508789,4.100503921508789,,
70,train,1783387739.3814821,4.128377437591553,4.128377437591553,,
80,train,1783387766.627272,4.102348804473877,4.102348804473877,,
90,train,1783387785.383882,4.099105358123779,4.099105358123779,,
100,train,1783387804.202228,3.972644090652466,3.972644090652466,,
110,train,1783387806.5760975,3.9611117839813232,3.9611117839813232,,
120,train,1783387808.9140375,4.022974967956543,4.022974967956543,,
130,train,1783387811.3421283,3.845975399017334,3.845975399017334,,
140,train,1783387813.696703,3.923556327819824,3.923556327819824,,
150,train,1783387816.1102445,3.9635727405548096,3.9635727405548096,,
160,train,1783387818.4975367,3.825629234313965,3.825629234313965,,
170,train,1783387820.8643456,3.816538095474243,3.816538095474243,,
180,train,1783387823.206801,3.9119760990142822,3.9119760990142822,,
190,train,1783387825.5280197,3.8871028423309326,3.8871028423309326,,
200,train,1783387828.3552563,3.8490779399871826,3.8490779399871826,,
210,train,1783387830.7320807,3.8561174869537354,3.8561174869537354,,
220,train,1783387833.0803537,3.844249725341797,3.844249725341797,,
230,train,1783387835.4033933,3.8048219680786133,3.8048219680786133,,
240,train,1783387837.803867,3.7933590412139893,3.7933590412139893,,
250,train,1783387840.1853397,3.845069169998169,3.845069169998169,,
260,train,1783387842.5242913,3.8050384521484375,3.8050384521484375,,
270,train,1783387844.9010875,3.777252197265625,3.777252197265625,,
280,train,1783387847.2694132,3.779155731201172,3.779155731201172,,
290,train,1783387849.5958428,3.6912920475006104,3.6912920475006104,,
300,train,1783387852.3921034,3.650806188583374,3.650806188583374,,
310,train,1783387854.741466,3.8625004291534424,3.8625004291534424,,
320,train,1783387857.1488492,3.7590584754943848,3.7590584754943848,,
330,train,1783387859.4922087,3.793224334716797,3.793224334716797,,
340,train,1783387861.818795,3.8161280155181885,3.8161280155181885,,
350,train,1783387864.203005,3.7752230167388916,3.7752230167388916,,
360,train,1783387866.5752337,3.611272096633911,3.611272096633911,,
370,train,1783387868.9460204,3.711700201034546,3.711700201034546,,
380,train,1783387871.279924,3.7041146755218506,3.7041146755218506,,
390,train,1783387873.6898983,3.749690055847168,3.749690055847168,,
400,train,1783387877.4830663,3.6935436725616455,3.6935436725616455,,
410,train,1783387880.0759127,3.686591863632202,3.686591863632202,,
420,train,1783387882.430904,3.6991662979125977,3.6991662979125977,,
430,train,1783387884.773326,3.677839517593384,3.677839517593384,,
440,train,1783387887.085564,3.6515052318573,3.6515052318573,,
450,train,1783387889.429815,3.6520235538482666,3.6520235538482666,,
460,train,1783387891.7727764,3.669654130935669,3.669654130935669,,
470,train,1783387894.110784,3.592954158782959,3.592954158782959,,
480,train,1783387896.4321268,3.6441781520843506,3.6441781520843506,,
490,train,1783387898.6527033,3.684199333190918,3.684199333190918,,
500,train,1783387901.5535312,3.6573901176452637,3.6573901176452637,,
510,train,1783387903.892874,3.618723154067993,3.618723154067993,,
520,train,1783387906.2448645,3.712924003601074,3.712924003601074,,
530,train,1783387908.568184,3.6347498893737793,3.6347498893737793,,
540,train,1783387910.9479325,3.710895299911499,3.710895299911499,,
550,train,1783387913.3463938,3.566612958908081,3.566612958908081,,
560,train,1783387915.6893303,3.7327213287353516,3.7327213287353516,,
570,train,1783387918.0299382,3.6307971477508545,3.6307971477508545,,
580,train,1783387920.3561237,3.69433856010437,3.69433856010437,,
590,train,1783387923.0890646,3.622053623199463,3.622053623199463,,
600,train,1783387925.478705,3.572310447692871,3.572310447692871,,
610,train,1783387927.822145,3.659897565841675,3.659897565841675,,
620,train,1783387930.1890016,3.6390626430511475,3.6390626430511475,,
630,train,1783387932.575809,3.563789129257202,3.563789129257202,,
640,train,1783387934.9112554,3.6012346744537354,3.6012346744537354,,
650,train,1783387937.2875366,3.5031673908233643,3.5031673908233643,,
660,train,1783387939.6326764,3.632059097290039,3.632059097290039,,
670,train,1783387941.9725807,3.5944080352783203,3.5944080352783203,,
680,train,1783387944.3028023,3.6098055839538574,3.6098055839538574,,
690,train,1783387947.0254545,3.5491929054260254,3.5491929054260254,,
700,train,1783387949.4038887,3.502546548843384,3.502546548843384,,
710,train,1783387951.7993119,3.570441246032715,3.570441246032715,,
720,train,1783387954.159199,3.591580390930176,3.591580390930176,,
730,train,1783387956.513684,3.665835380554199,3.665835380554199,,
740,train,1783387958.8933382,3.443751811981201,3.443751811981201,,
750,train,1783387961.2996476,3.486851453781128,3.486851453781128,,
760,train,1783387963.6839192,3.44154953956604,3.44154953956604,,
770,train,1783387966.038944,3.5353784561157227,3.5353784561157227,,
780,train,1783387968.3929307,3.54175066947937,3.54175066947937,,
790,train,1783387971.2018406,3.4878649711608887,3.4878649711608887,,
800,train,1783387973.6052477,3.5211639404296875,3.5211639404296875,,
810,train,1783387976.0015903,3.5331735610961914,3.5331735610961914,,
820,train,1783387978.4315739,3.6184732913970947,3.6184732913970947,,
830,train,1783387980.8191497,3.473482370376587,3.473482370376587,,
840,train,1783387983.2054534,3.5198585987091064,3.5198585987091064,,
850,train,1783387985.6424754,3.5597078800201416,3.5597078800201416,,
860,train,1783387988.033916,3.5018482208251953,3.5018482208251953,,
870,train,1783387990.403584,3.5100929737091064,3.5100929737091064,,
880,train,1783387992.7469108,3.488100290298462,3.488100290298462,,
890,train,1783387995.5965996,3.561556816101074,3.561556816101074,,
900,train,1783387998.1373177,3.442843437194824,3.442843437194824,,
910,train,1783388000.7217422,3.4575884342193604,3.4575884342193604,,
920,train,1783388003.1437435,3.4917795658111572,3.4917795658111572,,
930,train,1783388005.5218966,3.4572031497955322,3.4572031497955322,,
940,train,1783388007.9023757,3.4255950450897217,3.4255950450897217,,
950,train,1783388010.3334246,3.538970947265625,3.538970947265625,,
960,train,1783388012.6761131,3.4129903316497803,3.4129903316497803,,
970,train,1783388015.0455809,3.393707036972046,3.393707036972046,,
980,train,1783388017.292441,3.427605390548706,3.427605390548706,,
990,train,1783388020.1907916,3.4159204959869385,3.4159204959869385,,
1000,train,1783388022.6174824,3.440063238143921,3.440063238143921,,
1010,train,1783388025.005117,3.4989967346191406,3.4989967346191406,,
1020,train,1783388027.3684611,3.4636247158050537,3.4636247158050537,,
1030,train,1783388029.7047427,3.561952829360962,3.561952829360962,,
1040,train,1783388032.1052735,3.4680588245391846,3.4680588245391846,,
1050,train,1783388035.1864352,3.365396499633789,3.365396499633789,,
1060,train,1783388038.0584197,3.5578198432922363,3.5578198432922363,,
1070,train,1783388040.7590857,3.5072267055511475,3.5072267055511475,,
1080,train,1783388044.4802885,3.466517448425293,3.466517448425293,,
1090,train,1783388047.0160673,3.488717555999756,3.488717555999756,,
1100,train,1783388049.471604,3.488706588745117,3.488706588745117,,
1110,train,1783388051.8311486,3.449718475341797,3.449718475341797,,
1120,train,1783388054.1805768,3.4215736389160156,3.4215736389160156,,
1130,train,1783388056.5504391,3.4575233459472656,3.4575233459472656,,
1140,train,1783388058.908481,3.5630884170532227,3.5630884170532227,,
1150,train,1783388061.3507712,3.4457147121429443,3.4457147121429443,,
1160,train,1783388063.7160056,3.3994486331939697,3.3994486331939697,,
1170,train,1783388066.3403385,3.563477039337158,3.563477039337158,,
1180,train,1783388069.3429146,3.4147298336029053,3.4147298336029053,,
1190,train,1783388072.152795,3.578611373901367,3.578611373901367,,
1200,train,1783388075.2172341,3.366475820541382,3.366475820541382,,
1210,train,1783388077.8593364,3.4705324172973633,3.4705324172973633,,
1220,train,1783388080.4537165,3.4686763286590576,3.4686763286590576,,
1230,train,1783388082.8946211,3.469524383544922,3.469524383544922,,
1240,train,1783388085.454478,3.2835519313812256,3.2835519313812256,,
1250,train,1783388088.076184,3.467376708984375,3.467376708984375,,
1260,train,1783388090.5970573,3.4907145500183105,3.4907145500183105,,
1270,train,1783388092.9955437,3.4404561519622803,3.4404561519622803,,
1280,train,1783388096.2728205,3.4895834922790527,3.4895834922790527,,
1290,train,1783388098.6567833,3.393117666244507,3.393117666244507,,
1300,train,1783388101.0222595,3.4639031887054443,3.4639031887054443,,
1310,train,1783388103.3731427,3.3908917903900146,3.3908917903900146,,
1320,train,1783388105.7510467,3.4098124504089355,3.4098124504089355,,
1330,train,1783388108.1180654,3.4811508655548096,3.4811508655548096,,
1340,train,1783388110.4694288,3.4534106254577637,3.4534106254577637,,
1350,train,1783388112.8697116,3.54575777053833,3.54575777053833,,
1360,train,1783388115.2309566,3.42648983001709,3.42648983001709,,
1370,train,1783388117.564793,3.3065075874328613,3.3065075874328613,,
1380,train,1783388120.319095,3.447160243988037,3.447160243988037,,
1390,train,1783388122.662122,3.273691177368164,3.273691177368164,,
1400,train,1783388125.0456865,3.3486294746398926,3.3486294746398926,,
1410,train,1783388127.3934112,3.502202272415161,3.502202272415161,,
1420,train,1783388129.7588568,3.3294100761413574,3.3294100761413574,,
1430,train,1783388132.1538427,3.466019868850708,3.466019868850708,,
1440,train,1783388134.5110223,3.434222936630249,3.434222936630249,,
1450,train,1783388136.8965268,3.3252367973327637,3.3252367973327637,,
1460,train,1783388139.225663,3.389508008956909,3.389508008956909,,
1470,train,1783388141.4389627,3.3402202129364014,3.3402202129364014,,
1480,train,1783388144.3058023,3.470853805541992,3.470853805541992,,
1490,train,1783388146.6351721,3.4199414253234863,3.4199414253234863,,
1500,train,1783388149.01706,3.4576799869537354,3.4576799869537354,,
1510,train,1783388151.3831124,3.34757661819458,3.34757661819458,,
1520,train,1783388153.750771,3.3854987621307373,3.3854987621307373,,
1530,train,1783388156.1037447,3.3664159774780273,3.3664159774780273,,
1540,train,1783388158.464782,3.2872841358184814,3.2872841358184814,,
1550,train,1783388160.8670988,3.3718738555908203,3.3718738555908203,,
1560,train,1783388163.2299318,3.3830559253692627,3.3830559253692627,,
1570,train,1783388165.993203,3.311495304107666,3.311495304107666,,
1580,train,1783388168.3501744,3.4359354972839355,3.4359354972839355,,
1590,train,1783388170.7330704,3.3924968242645264,3.3924968242645264,,
1600,train,1783388173.1139834,3.4609501361846924,3.4609501361846924,,
1610,train,1783388175.4682722,3.438626289367676,3.438626289367676,,
1620,train,1783388177.9297116,3.337700366973877,3.337700366973877,,
1630,train,1783388180.2675514,3.29707670211792,3.29707670211792,,
1640,train,1783388182.6336248,3.3520472049713135,3.3520472049713135,,
1650,train,1783388185.0413747,3.3600027561187744,3.3600027561187744,,
1660,train,1783388187.4041436,3.393730401992798,3.393730401992798,,
1670,train,1783388190.1538165,3.4236178398132324,3.4236178398132324,,
1680,train,1783388192.5246694,3.360811948776245,3.360811948776245,,
1690,train,1783388194.8729455,3.4201619625091553,3.4201619625091553,,
1700,train,1783388197.2901423,3.4239845275878906,3.4239845275878906,,
1710,train,1783388199.6952865,3.4737961292266846,3.4737961292266846,,
1720,train,1783388202.089646,3.419466972351074,3.419466972351074,,
1730,train,1783388204.4753942,3.370394468307495,3.370394468307495,,
1740,train,1783388206.8569956,3.333604097366333,3.333604097366333,,
1750,train,1783388209.273606,3.3398995399475098,3.3398995399475098,,
1760,train,1783388211.6622546,3.3770227432250977,3.3770227432250977,,
1770,train,1783388214.503887,3.3426718711853027,3.3426718711853027,,
1780,train,1783388216.8840456,3.398710250854492,3.398710250854492,,
1790,train,1783388219.2746978,3.2894561290740967,3.2894561290740967,,
1800,train,1783388221.7144575,3.3590469360351562,3.3590469360351562,,
1810,train,1783388224.1163256,3.381387233734131,3.381387233734131,,
1820,train,1783388226.4929287,3.273092031478882,3.273092031478882,,
1830,train,1783388228.8417242,3.338129997253418,3.338129997253418,,
1840,train,1783388231.2036524,3.4423861503601074,3.4423861503601074,,
1850,train,1783388233.6020124,3.313340663909912,3.313340663909912,,
1860,train,1783388235.96508,3.252924919128418,3.252924919128418,,
1870,train,1783388238.7265544,3.2749907970428467,3.2749907970428467,,
1880,train,1783388241.0326111,3.4178853034973145,3.4178853034973145,,
1890,train,1783388243.3975644,3.219008207321167,3.219008207321167,,
1900,train,1783388245.7997205,3.264272928237915,3.264272928237915,,
1910,train,1783388248.175359,3.358469009399414,3.358469009399414,,
1920,train,1783388250.5263581,3.3141634464263916,3.3141634464263916,,
1930,train,1783388252.8838038,3.303353786468506,3.303353786468506,,
1940,train,1783388255.2568886,3.2888636589050293,3.2888636589050293,,
1950,train,1783388257.679668,3.3627877235412598,3.3627877235412598,,
1960,train,1783388259.9430032,3.4965853691101074,3.4965853691101074,,
1970,train,1783388262.8445897,3.320322275161743,3.320322275161743,,
1980,train,1783388265.196765,3.2882566452026367,3.2882566452026367,,
1990,train,1783388267.565578,3.3273091316223145,3.3273091316223145,,
2000,train,1783388269.9922473,3.243406295776367,3.243406295776367,,
2010,train,1783388272.3395991,3.3843352794647217,3.3843352794647217,,
2020,train,1783388274.6947644,3.367065191268921,3.367065191268921,,
2030,train,1783388277.0548108,3.358785629272461,3.358785629272461,,
2040,train,1783388279.4246833,3.2947030067443848,3.2947030067443848,,
2050,train,1783388281.8027081,3.3069612979888916,3.3069612979888916,,
2060,train,1783388284.562308,3.2997446060180664,3.2997446060180664,,
2070,train,1783388286.9273565,3.362833023071289,3.362833023071289,,
2080,train,1783388289.283262,3.35882568359375,3.35882568359375,,
2090,train,1783388291.6440396,3.3509418964385986,3.3509418964385986,,
2100,train,1783388294.0276313,3.3127832412719727,3.3127832412719727,,
2110,train,1783388296.36673,3.414578437805176,3.414578437805176,,
2120,train,1783388298.7280226,3.269192695617676,3.269192695617676,,
2130,train,1783388301.1220026,3.41929292678833,3.41929292678833,,
2140,train,1783388303.4974792,3.2846124172210693,3.2846124172210693,,
2150,train,1783388305.8752327,3.2665553092956543,3.2665553092956543,,
2160,train,1783388308.6876059,3.3854291439056396,3.3854291439056396,,
2170,train,1783388311.0370586,3.4024746417999268,3.4024746417999268,,
2180,train,1783388313.3979392,3.4038522243499756,3.4038522243499756,,
2190,train,1783388315.7813535,3.39526629447937,3.39526629447937,,
2200,train,1783388318.1775227,3.3263769149780273,3.3263769149780273,,
2210,train,1783388320.4957743,3.2948899269104004,3.2948899269104004,,
2220,train,1783388322.8357658,3.3587756156921387,3.3587756156921387,,
2230,train,1783388325.2022297,3.3855273723602295,3.3855273723602295,,
2240,train,1783388327.5564678,3.279904365539551,3.279904365539551,,
2250,train,1783388329.8991284,3.270697832107544,3.270697832107544,,
2260,train,1783388332.6311636,3.43280291557312,3.43280291557312,,
2270,train,1783388334.987981,3.4250998497009277,3.4250998497009277,,
2280,train,1783388337.3190122,3.3976759910583496,3.3976759910583496,,
2290,train,1783388339.660422,3.3187808990478516,3.3187808990478516,,
2300,train,1783388342.0466852,3.2389633655548096,3.2389633655548096,,
2310,train,1783388344.368748,3.4742424488067627,3.4742424488067627,,
2320,train,1783388346.7299244,3.241344690322876,3.241344690322876,,
2330,train,1783388349.0699,3.3847718238830566,3.3847718238830566,,
2340,train,1783388351.401758,3.350165605545044,3.350165605545044,,
2350,train,1783388353.7613394,3.3406083583831787,3.3406083583831787,,
2360,train,1783388356.5099978,3.4046881198883057,3.4046881198883057,,
2370,train,1783388358.8662968,3.236642837524414,3.236642837524414,,
2380,train,1783388361.2115865,3.2565202713012695,3.2565202713012695,,
2390,train,1783388363.5871274,3.301257848739624,3.301257848739624,,
2400,train,1783388366.0038645,3.316833019256592,3.316833019256592,,
2410,train,1783388368.3916218,3.341496229171753,3.341496229171753,,
2420,train,1783388370.762899,3.2219698429107666,3.2219698429107666,,
2430,train,1783388373.0772364,3.2913005352020264,3.2913005352020264,,
2440,train,1783388375.4332728,3.418856620788574,3.418856620788574,,
2450,train,1783388377.7037134,3.263765573501587,3.263765573501587,,
2460,train,1783388380.5385401,3.4314723014831543,3.4314723014831543,,
2470,train,1783388382.885481,3.3162851333618164,3.3162851333618164,,
2480,train,1783388385.2442331,3.319380521774292,3.319380521774292,,
2490,train,1783388387.5737648,3.23793625831604,3.23793625831604,,
2500,train,1783388389.9984293,3.2761449813842773,3.2761449813842773,,
2510,train,1783388392.3551867,3.2376010417938232,3.2376010417938232,,
2520,train,1783388394.706729,3.357408046722412,3.357408046722412,,
2530,train,1783388397.002812,3.2670023441314697,3.2670023441314697,,
2540,train,1783388399.333786,3.3225090503692627,3.3225090503692627,,
2550,train,1783388402.1253302,3.314648151397705,3.314648151397705,,
2560,train,1783388404.4280334,3.3287293910980225,3.3287293910980225,,
2570,train,1783388406.7708144,3.284766435623169,3.284766435623169,,
2580,train,1783388409.1307154,3.3347580432891846,3.3347580432891846,,
2590,train,1783388411.5107164,3.3664636611938477,3.3664636611938477,,
2600,train,1783388413.8748243,3.2334039211273193,3.2334039211273193,,
2610,train,1783388416.2009647,3.3050003051757812,3.3050003051757812,,
2620,train,1783388418.5836935,3.2901902198791504,3.2901902198791504,,
2630,train,1783388420.9488404,3.3406550884246826,3.3406550884246826,,
2640,train,1783388423.2712958,3.2897286415100098,3.2897286415100098,,
2650,train,1783388426.0283933,3.430356979370117,3.430356979370117,,
2660,train,1783388428.3586195,3.343944549560547,3.343944549560547,,
2670,train,1783388430.6901157,3.3152031898498535,3.3152031898498535,,
2680,train,1783388433.0535972,3.2786459922790527,3.2786459922790527,,
2690,train,1783388435.432278,3.3532655239105225,3.3532655239105225,,
2700,train,1783388437.8333156,3.3932642936706543,3.3932642936706543,,
2710,train,1783388440.2010753,3.0984690189361572,3.0984690189361572,,
2720,train,1783388442.5617695,3.2761521339416504,3.2761521339416504,,
2730,train,1783388444.917838,3.249394178390503,3.249394178390503,,
2740,train,1783388447.217837,3.333350896835327,3.333350896835327,,
2750,train,1783388450.0391219,3.3846216201782227,3.3846216201782227,,
2760,train,1783388452.3880765,3.322253942489624,3.322253942489624,,
2770,train,1783388454.7472615,3.3935787677764893,3.3935787677764893,,
2780,train,1783388457.1181712,3.2985873222351074,3.2985873222351074,,
2790,train,1783388459.5287783,3.072995185852051,3.072995185852051,,
2800,train,1783388461.9459102,3.3413753509521484,3.3413753509521484,,
2810,train,1783388464.2797601,3.2763617038726807,3.2763617038726807,,
2820,train,1783388466.6456604,3.387150526046753,3.387150526046753,,
2830,train,1783388469.0382545,3.235283374786377,3.235283374786377,,
2840,train,1783388471.3845897,3.3395988941192627,3.3395988941192627,,
2850,train,1783388474.1941018,3.3166048526763916,3.3166048526763916,,
2860,train,1783388476.5419803,3.2669148445129395,3.2669148445129395,,
2870,train,1783388478.896952,3.4056808948516846,3.4056808948516846,,
2880,train,1783388481.2336667,3.35866641998291,3.35866641998291,,
2890,train,1783388483.580627,3.3218910694122314,3.3218910694122314,,
2900,train,1783388485.9562826,3.2371373176574707,3.2371373176574707,,
2910,train,1783388488.3111234,3.274745225906372,3.274745225906372,,
2920,train,1783388490.66653,3.123136043548584,3.123136043548584,,
2930,train,1783388493.0029554,3.3202409744262695,3.3202409744262695,,
2940,train,1783388495.2175868,3.4369115829467773,3.4369115829467773,,
2950,train,1783388498.0624,3.280724287033081,3.280724287033081,,
2960,train,1783388500.3721354,3.3341541290283203,3.3341541290283203,,
2970,train,1783388502.6823118,3.467888355255127,3.467888355255127,,
2980,train,1783388505.0662024,3.194770336151123,3.194770336151123,,
2990,train,1783388507.4060786,3.26959228515625,3.26959228515625,,
3000,train,1783388509.7709105,3.353949546813965,3.353949546813965,,
3010,train,1783388512.1427534,3.1435036659240723,3.1435036659240723,,
3020,train,1783388514.4868865,3.2405502796173096,3.2405502796173096,,
3030,train,1783388516.8160553,3.193260669708252,3.193260669708252,,
3040,train,1783388519.5894887,3.2639079093933105,3.2639079093933105,,
3050,train,1783388522.0196414,3.3295211791992188,3.3295211791992188,,
3060,train,1783388524.421425,3.237884521484375,3.237884521484375,,
3070,train,1783388526.7633164,3.322566509246826,3.322566509246826,,
3080,train,1783388529.0806422,3.364179849624634,3.364179849624634,,
3090,train,1783388531.4548807,3.1975414752960205,3.1975414752960205,,
3100,train,1783388533.8547676,3.29597544670105,3.29597544670105,,
3110,train,1783388536.1899133,3.2945878505706787,3.2945878505706787,,
3120,train,1783388538.5819721,3.3156795501708984,3.3156795501708984,,
3130,train,1783388540.9119267,3.3185627460479736,3.3185627460479736,,
3140,train,1783388543.644186,3.3847551345825195,3.3847551345825195,,
3150,train,1783388546.0510745,3.2815003395080566,3.2815003395080566,,
3160,train,1783388548.4241521,3.359710454940796,3.359710454940796,,
3170,train,1783388550.7876322,3.2296533584594727,3.2296533584594727,,
3180,train,1783388553.1357565,3.2224924564361572,3.2224924564361572,,
3190,train,1783388555.4960787,3.2607812881469727,3.2607812881469727,,
3200,train,1783388557.913923,3.334665536880493,3.334665536880493,,
3210,train,1783388560.3237975,3.3464698791503906,3.3464698791503906,,
3220,train,1783388562.677854,3.3255159854888916,3.3255159854888916,,
3230,train,1783388565.0267904,3.274489641189575,3.274489641189575,,
3240,train,1783388567.809017,3.2638657093048096,3.2638657093048096,,
3250,train,1783388570.1953506,3.213721513748169,3.213721513748169,,
3260,train,1783388572.5329912,3.360138177871704,3.360138177871704,,
3270,train,1783388574.9330485,3.376570224761963,3.376570224761963,,
3280,train,1783388577.2654169,3.2532336711883545,3.2532336711883545,,
3290,train,1783388579.632569,3.225775718688965,3.225775718688965,,
3300,train,1783388581.989714,3.4453275203704834,3.4453275203704834,,
3310,train,1783388584.3161957,3.221984624862671,3.221984624862671,,
3320,train,1783388586.6741037,3.330655574798584,3.330655574798584,,
3330,train,1783388589.0165608,3.276481866836548,3.276481866836548,,
3340,train,1783388591.7699,3.3272218704223633,3.3272218704223633,,
3350,train,1783388594.1873882,3.2449491024017334,3.2449491024017334,,
3360,train,1783388596.5105877,3.24611759185791,3.24611759185791,,
3370,train,1783388598.864116,3.344278573989868,3.344278573989868,,
3380,train,1783388601.2291384,3.3411099910736084,3.3411099910736084,,
3390,train,1783388603.5880153,3.449398994445801,3.449398994445801,,
3400,train,1783388606.0130646,3.2426791191101074,3.2426791191101074,,
3410,train,1783388608.3714604,3.3571977615356445,3.3571977615356445,,
3420,train,1783388610.747259,3.3015825748443604,3.3015825748443604,,
3430,train,1783388613.0040703,3.2414119243621826,3.2414119243621826,,
3440,train,1783388615.9813187,3.2546284198760986,3.2546284198760986,,
3450,train,1783388618.4235735,3.2954723834991455,3.2954723834991455,,
3460,train,1783388620.8226266,3.2868306636810303,3.2868306636810303,,
3470,train,1783388623.1959724,3.2827751636505127,3.2827751636505127,,
3480,train,1783388625.5780916,3.3472554683685303,3.3472554683685303,,
3490,train,1783388627.9045186,3.3330013751983643,3.3330013751983643,,
3500,train,1783388630.3012605,3.237582206726074,3.237582206726074,,
3510,train,1783388632.6893563,3.234222412109375,3.234222412109375,,
3520,train,1783388635.05925,3.320448398590088,3.320448398590088,,
3530,train,1783388637.8127546,3.2703933715820312,3.2703933715820312,,
3540,train,1783388640.1384606,3.2066125869750977,3.2066125869750977,,
3550,train,1783388642.5795977,3.195995330810547,3.195995330810547,,
3560,train,1783388644.9270124,3.260354995727539,3.260354995727539,,
3570,train,1783388647.323293,3.312086343765259,3.312086343765259,,
3580,train,1783388649.6820261,3.1696176528930664,3.1696176528930664,,
3590,train,1783388652.038075,3.2716662883758545,3.2716662883758545,,
3600,train,1783388654.438959,3.2209928035736084,3.2209928035736084,,
3610,train,1783388656.7973332,3.3187453746795654,3.3187453746795654,,
3620,train,1783388659.1469834,3.1637144088745117,3.1637144088745117,,
3630,train,1783388661.91924,3.265021562576294,3.265021562576294,,
3640,train,1783388664.2655923,3.268303632736206,3.268303632736206,,
3650,train,1783388666.6694515,3.311055898666382,3.311055898666382,,
3660,train,1783388669.0113924,3.20674991607666,3.20674991607666,,
3670,train,1783388671.3540149,3.238544225692749,3.238544225692749,,
3680,train,1783388673.6769876,3.1663742065429688,3.1663742065429688,,
3690,train,1783388676.0422955,3.2334070205688477,3.2334070205688477,,
3700,train,1783388678.4279943,3.2722244262695312,3.2722244262695312,,
3710,train,1783388680.8076496,3.0632946491241455,3.0632946491241455,,
3720,train,1783388683.1197908,3.2619948387145996,3.2619948387145996,,
3730,train,1783388685.8836699,3.265812873840332,3.265812873840332,,
3740,train,1783388688.2322447,3.345400810241699,3.345400810241699,,
3750,train,1783388690.6509738,3.2407639026641846,3.2407639026641846,,
3760,train,1783388692.9909153,3.3091964721679688,3.3091964721679688,,
3770,train,1783388695.331434,3.2416727542877197,3.2416727542877197,,
3780,train,1783388697.6527038,3.253570318222046,3.253570318222046,,
3790,train,1783388699.984399,3.251821756362915,3.251821756362915,,
3800,train,1783388702.337579,3.319030523300171,3.319030523300171,,
3810,train,1783388704.6581695,3.250485420227051,3.250485420227051,,
3820,train,1783388707.0062711,3.2268803119659424,3.2268803119659424,,
3830,train,1783388709.7735958,3.329840898513794,3.329840898513794,,
3840,train,1783388712.1724179,3.2142574787139893,3.2142574787139893,,
3850,train,1783388714.5804644,3.22812819480896,3.22812819480896,,
3860,train,1783388716.9462533,3.2738516330718994,3.2738516330718994,,
3870,train,1783388719.308387,3.1688644886016846,3.1688644886016846,,
3880,train,1783388721.6605358,3.242243766784668,3.242243766784668,,
3890,train,1783388723.9938476,3.331759214401245,3.331759214401245,,
3900,train,1783388726.374393,3.3026678562164307,3.3026678562164307,,
3910,train,1783388728.709433,3.2511372566223145,3.2511372566223145,,
3920,train,1783388730.9613056,3.304395914077759,3.304395914077759,,
3930,train,1783388733.8383892,3.332371950149536,3.332371950149536,,
3940,train,1783388736.2049,3.2431609630584717,3.2431609630584717,,
3950,train,1783388738.603087,3.1670749187469482,3.1670749187469482,,
3960,train,1783388740.950417,3.2638192176818848,3.2638192176818848,,
3970,train,1783388743.2429085,3.3155572414398193,3.3155572414398193,,
3980,train,1783388745.5959582,3.2522332668304443,3.2522332668304443,,
3990,train,1783388747.9675868,3.2155816555023193,3.2155816555023193,,
4000,train,1783388750.309319,3.2297863960266113,3.2297863960266113,,
4010,train,1783388752.6513987,3.203247547149658,3.203247547149658,,
4020,train,1783388755.3398488,3.317711353302002,3.317711353302002,,
4030,train,1783388757.699184,3.291637420654297,3.291637420654297,,
4040,train,1783388760.0305507,3.247999668121338,3.247999668121338,,
4050,train,1783388762.4157233,3.297922134399414,3.297922134399414,,
4060,train,1783388764.7603095,3.3172121047973633,3.3172121047973633,,
4070,train,1783388767.1298485,3.1883127689361572,3.1883127689361572,,
4080,train,1783388769.5163422,3.221989393234253,3.221989393234253,,
4090,train,1783388771.8412404,3.2996606826782227,3.2996606826782227,,
4100,train,1783388774.2365716,3.2471275329589844,3.2471275329589844,,
4110,train,1783388776.5436075,3.2810025215148926,3.2810025215148926,,
4120,train,1783388779.2275767,3.387146234512329,3.387146234512329,,
4130,train,1783388781.5905275,3.314511299133301,3.314511299133301,,
4140,train,1783388783.9592094,3.26928448677063,3.26928448677063,,
4150,train,1783388786.3578777,3.315861463546753,3.315861463546753,,
4160,train,1783388788.7139084,3.3496174812316895,3.3496174812316895,,
4170,train,1783388791.0268998,3.3566200733184814,3.3566200733184814,,
4180,train,1783388793.353866,3.3114097118377686,3.3114097118377686,,
4190,train,1783388795.7116504,3.2955820560455322,3.2955820560455322,,
4200,train,1783388798.0957153,3.238004446029663,3.238004446029663,,
4210,train,1783388800.4385226,3.163210153579712,3.163210153579712,,
4220,train,1783388803.2120202,3.198826313018799,3.198826313018799,,
4230,train,1783388805.6201057,3.1948299407958984,3.1948299407958984,,
4240,train,1783388807.946949,3.2010772228240967,3.2010772228240967,,
4250,train,1783388810.304624,3.2253928184509277,3.2253928184509277,,
4260,train,1783388812.632631,3.245553493499756,3.245553493499756,,
4270,train,1783388814.9764152,3.2592663764953613,3.2592663764953613,,
4280,train,1783388817.315557,3.168828248977661,3.168828248977661,,
4290,train,1783388819.652786,3.197111129760742,3.197111129760742,,
4300,train,1783388822.066868,3.319437026977539,3.319437026977539,,
4310,train,1783388824.4242191,3.2681336402893066,3.2681336402893066,,
4320,train,1783388827.3121345,3.2840940952301025,3.2840940952301025,,
4330,train,1783388829.7337818,3.282102584838867,3.282102584838867,,
4340,train,1783388832.1463401,3.2124321460723877,3.2124321460723877,,
4350,train,1783388834.5750277,3.3246114253997803,3.3246114253997803,,
4360,train,1783388836.9764729,3.222716808319092,3.222716808319092,,
4370,train,1783388839.39504,3.1861565113067627,3.1861565113067627,,
4380,train,1783388841.7933097,3.2140932083129883,3.2140932083129883,,
4390,train,1783388844.1780078,3.1934189796447754,3.1934189796447754,,
4400,train,1783388846.5274508,3.266077995300293,3.266077995300293,,
4410,train,1783388848.7445292,3.2755465507507324,3.2755465507507324,,
4420,train,1783388851.6190548,3.3023157119750977,3.3023157119750977,,
4430,train,1783388853.9881976,3.1608190536499023,3.1608190536499023,,
4440,train,1783388856.3755753,3.2103655338287354,3.2103655338287354,,
4450,train,1783388858.76176,3.3829448223114014,3.3829448223114014,,
4460,train,1783388861.0932536,3.3132479190826416,3.3132479190826416,,
4470,train,1783388863.4539318,3.2103917598724365,3.2103917598724365,,
4480,train,1783388865.802448,3.3280978202819824,3.3280978202819824,,
4490,train,1783388868.1691182,3.2320470809936523,3.2320470809936523,,
4500,train,1783388870.513472,3.271824359893799,3.271824359893799,,
4510,train,1783388873.2649817,3.2920219898223877,3.2920219898223877,,
4520,train,1783388875.5748138,3.2771618366241455,3.2771618366241455,,
4530,train,1783388877.9487867,3.278529167175293,3.278529167175293,,
4540,train,1783388880.3033361,3.2583532333374023,3.2583532333374023,,
4550,train,1783388882.672165,3.3368914127349854,3.3368914127349854,,
4560,train,1783388885.0330505,3.3045928478240967,3.3045928478240967,,
4570,train,1783388887.3948092,3.336001396179199,3.336001396179199,,
4580,train,1783388889.776723,3.320504665374756,3.320504665374756,,
4590,train,1783388892.2031593,3.3131213188171387,3.3131213188171387,,
4600,train,1783388894.5927007,3.2145206928253174,3.2145206928253174,,
4610,train,1783388897.5062351,3.226524829864502,3.226524829864502,,
4620,train,1783388899.923347,3.1372103691101074,3.1372103691101074,,
4630,train,1783388902.2937443,3.240994453430176,3.240994453430176,,
4640,train,1783388904.6763363,3.1756629943847656,3.1756629943847656,,
4650,train,1783388907.1020293,3.308779001235962,3.308779001235962,,
4660,train,1783388909.4948702,3.3196582794189453,3.3196582794189453,,
4670,train,1783388911.8567274,3.317159652709961,3.317159652709961,,
4680,train,1783388914.2696345,3.2800605297088623,3.2800605297088623,,
4690,train,1783388916.6575305,3.215365171432495,3.215365171432495,,
4700,train,1783388919.0346143,3.1462666988372803,3.1462666988372803,,
4710,train,1783388921.8512087,3.2433788776397705,3.2433788776397705,,
4720,train,1783388924.1957748,3.366372585296631,3.366372585296631,,
4730,train,1783388926.6178603,3.3048455715179443,3.3048455715179443,,
4740,train,1783388929.095212,3.3511595726013184,3.3511595726013184,,
4750,train,1783388931.6435525,3.2304558753967285,3.2304558753967285,,
4760,train,1783388934.0169473,3.2204906940460205,3.2204906940460205,,
4770,train,1783388936.3748276,3.2625577449798584,3.2625577449798584,,
4780,train,1783388938.7091734,3.2826855182647705,3.2826855182647705,,
4790,train,1783388941.045843,3.2615368366241455,3.2615368366241455,,
4800,train,1783388943.4230537,3.323747158050537,3.323747158050537,,
4810,train,1783388946.196405,3.169173240661621,3.169173240661621,,
4820,train,1783388948.6001756,3.256763219833374,3.256763219833374,,
4830,train,1783388950.943689,3.245966911315918,3.245966911315918,,
4840,train,1783388953.244411,3.221381902694702,3.221381902694702,,
4850,train,1783388955.6029172,3.332120895385742,3.332120895385742,,
4860,train,1783388957.9442875,3.2548716068267822,3.2548716068267822,,
4870,train,1783388960.267965,3.3147904872894287,3.3147904872894287,,
4880,train,1783388962.6319866,3.191006898880005,3.191006898880005,,
4890,train,1783388964.937514,3.2667574882507324,3.2667574882507324,,
4900,train,1783388967.2193153,3.2976200580596924,3.2976200580596924,,
4910,train,1783388970.0812027,3.2446672916412354,3.2446672916412354,,
4920,train,1783388972.4142704,3.197920560836792,3.197920560836792,,
4930,train,1783388974.75557,3.208041191101074,3.208041191101074,,
4940,train,1783388977.1183405,3.2954418659210205,3.2954418659210205,,
4950,train,1783388979.5050223,3.1255364418029785,3.1255364418029785,,
4960,train,1783388981.839238,3.278876304626465,3.278876304626465,,
4970,train,1783388984.1770334,3.376892566680908,3.376892566680908,,
4980,train,1783388986.5572605,3.196124792098999,3.196124792098999,,
4990,train,1783388988.8875735,3.274235486984253,3.274235486984253,,
5000,train,1783388991.6565824,3.1796438694000244,3.1796438694000244,,
5000,validation,1783389113.1327171,,,3.2800685715675355,3.2800685715675355
5010,train,1783389115.5353947,3.223025321960449,3.223025321960449,,
5020,train,1783389117.8716967,3.2669830322265625,3.2669830322265625,,
5030,train,1783389120.2490077,3.241696834564209,3.241696834564209,,
5040,train,1783389122.5714207,3.27992844581604,3.27992844581604,,
5050,train,1783389124.9692273,3.1274936199188232,3.1274936199188232,,
5060,train,1783389127.3457682,3.1504147052764893,3.1504147052764893,,
5070,train,1783389129.7071397,3.2165277004241943,3.2165277004241943,,
5080,train,1783389132.0719285,3.1942403316497803,3.1942403316497803,,
5090,train,1783389134.3796897,3.3703970909118652,3.3703970909118652,,
5100,train,1783389137.1433032,3.3456764221191406,3.3456764221191406,,
5110,train,1783389139.4795659,3.273482322692871,3.273482322692871,,
5120,train,1783389141.8215814,3.197793483734131,3.197793483734131,,
5130,train,1783389144.1743667,3.207512378692627,3.207512378692627,,
5140,train,1783389146.580975,3.1918044090270996,3.1918044090270996,,
5150,train,1783389149.0294433,3.161670446395874,3.161670446395874,,
5160,train,1783389151.4016004,3.2132954597473145,3.2132954597473145,,
5170,train,1783389153.7591221,3.2575106620788574,3.2575106620788574,,
5180,train,1783389156.092174,3.3217716217041016,3.3217716217041016,,
5190,train,1783389158.4538486,3.2521626949310303,3.2521626949310303,,
5200,train,1783389161.3166282,3.218601942062378,3.218601942062378,,
5210,train,1783389163.6903403,3.270519733428955,3.270519733428955,,
5220,train,1783389166.0511174,3.1726410388946533,3.1726410388946533,,
5230,train,1783389168.4283752,3.276827812194824,3.276827812194824,,
5240,train,1783389170.7999618,3.205601215362549,3.205601215362549,,
5250,train,1783389173.2032743,3.2952592372894287,3.2952592372894287,,
5260,train,1783389175.544216,3.2982289791107178,3.2982289791107178,,
5270,train,1783389177.8931441,3.2182130813598633,3.2182130813598633,,
5280,train,1783389180.2381976,3.1380794048309326,3.1380794048309326,,
5290,train,1783389182.5473895,3.3372738361358643,3.3372738361358643,,
5300,train,1783389185.3852825,3.237821578979492,3.237821578979492,,
5310,train,1783389187.7287316,3.1670501232147217,3.1670501232147217,,
5320,train,1783389190.0965226,3.2279441356658936,3.2279441356658936,,
5330,train,1783389192.4451642,3.17516827583313,3.17516827583313,,
5340,train,1783389194.7888777,3.334839344024658,3.334839344024658,,
5350,train,1783389197.1814883,3.257040500640869,3.257040500640869,,
5360,train,1783389199.5266924,3.304626941680908,3.304626941680908,,
5370,train,1783389201.8800678,3.2932937145233154,3.2932937145233154,,
5380,train,1783389204.2409866,3.2853713035583496,3.2853713035583496,,
5390,train,1783389206.4800391,3.1740455627441406,3.1740455627441406,,
5400,train,1783389209.358375,3.3137190341949463,3.3137190341949463,,
5410,train,1783389211.7251637,3.3067545890808105,3.3067545890808105,,
5420,train,1783389214.0576026,3.1948280334472656,3.1948280334472656,,
5430,train,1783389216.416856,3.2304654121398926,3.2304654121398926,,
5440,train,1783389218.735372,3.170923948287964,3.170923948287964,,
5450,train,1783389221.136589,3.250481128692627,3.250481128692627,,
5460,train,1783389223.449427,3.3321115970611572,3.3321115970611572,,
5470,train,1783389225.8125758,3.294260263442993,3.294260263442993,,
5480,train,1783389228.144255,3.303361415863037,3.303361415863037,,
5490,train,1783389230.9256814,3.2544288635253906,3.2544288635253906,,
5500,train,1783389233.32504,3.297837734222412,3.297837734222412,,
5510,train,1783389235.6574562,3.3322267532348633,3.3322267532348633,,
5520,train,1783389238.011448,3.1951334476470947,3.1951334476470947,,
5530,train,1783389240.3531833,3.217782497406006,3.217782497406006,,
5540,train,1783389242.7074156,3.2988498210906982,3.2988498210906982,,
5550,train,1783389245.110187,3.267212152481079,3.267212152481079,,
5560,train,1783389247.4052913,3.2336678504943848,3.2336678504943848,,
5570,train,1783389249.8019767,3.075612783432007,3.075612783432007,,
5580,train,1783389252.1620953,3.1483592987060547,3.1483592987060547,,
5590,train,1783389254.9341414,3.2707464694976807,3.2707464694976807,,
5600,train,1783389257.3469234,3.218597173690796,3.218597173690796,,
5610,train,1783389259.6825857,3.2257750034332275,3.2257750034332275,,
5620,train,1783389262.0369413,3.247227907180786,3.247227907180786,,
5630,train,1783389264.390123,3.266127109527588,3.266127109527588,,
5640,train,1783389266.7246602,3.252074956893921,3.252074956893921,,
5650,train,1783389269.0911856,3.3088314533233643,3.3088314533233643,,
5660,train,1783389271.420358,3.191819906234741,3.191819906234741,,
5670,train,1783389273.7603934,3.268545389175415,3.268545389175415,,
5680,train,1783389276.1220126,3.2481353282928467,3.2481353282928467,,
5690,train,1783389278.8899038,3.2498528957366943,3.2498528957366943,,
5700,train,1783389281.290166,3.2945683002471924,3.2945683002471924,,
5710,train,1783389283.623736,3.30627703666687,3.30627703666687,,
5720,train,1783389286.0113187,3.2679924964904785,3.2679924964904785,,
5730,train,1783389288.3132186,3.295156717300415,3.295156717300415,,
5740,train,1783389290.6810308,3.2146944999694824,3.2146944999694824,,
5750,train,1783389293.086198,3.3529438972473145,3.3529438972473145,,
5760,train,1783389295.4770608,3.31967830657959,3.31967830657959,,
5770,train,1783389297.8659518,3.179098606109619,3.179098606109619,,
5780,train,1783389300.2184646,3.214510440826416,3.214510440826416,,
5790,train,1783389303.062295,3.237794876098633,3.237794876098633,,
5800,train,1783389305.4596548,3.0924720764160156,3.0924720764160156,,
5810,train,1783389307.7883785,3.086520195007324,3.086520195007324,,
5820,train,1783389310.1374764,3.2330873012542725,3.2330873012542725,,
5830,train,1783389312.4961195,3.1499133110046387,3.1499133110046387,,
5840,train,1783389314.8511462,3.260585308074951,3.260585308074951,,
5850,train,1783389317.2620862,3.2274670600891113,3.2274670600891113,,
5860,train,1783389319.586236,3.262537956237793,3.262537956237793,,
5870,train,1783389321.9390466,3.2349579334259033,3.2349579334259033,,
5880,train,1783389324.1899998,3.1749870777130127,3.1749870777130127,,
5890,train,1783389327.0838187,3.1381139755249023,3.1381139755249023,,
5900,train,1783389329.4848783,3.258974313735962,3.258974313735962,,
5910,train,1783389331.852911,3.229292392730713,3.229292392730713,,
5920,train,1783389334.2239015,3.2638823986053467,3.2638823986053467,,
5930,train,1783389336.6301768,3.2300455570220947,3.2300455570220947,,
5940,train,1783389338.9536238,3.2963786125183105,3.2963786125183105,,
5950,train,1783389341.3501868,3.2048568725585938,3.2048568725585938,,
5960,train,1783389343.6884346,3.2367777824401855,3.2367777824401855,,
5970,train,1783389346.0147913,3.2412500381469727,3.2412500381469727,,
5980,train,1783389348.7811522,3.2031514644622803,3.2031514644622803,,
5990,train,1783389351.1012218,3.1970772743225098,3.1970772743225098,,
6000,train,1783389353.4749253,3.2309961318969727,3.2309961318969727,,
6010,train,1783389355.8190963,3.1323962211608887,3.1323962211608887,,
6020,train,1783389358.1591616,3.3455264568328857,3.3455264568328857,,
6030,train,1783389360.5666084,3.1446728706359863,3.1446728706359863,,
6040,train,1783389362.9057603,3.1641030311584473,3.1641030311584473,,
6050,train,1783389365.2677822,3.2551662921905518,3.2551662921905518,,
6060,train,1783389367.6225815,3.147152900695801,3.147152900695801,,
6070,train,1783389369.9325433,3.2458689212799072,3.2458689212799072,,
6080,train,1783389372.7209437,3.104192018508911,3.104192018508911,,
6090,train,1783389375.058263,3.273488759994507,3.273488759994507,,
6100,train,1783389377.4459295,3.251274585723877,3.251274585723877,,
6110,train,1783389379.81195,3.3238017559051514,3.3238017559051514,,
6120,train,1783389382.1753027,3.2883005142211914,3.2883005142211914,,
6130,train,1783389384.5248775,3.142641305923462,3.142641305923462,,
6140,train,1783389386.8633096,3.265901803970337,3.265901803970337,,
6150,train,1783389389.2593894,3.2874319553375244,3.2874319553375244,,
6160,train,1783389391.6022744,3.2509055137634277,3.2509055137634277,,
6170,train,1783389393.957317,3.2429611682891846,3.2429611682891846,,
6180,train,1783389396.717165,3.183279037475586,3.183279037475586,,
6190,train,1783389399.0731194,3.239248275756836,3.239248275756836,,
6200,train,1783389401.4844036,3.2057764530181885,3.2057764530181885,,
6210,train,1783389403.8383338,3.229843854904175,3.229843854904175,,
6220,train,1783389406.1687577,3.1976664066314697,3.1976664066314697,,
6230,train,1783389408.5185907,3.256300449371338,3.256300449371338,,
6240,train,1783389410.8689523,3.258209228515625,3.258209228515625,,
6250,train,1783389413.2775576,3.1891143321990967,3.1891143321990967,,
6260,train,1783389415.5878806,3.1907081604003906,3.1907081604003906,,
6270,train,1783389417.8814604,3.224040985107422,3.224040985107422,,
6280,train,1783389420.6424625,3.161289930343628,3.161289930343628,,
6290,train,1783389422.9826589,3.1259820461273193,3.1259820461273193,,
6300,train,1783389425.3571346,3.292635202407837,3.292635202407837,,
6310,train,1783389427.7244906,3.1977899074554443,3.1977899074554443,,
6320,train,1783389430.057781,3.2154605388641357,3.2154605388641357,,
6330,train,1783389432.397783,3.2482316493988037,3.2482316493988037,,
6340,train,1783389434.7767105,3.1567749977111816,3.1567749977111816,,
6350,train,1783389437.1925983,3.1714396476745605,3.1714396476745605,,
6360,train,1783389439.5239468,3.167325258255005,3.167325258255005,,
6370,train,1783389441.7940557,3.347902774810791,3.347902774810791,,
6380,train,1783389444.6905417,3.1548686027526855,3.1548686027526855,,
6390,train,1783389447.0467079,3.1931991577148438,3.1931991577148438,,
6400,train,1783389449.4749036,3.26497745513916,3.26497745513916,,
6410,train,1783389451.9084537,3.3181869983673096,3.3181869983673096,,
6420,train,1783389454.3698137,3.3068108558654785,3.3068108558654785,,
6430,train,1783389456.7028737,3.2814319133758545,3.2814319133758545,,
6440,train,1783389459.0576024,3.1754138469696045,3.1754138469696045,,
6450,train,1783389461.45968,3.1380834579467773,3.1380834579467773,,
6460,train,1783389463.7588615,3.2184016704559326,3.2184016704559326,,
6470,train,1783389466.5384595,3.222384452819824,3.222384452819824,,
6480,train,1783389468.902489,3.2075953483581543,3.2075953483581543,,
6490,train,1783389471.2627354,3.2736852169036865,3.2736852169036865,,
6500,train,1783389473.6593916,3.2099740505218506,3.2099740505218506,,
6510,train,1783389476.0461721,3.2043843269348145,3.2043843269348145,,
6520,train,1783389478.4398592,3.312892436981201,3.312892436981201,,
6530,train,1783389480.823478,3.28546142578125,3.28546142578125,,
6540,train,1783389483.199731,3.2524735927581787,3.2524735927581787,,
6550,train,1783389485.6662257,3.2283682823181152,3.2283682823181152,,
6560,train,1783389487.9889107,3.1753673553466797,3.1753673553466797,,
6570,train,1783389490.7151089,3.224226713180542,3.224226713180542,,
6580,train,1783389493.0505853,3.2622392177581787,3.2622392177581787,,
6590,train,1783389495.4035711,3.2278976440429688,3.2278976440429688,,
6600,train,1783389497.7950065,3.2631118297576904,3.2631118297576904,,
6610,train,1783389500.120464,3.274310827255249,3.274310827255249,,
6620,train,1783389502.4596355,3.275693893432617,3.275693893432617,,
6630,train,1783389504.815008,3.20450496673584,3.20450496673584,,
6640,train,1783389507.1882203,3.1839051246643066,3.1839051246643066,,
6650,train,1783389509.5813656,3.2278330326080322,3.2278330326080322,,
6660,train,1783389511.8928885,3.323087692260742,3.323087692260742,,
6670,train,1783389514.7011425,3.1131629943847656,3.1131629943847656,,
6680,train,1783389517.0487936,3.270982027053833,3.270982027053833,,
6690,train,1783389519.3939905,3.2157082557678223,3.2157082557678223,,
6700,train,1783389521.7977092,3.240078926086426,3.240078926086426,,
6710,train,1783389524.1424701,3.221714735031128,3.221714735031128,,
6720,train,1783389526.4997454,3.264918804168701,3.264918804168701,,
6730,train,1783389528.8758762,3.2965593338012695,3.2965593338012695,,
6740,train,1783389531.260386,3.2601466178894043,3.2601466178894043,,
6750,train,1783389533.6398387,3.252498149871826,3.252498149871826,,
6760,train,1783389535.968383,3.306020498275757,3.306020498275757,,
6770,train,1783389538.7136288,3.1940653324127197,3.1940653324127197,,
6780,train,1783389541.0435967,3.2565929889678955,3.2565929889678955,,
6790,train,1783389543.3820188,3.180231809616089,3.180231809616089,,
6800,train,1783389545.7755268,3.2630960941314697,3.2630960941314697,,
6810,train,1783389548.1001682,3.245201826095581,3.245201826095581,,
6820,train,1783389550.4597225,3.2773795127868652,3.2773795127868652,,
6830,train,1783389552.7963521,3.292006492614746,3.292006492614746,,
6840,train,1783389555.1704242,3.233361005783081,3.233361005783081,,
6850,train,1783389557.557175,3.1948628425598145,3.1948628425598145,,
6860,train,1783389559.8101838,3.3842382431030273,3.3842382431030273,,
6870,train,1783389562.6604414,3.2418088912963867,3.2418088912963867,,
6880,train,1783389565.0221837,3.257420539855957,3.257420539855957,,
6890,train,1783389567.397411,3.1772518157958984,3.1772518157958984,,
6900,train,1783389569.774862,3.227290630340576,3.227290630340576,,
6910,train,1783389572.1092193,3.210294485092163,3.210294485092163,,
6920,train,1783389574.4558265,3.2644784450531006,3.2644784450531006,,
6930,train,1783389576.7775724,3.251551628112793,3.251551628112793,,
6940,train,1783389579.1334186,3.192678689956665,3.192678689956665,,
6950,train,1783389581.5103612,3.28559947013855,3.28559947013855,,
6960,train,1783389584.3218648,3.237140417098999,3.237140417098999,,
6970,train,1783389586.6916893,3.3060076236724854,3.3060076236724854,,
6980,train,1783389589.037848,3.200012683868408,3.200012683868408,,
6990,train,1783389591.3871932,3.244514226913452,3.244514226913452,,
7000,train,1783389593.7487423,3.2567331790924072,3.2567331790924072,,
7010,train,1783389596.130842,3.254469871520996,3.254469871520996,,
7020,train,1783389598.4509583,3.278691530227661,3.278691530227661,,
7030,train,1783389600.80156,3.2977306842803955,3.2977306842803955,,
7040,train,1783389603.1618304,3.2229952812194824,3.2229952812194824,,
7050,train,1783389605.5243263,3.294511079788208,3.294511079788208,,
7060,train,1783389608.2541327,3.2768468856811523,3.2768468856811523,,
7070,train,1783389610.610102,3.3060531616210938,3.3060531616210938,,
7080,train,1783389613.044429,3.2306718826293945,3.2306718826293945,,
7090,train,1783389615.4953258,3.3022754192352295,3.3022754192352295,,
7100,train,1783389617.9008112,3.287128210067749,3.287128210067749,,
7110,train,1783389620.2606494,3.2335877418518066,3.2335877418518066,,
7120,train,1783389622.6572208,3.148885488510132,3.148885488510132,,
7130,train,1783389625.0210319,3.2620670795440674,3.2620670795440674,,
7140,train,1783389627.3858116,3.2673120498657227,3.2673120498657227,,
7150,train,1783389629.7665937,3.255228281021118,3.255228281021118,,
7160,train,1783389632.5920827,3.124922752380371,3.124922752380371,,
7170,train,1783389634.948948,3.224219560623169,3.224219560623169,,
7180,train,1783389637.3491414,3.1961429119110107,3.1961429119110107,,
7190,train,1783389639.6861331,3.1910314559936523,3.1910314559936523,,
7200,train,1783389642.0940816,3.2505123615264893,3.2505123615264893,,
7210,train,1783389644.4678197,3.2716352939605713,3.2716352939605713,,
7220,train,1783389646.8456867,3.204803705215454,3.204803705215454,,
7230,train,1783389649.1976225,3.2646379470825195,3.2646379470825195,,
7240,train,1783389651.579531,3.3062353134155273,3.3062353134155273,,
7250,train,1783389654.0295742,3.3230035305023193,3.3230035305023193,,
7260,train,1783389656.8924487,3.244614362716675,3.244614362716675,,
7270,train,1783389659.2278562,3.1644129753112793,3.1644129753112793,,
7280,train,1783389661.6005867,3.2697935104370117,3.2697935104370117,,
7290,train,1783389663.9090111,3.197143316268921,3.197143316268921,,
7300,train,1783389666.2895606,3.189008951187134,3.189008951187134,,
7310,train,1783389668.6490512,3.160505533218384,3.160505533218384,,
7320,train,1783389671.0008204,3.138401746749878,3.138401746749878,,
7330,train,1783389673.3484101,3.300504684448242,3.300504684448242,,
7340,train,1783389675.7098987,3.260314464569092,3.260314464569092,,
7350,train,1783389678.02439,3.308046817779541,3.308046817779541,,
7360,train,1783389680.828727,3.2341346740722656,3.2341346740722656,,
7370,train,1783389683.1447806,3.2330782413482666,3.2330782413482666,,
7380,train,1783389685.5289352,3.2285170555114746,3.2285170555114746,,
7390,train,1783389687.9292464,3.1527130603790283,3.1527130603790283,,
7400,train,1783389690.2910285,3.224635124206543,3.224635124206543,,
7410,train,1783389692.6171432,3.2939395904541016,3.2939395904541016,,
7420,train,1783389695.0079525,3.1560986042022705,3.1560986042022705,,
7430,train,1783389697.4119344,3.164534568786621,3.164534568786621,,
7440,train,1783389699.7450516,3.2875733375549316,3.2875733375549316,,
7450,train,1783389702.5916314,3.242255210876465,3.242255210876465,,
7460,train,1783389704.9125836,3.254270553588867,3.254270553588867,,
7470,train,1783389707.268354,3.252065896987915,3.252065896987915,,
7480,train,1783389709.6313014,3.166086196899414,3.166086196899414,,
7490,train,1783389711.9690356,3.2741549015045166,3.2741549015045166,,
7500,train,1783389714.355896,3.265202522277832,3.265202522277832,,
7510,train,1783389716.7083008,3.2622132301330566,3.2622132301330566,,
7520,train,1783389719.0827446,3.2535641193389893,3.2535641193389893,,
7530,train,1783389721.4143212,3.346011161804199,3.346011161804199,,
7540,train,1783389723.7524672,3.215502977371216,3.215502977371216,,
7550,train,1783389726.5449426,3.309943199157715,3.309943199157715,,
7560,train,1783389728.9227777,3.1811342239379883,3.1811342239379883,,
7570,train,1783389731.307943,3.199373960494995,3.199373960494995,,
7580,train,1783389733.7159169,3.061598777770996,3.061598777770996,,
7590,train,1783389736.0805442,3.234611988067627,3.234611988067627,,
7600,train,1783389738.5112553,3.2321741580963135,3.2321741580963135,,
7610,train,1783389740.8693404,3.1513726711273193,3.1513726711273193,,
7620,train,1783389743.2204113,3.2053186893463135,3.2053186893463135,,
7630,train,1783389745.569661,3.237102508544922,3.237102508544922,,
7640,train,1783389747.9568315,3.2330493927001953,3.2330493927001953,,
7650,train,1783389750.7801886,3.1895875930786133,3.1895875930786133,,
7660,train,1783389753.1835387,3.25829815864563,3.25829815864563,,
7670,train,1783389755.580537,3.219053268432617,3.219053268432617,,
7680,train,1783389757.9509037,3.1755924224853516,3.1755924224853516,,
7690,train,1783389760.3581145,3.313408374786377,3.313408374786377,,
7700,train,1783389762.7824097,3.2611758708953857,3.2611758708953857,,
7710,train,1783389765.1620252,3.1806249618530273,3.1806249618530273,,
7720,train,1783389767.5849743,3.176539182662964,3.176539182662964,,
7730,train,1783389769.9515631,3.171588897705078,3.171588897705078,,
7740,train,1783389772.3038762,3.210360527038574,3.210360527038574,,
7750,train,1783389775.2674417,3.221177101135254,3.221177101135254,,
7760,train,1783389777.6628299,3.2445569038391113,3.2445569038391113,,
7770,train,1783389780.0844057,3.118619441986084,3.118619441986084,,
7780,train,1783389782.459476,3.1777384281158447,3.1777384281158447,,
7790,train,1783389784.8437955,3.2175393104553223,3.2175393104553223,,
7800,train,1783389787.2677426,3.295167922973633,3.295167922973633,,
7810,train,1783389789.6653044,3.2021143436431885,3.2021143436431885,,
7820,train,1783389792.048076,3.180086851119995,3.180086851119995,,
7830,train,1783389794.4136543,3.285996913909912,3.285996913909912,,
7840,train,1783389796.6517646,3.305854082107544,3.305854082107544,,
7850,train,1783389799.6523361,3.206685781478882,3.206685781478882,,
7860,train,1783389802.0214403,3.1688883304595947,3.1688883304595947,,
7870,train,1783389804.3722765,3.2626757621765137,3.2626757621765137,,
7880,train,1783389806.7551875,3.2016613483428955,3.2016613483428955,,
7890,train,1783389809.1238735,3.1842257976531982,3.1842257976531982,,
7900,train,1783389811.4542642,3.414431571960449,3.414431571960449,,
7910,train,1783389813.812485,3.2592923641204834,3.2592923641204834,,
7920,train,1783389816.1772466,3.108626365661621,3.108626365661621,,
7930,train,1783389818.539302,3.218008518218994,3.218008518218994,,
7940,train,1783389821.460658,3.1482808589935303,3.1482808589935303,,
7950,train,1783389823.846729,3.3192996978759766,3.3192996978759766,,
7960,train,1783389826.2224212,3.2455811500549316,3.2455811500549316,,
7970,train,1783389828.632096,3.131601333618164,3.131601333618164,,
7980,train,1783389831.0297492,3.2049906253814697,3.2049906253814697,,
7990,train,1783389833.4237666,3.264143228530884,3.264143228530884,,
8000,train,1783389835.8688905,3.1793956756591797,3.1793956756591797,,
8010,train,1783389838.227541,3.2984797954559326,3.2984797954559326,,
8020,train,1783389840.6292562,3.2496769428253174,3.2496769428253174,,
8030,train,1783389842.952965,3.268568754196167,3.268568754196167,,
8040,train,1783389845.958953,3.1720800399780273,3.1720800399780273,,
8050,train,1783389848.4359536,3.217118740081787,3.217118740081787,,
8060,train,1783389850.8267188,3.338608503341675,3.338608503341675,,
8070,train,1783389853.203391,3.2785837650299072,3.2785837650299072,,
8080,train,1783389855.5521917,3.2399752140045166,3.2399752140045166,,
8090,train,1783389857.8886,3.332319736480713,3.332319736480713,,
8100,train,1783389860.3112633,3.1866025924682617,3.1866025924682617,,
8110,train,1783389862.6469874,3.228895425796509,3.228895425796509,,
8120,train,1783389865.007619,3.264705181121826,3.264705181121826,,
8130,train,1783389867.3544695,3.152353525161743,3.152353525161743,,
8140,train,1783389870.1365495,3.110337495803833,3.110337495803833,,
8150,train,1783389872.5035648,3.295501232147217,3.295501232147217,,
8160,train,1783389874.8817956,3.194331407546997,3.194331407546997,,
8170,train,1783389877.247566,3.155489921569824,3.155489921569824,,
8180,train,1783389879.561036,3.336103677749634,3.336103677749634,,
8190,train,1783389881.9327388,3.219566822052002,3.219566822052002,,
8200,train,1783389884.331961,3.147481679916382,3.147481679916382,,
8210,train,1783389886.7085295,3.211289882659912,3.211289882659912,,
8220,train,1783389889.073407,3.2232325077056885,3.2232325077056885,,
8230,train,1783389891.4250245,3.2398650646209717,3.2398650646209717,,
8240,train,1783389894.2016027,3.156461715698242,3.156461715698242,,
8250,train,1783389896.606706,3.2025837898254395,3.2025837898254395,,
8260,train,1783389899.0057902,3.182992935180664,3.182992935180664,,
8270,train,1783389901.3464167,3.3131792545318604,3.3131792545318604,,
8280,train,1783389903.6920915,3.240177869796753,3.240177869796753,,
8290,train,1783389906.047006,3.236320734024048,3.236320734024048,,
8300,train,1783389908.441563,3.190723180770874,3.190723180770874,,
8310,train,1783389910.7885408,3.1682441234588623,3.1682441234588623,,
8320,train,1783389913.1192145,3.1918652057647705,3.1918652057647705,,
8330,train,1783389915.3815348,3.170449733734131,3.170449733734131,,
8340,train,1783389918.2731552,3.164736747741699,3.164736747741699,,
8350,train,1783389920.6631532,3.2643473148345947,3.2643473148345947,,
8360,train,1783389923.0190847,3.287271022796631,3.287271022796631,,
8370,train,1783389925.3666852,3.3788955211639404,3.3788955211639404,,
8380,train,1783389927.7202992,3.216054677963257,3.216054677963257,,
8390,train,1783389930.112459,3.1831448078155518,3.1831448078155518,,
8400,train,1783389932.514051,3.2226033210754395,3.2226033210754395,,
8410,train,1783389934.8689008,3.16035532951355,3.16035532951355,,
8420,train,1783389937.247232,3.2543962001800537,3.2543962001800537,,
8430,train,1783389940.1341088,3.1991395950317383,3.1991395950317383,,
8440,train,1783389942.5184805,3.0828311443328857,3.0828311443328857,,
8450,train,1783389944.9181376,3.1894474029541016,3.1894474029541016,,
8460,train,1783389947.2542696,3.272836208343506,3.272836208343506,,
8470,train,1783389949.604977,3.143089771270752,3.143089771270752,,
8480,train,1783389951.9512546,3.18556809425354,3.18556809425354,,
8490,train,1783389954.2898598,3.136573553085327,3.136573553085327,,
8500,train,1783389956.6732633,3.278256893157959,3.278256893157959,,
8510,train,1783389958.9924157,3.2813329696655273,3.2813329696655273,,
8520,train,1783389961.311096,3.2264459133148193,3.2264459133148193,,
8530,train,1783389964.0909936,3.2219998836517334,3.2219998836517334,,
8540,train,1783389966.4887178,3.299351453781128,3.299351453781128,,
8550,train,1783389968.8920527,3.2581405639648438,3.2581405639648438,,
8560,train,1783389971.249287,3.200618267059326,3.200618267059326,,
8570,train,1783389973.5920298,3.284115791320801,3.284115791320801,,
8580,train,1783389975.9164174,3.273691177368164,3.273691177368164,,
8590,train,1783389978.3057938,3.2487924098968506,3.2487924098968506,,
8600,train,1783389980.720264,3.255319356918335,3.255319356918335,,
8610,train,1783389983.0412152,3.196577548980713,3.196577548980713,,
8620,train,1783389985.375802,3.2110140323638916,3.2110140323638916,,
8630,train,1783389988.1960146,3.1799914836883545,3.1799914836883545,,
8640,train,1783389990.5519304,3.2401156425476074,3.2401156425476074,,
8650,train,1783389992.9191344,3.211885452270508,3.211885452270508,,
8660,train,1783389995.2776756,3.2737772464752197,3.2737772464752197,,
8670,train,1783389997.6392066,3.1982808113098145,3.1982808113098145,,
8680,train,1783389999.9977317,3.260336399078369,3.260336399078369,,
8690,train,1783390002.3413324,3.198678970336914,3.198678970336914,,
8700,train,1783390004.708273,3.205144166946411,3.205144166946411,,
8710,train,1783390007.0910485,3.0911550521850586,3.0911550521850586,,
8720,train,1783390009.4340596,3.177215337753296,3.177215337753296,,
8730,train,1783390012.2086985,3.1935415267944336,3.1935415267944336,,
8740,train,1783390014.5576658,3.306581974029541,3.306581974029541,,
8750,train,1783390016.9446762,3.196359157562256,3.196359157562256,,
8760,train,1783390019.296405,3.2902774810791016,3.2902774810791016,,
8770,train,1783390021.6532354,3.18314790725708,3.18314790725708,,
8780,train,1783390024.0064816,3.3029897212982178,3.3029897212982178,,
8790,train,1783390026.4138775,3.083597183227539,3.083597183227539,,
8800,train,1783390028.8235576,3.176358938217163,3.176358938217163,,
8810,train,1783390031.1704664,3.247861385345459,3.247861385345459,,
8820,train,1783390033.4566154,3.1498823165893555,3.1498823165893555,,
8830,train,1783390036.374622,3.147660732269287,3.147660732269287,,
8840,train,1783390038.7479837,3.1196341514587402,3.1196341514587402,,
8850,train,1783390041.147605,3.1933720111846924,3.1933720111846924,,
8860,train,1783390043.5063045,3.180330991744995,3.180330991744995,,
8870,train,1783390045.8529701,3.316019058227539,3.316019058227539,,
8880,train,1783390048.1788492,3.2716593742370605,3.2716593742370605,,
8890,train,1783390050.5557957,3.0708796977996826,3.0708796977996826,,
8900,train,1783390052.9729462,3.20422625541687,3.20422625541687,,
8910,train,1783390055.333666,3.221116304397583,3.221116304397583,,
8920,train,1783390058.1111436,3.174353837966919,3.174353837966919,,
8930,train,1783390060.4941213,3.1253271102905273,3.1253271102905273,,
8940,train,1783390062.8555977,3.319342613220215,3.319342613220215,,
8950,train,1783390065.2548337,3.2075493335723877,3.2075493335723877,,
8960,train,1783390067.5629175,3.2933199405670166,3.2933199405670166,,
8970,train,1783390069.9443498,3.1733415126800537,3.1733415126800537,,
8980,train,1783390072.3466594,3.1311655044555664,3.1311655044555664,,
8990,train,1783390074.7197034,3.360152244567871,3.360152244567871,,
9000,train,1783390077.103049,3.216733455657959,3.216733455657959,,
9010,train,1783390079.437732,3.1965548992156982,3.1965548992156982,,
9020,train,1783390082.1563783,3.1796233654022217,3.1796233654022217,,
9030,train,1783390084.4929585,3.2258780002593994,3.2258780002593994,,
9040,train,1783390086.8441439,3.282595634460449,3.282595634460449,,
9050,train,1783390089.2353387,3.177830696105957,3.177830696105957,,
9060,train,1783390091.5929513,3.2408721446990967,3.2408721446990967,,
9070,train,1783390093.9398785,3.1580889225006104,3.1580889225006104,,
9080,train,1783390096.3385324,3.276444673538208,3.276444673538208,,
9090,train,1783390098.7156136,3.1715431213378906,3.1715431213378906,,
9100,train,1783390101.0959926,3.167940378189087,3.167940378189087,,
9110,train,1783390103.4560246,3.248012065887451,3.248012065887451,,
9120,train,1783390106.370757,3.005061626434326,3.005061626434326,,
9130,train,1783390108.741325,3.074470281600952,3.074470281600952,,
9140,train,1783390111.1170087,3.2411844730377197,3.2411844730377197,,
9150,train,1783390113.5363789,3.117497444152832,3.117497444152832,,
9160,train,1783390115.8635764,3.225332498550415,3.225332498550415,,
9170,train,1783390118.2464914,3.1895835399627686,3.1895835399627686,,
9180,train,1783390120.568127,3.181063652038574,3.181063652038574,,
9190,train,1783390122.9397554,3.2167084217071533,3.2167084217071533,,
9200,train,1783390125.3300033,3.2149064540863037,3.2149064540863037,,
9210,train,1783390127.6600797,3.212771415710449,3.212771415710449,,
9220,train,1783390130.4441547,3.153651237487793,3.153651237487793,,
9230,train,1783390132.8582103,3.2584164142608643,3.2584164142608643,,
9240,train,1783390135.2619462,3.262740135192871,3.262740135192871,,
9250,train,1783390137.6932485,3.222480058670044,3.222480058670044,,
9260,train,1783390140.1176798,3.189034938812256,3.189034938812256,,
9270,train,1783390142.4899127,3.2376840114593506,3.2376840114593506,,
9280,train,1783390144.8793843,3.2752609252929688,3.2752609252929688,,
9290,train,1783390147.256413,3.2407941818237305,3.2407941818237305,,
9300,train,1783390149.6362796,3.1551129817962646,3.1551129817962646,,
9310,train,1783390151.885756,3.2724504470825195,3.2724504470825195,,
9320,train,1783390154.8869758,3.1211328506469727,3.1211328506469727,,
9330,train,1783390157.290211,3.162736415863037,3.162736415863037,,
9340,train,1783390159.7103798,3.168104648590088,3.168104648590088,,
9350,train,1783390162.1076894,3.2139639854431152,3.2139639854431152,,
9360,train,1783390164.5091212,3.133740186691284,3.133740186691284,,
9370,train,1783390166.8718379,3.3309364318847656,3.3309364318847656,,
9380,train,1783390169.2684157,3.2284746170043945,3.2284746170043945,,
9390,train,1783390171.5981696,3.1970880031585693,3.1970880031585693,,
9400,train,1783390173.974591,3.156299352645874,3.156299352645874,,
9410,train,1783390176.7258196,3.3057775497436523,3.3057775497436523,,
9420,train,1783390179.0675473,3.1870546340942383,3.1870546340942383,,
9430,train,1783390181.4647279,3.235841989517212,3.235841989517212,,
9440,train,1783390183.8304589,3.317819833755493,3.317819833755493,,
9450,train,1783390186.2515929,3.279791831970215,3.279791831970215,,
9460,train,1783390188.668717,3.2503554821014404,3.2503554821014404,,
9470,train,1783390191.1217253,3.201767921447754,3.201767921447754,,
9480,train,1783390193.5735772,3.160710573196411,3.160710573196411,,
9490,train,1783390195.991138,3.1614255905151367,3.1614255905151367,,
9500,train,1783390198.3823612,3.218066453933716,3.218066453933716,,
9510,train,1783390201.1606848,3.2807977199554443,3.2807977199554443,,
9520,train,1783390203.5214884,3.36216139793396,3.36216139793396,,
9530,train,1783390205.8574364,3.2725369930267334,3.2725369930267334,,
9540,train,1783390208.2319639,3.232576608657837,3.232576608657837,,
9550,train,1783390210.6394904,3.1907660961151123,3.1907660961151123,,
9560,train,1783390212.9903104,3.266164541244507,3.266164541244507,,
9570,train,1783390215.3541524,3.2208025455474854,3.2208025455474854,,
9580,train,1783390217.7518487,3.273791790008545,3.273791790008545,,
9590,train,1783390220.129714,3.130431890487671,3.130431890487671,,
9600,train,1783390222.553444,3.318528413772583,3.318528413772583,,
9610,train,1783390225.3656628,3.191279888153076,3.191279888153076,,
9620,train,1783390227.7225938,3.344576835632324,3.344576835632324,,
9630,train,1783390230.084631,3.1788830757141113,3.1788830757141113,,
9640,train,1783390232.4448576,3.251779556274414,3.251779556274414,,
9650,train,1783390234.836599,3.3655312061309814,3.3655312061309814,,
9660,train,1783390237.1960924,3.280914068222046,3.280914068222046,,
9670,train,1783390239.5205781,3.260749578475952,3.260749578475952,,
9680,train,1783390241.8682356,3.155270576477051,3.155270576477051,,
9690,train,1783390244.222607,3.219264507293701,3.219264507293701,,
9700,train,1783390246.5618675,3.282660722732544,3.282660722732544,,
9710,train,1783390249.3542173,3.2050106525421143,3.2050106525421143,,
9720,train,1783390251.7013328,3.256756067276001,3.256756067276001,,
9730,train,1783390254.0448124,3.2064621448516846,3.2064621448516846,,
9740,train,1783390256.4375834,3.330983877182007,3.330983877182007,,
9750,train,1783390258.8617623,3.1393747329711914,3.1393747329711914,,
9760,train,1783390261.2186809,3.2949817180633545,3.2949817180633545,,
9770,train,1783390263.5765572,3.21120023727417,3.21120023727417,,
9780,train,1783390265.9531019,3.212059259414673,3.212059259414673,,
9790,train,1783390268.2936487,3.1821768283843994,3.1821768283843994,,
9800,train,1783390270.6019125,3.1711933612823486,3.1711933612823486,,
9810,train,1783390273.5031908,3.173574924468994,3.173574924468994,,
9820,train,1783390275.8599367,3.2018706798553467,3.2018706798553467,,
9830,train,1783390278.2200975,3.240736722946167,3.240736722946167,,
9840,train,1783390280.5974603,3.171783447265625,3.171783447265625,,
9850,train,1783390283.0068777,3.313394546508789,3.313394546508789,,
9860,train,1783390285.3799496,3.1798908710479736,3.1798908710479736,,
9870,train,1783390287.7249954,3.2395431995391846,3.2395431995391846,,
9880,train,1783390290.0718012,3.3021316528320312,3.3021316528320312,,
9890,train,1783390292.4046178,3.1892144680023193,3.1892144680023193,,
9900,train,1783390295.2474637,3.1663522720336914,3.1663522720336914,,
9910,train,1783390297.6977656,3.186326265335083,3.186326265335083,,
9920,train,1783390300.0443304,3.1530282497406006,3.1530282497406006,,
9930,train,1783390302.418153,3.244342803955078,3.244342803955078,,
9940,train,1783390304.8372386,3.154515504837036,3.154515504837036,,
9950,train,1783390307.2551575,3.2731540203094482,3.2731540203094482,,
9960,train,1783390309.5911431,3.293086051940918,3.293086051940918,,
9970,train,1783390311.947299,3.1933236122131348,3.1933236122131348,,
9980,train,1783390314.3773277,3.074246406555176,3.074246406555176,,
9990,train,1783390316.7209885,3.1963977813720703,3.1963977813720703,,
10000,train,1783390319.5018444,3.1100680828094482,3.1100680828094482,,
10000,validation,1783390433.45109,,,3.237677602767944,3.237677602767944
10010,train,1783390435.942901,3.301774263381958,3.301774263381958,,
10020,train,1783390438.3042,3.2440173625946045,3.2440173625946045,,
10030,train,1783390440.695404,3.233228921890259,3.233228921890259,,
10040,train,1783390443.0246823,3.286710739135742,3.286710739135742,,
10050,train,1783390445.4014864,3.128164529800415,3.128164529800415,,
10060,train,1783390447.7283773,3.1819674968719482,3.1819674968719482,,
10070,train,1783390450.1029406,3.201258659362793,3.201258659362793,,
10080,train,1783390452.4901383,3.28477144241333,3.28477144241333,,
10090,train,1783390454.8341873,3.196645498275757,3.196645498275757,,
10100,train,1783390457.6207488,3.327519416809082,3.327519416809082,,
10110,train,1783390459.9483535,3.247403621673584,3.247403621673584,,
10120,train,1783390462.2868004,3.249518632888794,3.249518632888794,,
10130,train,1783390464.6458714,3.162261724472046,3.162261724472046,,
10140,train,1783390466.9966717,3.1365716457366943,3.1365716457366943,,
10150,train,1783390469.4001465,3.1625072956085205,3.1625072956085205,,
10160,train,1783390471.7615945,3.1201834678649902,3.1201834678649902,,
10170,train,1783390474.141248,3.222675085067749,3.222675085067749,,
10180,train,1783390476.4582384,3.152376413345337,3.152376413345337,,
10190,train,1783390478.7744203,3.132929563522339,3.132929563522339,,
10200,train,1783390481.5679986,3.1863763332366943,3.1863763332366943,,
10210,train,1783390483.9159925,3.3062233924865723,3.3062233924865723,,
10220,train,1783390486.2734766,3.2550301551818848,3.2550301551818848,,
10230,train,1783390488.626103,3.1692209243774414,3.1692209243774414,,
10240,train,1783390490.998195,3.166196823120117,3.166196823120117,,
10250,train,1783390493.3894112,3.2194299697875977,3.2194299697875977,,
10260,train,1783390495.7589993,3.232876777648926,3.232876777648926,,
10270,train,1783390498.144463,3.2364556789398193,3.2364556789398193,,
10280,train,1783390500.475265,3.1967713832855225,3.1967713832855225,,
10290,train,1783390502.7406907,3.257791757583618,3.257791757583618,,
10300,train,1783390505.5987191,3.22910213470459,3.22910213470459,,
10310,train,1783390507.9569442,3.2065539360046387,3.2065539360046387,,
10320,train,1783390510.3372881,3.125443935394287,3.125443935394287,,
10330,train,1783390512.674583,3.1505625247955322,3.1505625247955322,,
10340,train,1783390515.0102432,3.223147392272949,3.223147392272949,,
10350,train,1783390517.3857396,3.2744832038879395,3.2744832038879395,,
10360,train,1783390519.7310588,3.324106216430664,3.324106216430664,,
10370,train,1783390522.0598397,3.2640438079833984,3.2640438079833984,,
10380,train,1783390524.4054544,3.283999443054199,3.283999443054199,,
10390,train,1783390527.1524599,3.1642894744873047,3.1642894744873047,,
10400,train,1783390529.5694447,3.2580909729003906,3.2580909729003906,,
10410,train,1783390531.9563348,3.1719088554382324,3.1719088554382324,,
10420,train,1783390534.3192868,3.2270610332489014,3.2270610332489014,,
10430,train,1783390536.7531798,3.3563883304595947,3.3563883304595947,,
10440,train,1783390539.1276217,3.1514129638671875,3.1514129638671875,,
10450,train,1783390541.5600233,3.2854180335998535,3.2854180335998535,,
10460,train,1783390543.9169602,3.2880239486694336,3.2880239486694336,,
10470,train,1783390546.2700696,3.318929672241211,3.318929672241211,,
10480,train,1783390548.6162055,3.225102186203003,3.225102186203003,,
10490,train,1783390551.325395,3.2722747325897217,3.2722747325897217,,
10500,train,1783390553.7075965,3.3276047706604004,3.3276047706604004,,
10510,train,1783390556.0623865,3.271052837371826,3.271052837371826,,
10520,train,1783390558.449376,3.239830732345581,3.239830732345581,,
10530,train,1783390560.8016028,3.2756783962249756,3.2756783962249756,,
10540,train,1783390563.1766343,3.2290947437286377,3.2290947437286377,,
10550,train,1783390565.5412557,3.2764534950256348,3.2764534950256348,,
10560,train,1783390567.9031837,3.1584978103637695,3.1584978103637695,,
10570,train,1783390570.257171,3.3102011680603027,3.3102011680603027,,
10580,train,1783390572.6043491,3.2910823822021484,3.2910823822021484,,
10590,train,1783390575.334377,3.2395927906036377,3.2395927906036377,,
10600,train,1783390577.7269373,3.1221818923950195,3.1221818923950195,,
10610,train,1783390580.0862455,3.3068017959594727,3.3068017959594727,,
10620,train,1783390582.4202619,3.2782015800476074,3.2782015800476074,,
10630,train,1783390584.7748883,3.110414505004883,3.110414505004883,,
10640,train,1783390587.1352532,3.189775228500366,3.189775228500366,,
10650,train,1783390589.5284078,3.1718859672546387,3.1718859672546387,,
10660,train,1783390591.9105594,3.2184603214263916,3.2184603214263916,,
10670,train,1783390594.2217705,3.0877878665924072,3.0877878665924072,,
10680,train,1783390596.572946,3.2896974086761475,3.2896974086761475,,
10690,train,1783390599.347009,3.3358302116394043,3.3358302116394043,,
10700,train,1783390601.7186763,3.2150378227233887,3.2150378227233887,,
10710,train,1783390604.0970204,3.3444108963012695,3.3444108963012695,,
10720,train,1783390606.4414382,3.2916862964630127,3.2916862964630127,,
10730,train,1783390608.7792695,3.2702841758728027,3.2702841758728027,,
10740,train,1783390611.1984425,3.1287288665771484,3.1287288665771484,,
10750,train,1783390613.5816627,3.213996648788452,3.213996648788452,,
10760,train,1783390615.9552667,3.194167137145996,3.194167137145996,,
10770,train,1783390618.303933,3.2309818267822266,3.2309818267822266,,
10780,train,1783390620.5755954,3.204930067062378,3.204930067062378,,
10790,train,1783390623.4349504,3.237863779067993,3.237863779067993,,
10800,train,1783390625.8613892,3.247865915298462,3.247865915298462,,
10810,train,1783390628.2389205,3.2804760932922363,3.2804760932922363,,
10820,train,1783390630.584976,3.2199244499206543,3.2199244499206543,,
10830,train,1783390632.9276063,3.257368326187134,3.257368326187134,,
10840,train,1783390635.286454,3.243784189224243,3.243784189224243,,
10850,train,1783390637.6868658,3.1528232097625732,3.1528232097625732,,
10860,train,1783390640.0341198,3.2245190143585205,3.2245190143585205,,
10870,train,1783390642.3715317,3.171193838119507,3.171193838119507,,
10880,train,1783390645.1880553,3.223015308380127,3.223015308380127,,
10890,train,1783390647.5318024,3.2051970958709717,3.2051970958709717,,
10900,train,1783390649.9547112,3.121138095855713,3.121138095855713,,
10910,train,1783390652.3557987,3.142947196960449,3.142947196960449,,
10920,train,1783390654.711206,3.27670955657959,3.27670955657959,,
10930,train,1783390657.1218164,3.303271532058716,3.303271532058716,,
10940,train,1783390659.5010266,3.27657151222229,3.27657151222229,,
10950,train,1783390662.0066838,3.1786320209503174,3.1786320209503174,,
10960,train,1783390664.3728943,3.1997385025024414,3.1997385025024414,,
10970,train,1783390666.716862,3.0738847255706787,3.0738847255706787,,
10980,train,1783390669.4690447,3.177004098892212,3.177004098892212,,
10990,train,1783390671.8091633,3.2929322719573975,3.2929322719573975,,
11000,train,1783390674.2469232,3.173633337020874,3.173633337020874,,
11010,train,1783390676.6263032,3.290705442428589,3.290705442428589,,
11020,train,1783390678.9880245,3.3199191093444824,3.3199191093444824,,
11030,train,1783390681.3603358,3.2036380767822266,3.2036380767822266,,
11040,train,1783390683.7521605,3.1841278076171875,3.1841278076171875,,
11050,train,1783390686.1602519,3.2322094440460205,3.2322094440460205,,
11060,train,1783390688.5169008,3.1112515926361084,3.1112515926361084,,
11070,train,1783390690.836221,3.1574878692626953,3.1574878692626953,,
11080,train,1783390693.801124,3.1479332447052,3.1479332447052,,
11090,train,1783390696.3139565,3.2081093788146973,3.2081093788146973,,
11100,train,1783390698.8012197,3.2622087001800537,3.2622087001800537,,
11110,train,1783390701.1640549,3.1814281940460205,3.1814281940460205,,
11120,train,1783390703.5189502,3.1241817474365234,3.1241817474365234,,
11130,train,1783390705.854884,3.1660332679748535,3.1660332679748535,,
11140,train,1783390708.1779156,3.242487907409668,3.242487907409668,,
11150,train,1783390710.5299501,3.2440128326416016,3.2440128326416016,,
11160,train,1783390712.8537126,3.196633815765381,3.196633815765381,,
11170,train,1783390715.182084,3.1880128383636475,3.1880128383636475,,
11180,train,1783390717.9484415,3.209900140762329,3.209900140762329,,
11190,train,1783390720.401908,3.189720392227173,3.189720392227173,,
11200,train,1783390722.7754815,3.142535924911499,3.142535924911499,,
11210,train,1783390725.107767,3.2952544689178467,3.2952544689178467,,
11220,train,1783390727.4975297,3.1943585872650146,3.1943585872650146,,
11230,train,1783390729.8304546,3.250504970550537,3.250504970550537,,
11240,train,1783390732.1516924,3.296029567718506,3.296029567718506,,
11250,train,1783390734.528255,3.2095072269439697,3.2095072269439697,,
11260,train,1783390736.8499885,3.2552859783172607,3.2552859783172607,,
11270,train,1783390739.1204054,3.2315587997436523,3.2315587997436523,,
11280,train,1783390741.9841816,3.186228036880493,3.186228036880493,,
11290,train,1783390744.3349764,3.2446651458740234,3.2446651458740234,,
11300,train,1783390746.6715815,3.300788402557373,3.300788402557373,,
11310,train,1783390749.021535,3.160508155822754,3.160508155822754,,
11320,train,1783390751.3903563,3.3459649085998535,3.3459649085998535,,
11330,train,1783390753.769333,3.189877510070801,3.189877510070801,,
11340,train,1783390756.1168287,3.257812738418579,3.257812738418579,,
11350,train,1783390758.504884,3.1447222232818604,3.1447222232818604,,
11360,train,1783390760.841426,3.2918548583984375,3.2918548583984375,,
11370,train,1783390763.6121173,3.2852489948272705,3.2852489948272705,,
11380,train,1783390766.023799,3.225193738937378,3.225193738937378,,
11390,train,1783390768.4563162,3.1359689235687256,3.1359689235687256,,
11400,train,1783390771.0249834,3.1762800216674805,3.1762800216674805,,
11410,train,1783390773.3646574,3.2151668071746826,3.2151668071746826,,
11420,train,1783390775.7317219,3.160257339477539,3.160257339477539,,
11430,train,1783390778.1076133,3.212451696395874,3.212451696395874,,
11440,train,1783390780.4801903,3.1752519607543945,3.1752519607543945,,
11450,train,1783390782.8471217,3.274217128753662,3.274217128753662,,
11460,train,1783390785.1942058,3.205655097961426,3.205655097961426,,
11470,train,1783390787.9824204,3.2528321743011475,3.2528321743011475,,
11480,train,1783390790.3373218,3.2175910472869873,3.2175910472869873,,
11490,train,1783390792.6824548,3.286898374557495,3.286898374557495,,
11500,train,1783390795.0897145,3.1380789279937744,3.1380789279937744,,
11510,train,1783390797.4452677,3.2026400566101074,3.2026400566101074,,
11520,train,1783390799.7922418,3.2796268463134766,3.2796268463134766,,
11530,train,1783390802.1659446,3.268159866333008,3.268159866333008,,
11540,train,1783390804.5217807,3.2554521560668945,3.2554521560668945,,
11550,train,1783390806.94949,3.1339714527130127,3.1339714527130127,,
11560,train,1783390809.2870426,3.281733989715576,3.281733989715576,,
11570,train,1783390812.09975,3.304821014404297,3.304821014404297,,
11580,train,1783390814.465134,3.251105308532715,3.251105308532715,,
11590,train,1783390816.8028986,3.21341609954834,3.21341609954834,,
11600,train,1783390819.3490283,3.2756872177124023,3.2756872177124023,,
11610,train,1783390821.8861096,3.2673890590667725,3.2673890590667725,,
11620,train,1783390824.3021982,3.206597089767456,3.206597089767456,,
11630,train,1783390826.6611192,3.2961137294769287,3.2961137294769287,,
11640,train,1783390829.0612066,3.251783609390259,3.251783609390259,,
11650,train,1783390831.4847553,3.2592153549194336,3.2592153549194336,,
11660,train,1783390833.824737,3.3165667057037354,3.3165667057037354,,
11670,train,1783390836.6552093,3.1944611072540283,3.1944611072540283,,
11680,train,1783390839.0380206,3.2265985012054443,3.2265985012054443,,
11690,train,1783390841.41364,3.21044921875,3.21044921875,,
11700,train,1783390843.7740028,3.2028462886810303,3.2028462886810303,,
11710,train,1783390846.1819599,3.211519479751587,3.211519479751587,,
11720,train,1783390848.5448854,3.1878418922424316,3.1878418922424316,,
11730,train,1783390850.906228,3.1435389518737793,3.1435389518737793,,
11740,train,1783390853.2634563,3.212355375289917,3.212355375289917,,
11750,train,1783390855.6203692,3.2315828800201416,3.2315828800201416,,
11760,train,1783390857.8777652,3.364384174346924,3.364384174346924,,
11770,train,1783390860.8677115,3.0982775688171387,3.0982775688171387,,
11780,train,1783390863.2951012,3.126553773880005,3.126553773880005,,
11790,train,1783390865.6814785,3.208897352218628,3.208897352218628,,
11800,train,1783390868.1622334,3.190297842025757,3.190297842025757,,
11810,train,1783390870.5154788,3.3258304595947266,3.3258304595947266,,
11820,train,1783390872.9060278,3.249002456665039,3.249002456665039,,
11830,train,1783390875.286829,3.2387375831604004,3.2387375831604004,,
11840,train,1783390877.6258764,3.3173110485076904,3.3173110485076904,,
11850,train,1783390879.9940898,3.178924798965454,3.178924798965454,,
11860,train,1783390882.8256254,3.186532974243164,3.186532974243164,,
11870,train,1783390885.200653,3.247276782989502,3.247276782989502,,
11880,train,1783390887.587191,3.239074468612671,3.239074468612671,,
11890,train,1783390889.957247,3.1931028366088867,3.1931028366088867,,
11900,train,1783390892.3680413,3.2265803813934326,3.2265803813934326,,
11910,train,1783390894.7083635,3.219454526901245,3.219454526901245,,
11920,train,1783390897.064019,3.2143166065216064,3.2143166065216064,,
11930,train,1783390899.4083295,3.1521005630493164,3.1521005630493164,,
11940,train,1783390901.7509232,3.242826223373413,3.242826223373413,,
11950,train,1783390904.132972,3.1699883937835693,3.1699883937835693,,
11960,train,1783390906.9177246,3.207824468612671,3.207824468612671,,
11970,train,1783390909.310232,3.1585757732391357,3.1585757732391357,,
11980,train,1783390911.6947489,3.085042715072632,3.085042715072632,,
11990,train,1783390914.04849,3.339989185333252,3.339989185333252,,
12000,train,1783390916.44368,3.218323230743408,3.218323230743408,,
12010,train,1783390918.840479,3.156259536743164,3.156259536743164,,
12020,train,1783390921.1920412,3.1767477989196777,3.1767477989196777,,
12030,train,1783390923.5899687,3.1577577590942383,3.1577577590942383,,
12040,train,1783390925.960947,3.179558515548706,3.179558515548706,,
12050,train,1783390928.333072,3.208298921585083,3.208298921585083,,
12060,train,1783390931.1553032,3.1679224967956543,3.1679224967956543,,
12070,train,1783390933.4886672,3.1910781860351562,3.1910781860351562,,
12080,train,1783390935.828021,3.2535581588745117,3.2535581588745117,,
12090,train,1783390938.1857574,3.2326831817626953,3.2326831817626953,,
12100,train,1783390940.5822496,3.120959758758545,3.120959758758545,,
12110,train,1783390942.920583,3.383139133453369,3.383139133453369,,
12120,train,1783390945.2791476,3.2403688430786133,3.2403688430786133,,
12130,train,1783390947.626005,3.2094528675079346,3.2094528675079346,,
12140,train,1783390949.9533622,3.209038019180298,3.209038019180298,,
12150,train,1783390952.2934418,3.176914930343628,3.176914930343628,,
12160,train,1783390955.041868,3.2481396198272705,3.2481396198272705,,
12170,train,1783390957.3947875,3.1414334774017334,3.1414334774017334,,
12180,train,1783390959.729198,3.166728973388672,3.166728973388672,,
12190,train,1783390962.076917,3.2314274311065674,3.2314274311065674,,
12200,train,1783390964.4906807,3.264293670654297,3.264293670654297,,
12210,train,1783390966.8736486,3.1165010929107666,3.1165010929107666,,
12220,train,1783390969.245445,3.1319422721862793,3.1319422721862793,,
12230,train,1783390971.6097906,3.1246259212493896,3.1246259212493896,,
12240,train,1783390973.9970696,3.2804369926452637,3.2804369926452637,,
12250,train,1783390976.294425,3.178834915161133,3.178834915161133,,
12260,train,1783390979.1671095,3.2413666248321533,3.2413666248321533,,
12270,train,1783390981.5127587,3.2217488288879395,3.2217488288879395,,
12280,train,1783390983.8280795,3.2969601154327393,3.2969601154327393,,
12290,train,1783390986.1819754,3.1759307384490967,3.1759307384490967,,
12300,train,1783390988.5491073,3.1378672122955322,3.1378672122955322,,
12310,train,1783390990.9042165,3.2910876274108887,3.2910876274108887,,
12320,train,1783390993.2368762,3.1360385417938232,3.1360385417938232,,
12330,train,1783390995.611098,3.121159315109253,3.121159315109253,,
12340,train,1783390998.0781486,3.3333089351654053,3.3333089351654053,,
12350,train,1783391000.9522474,3.3829495906829834,3.3829495906829834,,
12360,train,1783391003.3432562,3.205859899520874,3.205859899520874,,
12370,train,1783391005.7068753,3.2791988849639893,3.2791988849639893,,
12380,train,1783391008.0609996,3.1841847896575928,3.1841847896575928,,
12390,train,1783391010.4400227,3.2912089824676514,3.2912089824676514,,
12400,train,1783391012.8028562,3.2281506061553955,3.2281506061553955,,
12410,train,1783391015.1448596,3.2886013984680176,3.2886013984680176,,
12420,train,1783391017.461636,3.1568968296051025,3.1568968296051025,,
12430,train,1783391019.788033,3.1493191719055176,3.1493191719055176,,
12440,train,1783391022.1341817,3.222247362136841,3.222247362136841,,
12450,train,1783391024.9456012,3.204259157180786,3.204259157180786,,
12460,train,1783391027.3219857,3.2603952884674072,3.2603952884674072,,
12470,train,1783391029.6665733,3.196310043334961,3.196310043334961,,
12480,train,1783391032.0184455,3.2212488651275635,3.2212488651275635,,
12490,train,1783391034.3919685,3.275481939315796,3.275481939315796,,
12500,train,1783391036.7569716,3.2054102420806885,3.2054102420806885,,
12510,train,1783391039.1108835,3.2152745723724365,3.2152745723724365,,
12520,train,1783391041.4546666,3.148658514022827,3.148658514022827,,
12530,train,1783391043.8076243,3.297318935394287,3.297318935394287,,
12540,train,1783391046.149208,3.068434238433838,3.068434238433838,,
12550,train,1783391048.9612098,3.095404624938965,3.095404624938965,,
12560,train,1783391051.3083284,3.2024359703063965,3.2024359703063965,,
12570,train,1783391053.6619313,3.2853918075561523,3.2853918075561523,,
12580,train,1783391056.0169816,3.211055278778076,3.211055278778076,,
12590,train,1783391058.3792455,3.1963276863098145,3.1963276863098145,,
12600,train,1783391060.7346876,3.209460496902466,3.209460496902466,,
12610,train,1783391063.0999684,3.174760103225708,3.174760103225708,,
12620,train,1783391065.4818492,3.308504581451416,3.308504581451416,,
12630,train,1783391067.846964,3.1912543773651123,3.1912543773651123,,
12640,train,1783391070.164129,3.2846736907958984,3.2846736907958984,,
12650,train,1783391072.956748,3.2155275344848633,3.2155275344848633,,
12660,train,1783391075.3159235,3.2207086086273193,3.2207086086273193,,
12670,train,1783391077.673711,3.152437925338745,3.152437925338745,,
12680,train,1783391080.0287485,3.187018394470215,3.187018394470215,,
12690,train,1783391082.4119155,3.124295711517334,3.124295711517334,,
12700,train,1783391084.8392963,3.2394771575927734,3.2394771575927734,,
12710,train,1783391087.1962888,3.1155855655670166,3.1155855655670166,,
12720,train,1783391089.5612462,3.2350082397460938,3.2350082397460938,,
12730,train,1783391092.133551,3.1642513275146484,3.1642513275146484,,
12740,train,1783391094.4474409,3.2043516635894775,3.2043516635894775,,
12750,train,1783391097.7173321,3.217867612838745,3.217867612838745,,
12760,train,1783391100.3008394,3.2201404571533203,3.2201404571533203,,
12770,train,1783391102.7715397,3.220710277557373,3.220710277557373,,
12780,train,1783391105.2422316,3.22402286529541,3.22402286529541,,
12790,train,1783391107.6612623,3.1629831790924072,3.1629831790924072,,
12800,train,1783391110.066676,3.1843273639678955,3.1843273639678955,,
12810,train,1783391112.3977728,3.273768663406372,3.273768663406372,,
12820,train,1783391114.7817838,3.1890523433685303,3.1890523433685303,,
12830,train,1783391117.1623502,3.2186646461486816,3.2186646461486816,,
12840,train,1783391120.0520055,3.2159318923950195,3.2159318923950195,,
12850,train,1783391122.46971,3.1869571208953857,3.1869571208953857,,
12860,train,1783391124.8794637,3.2172229290008545,3.2172229290008545,,
12870,train,1783391127.279591,3.2714967727661133,3.2714967727661133,,
12880,train,1783391129.6828384,3.266407012939453,3.266407012939453,,
12890,train,1783391132.0562603,3.2138710021972656,3.2138710021972656,,
12900,train,1783391134.510654,3.20117449760437,3.20117449760437,,
12910,train,1783391136.9210868,3.180575132369995,3.180575132369995,,
12920,train,1783391139.273165,3.1913468837738037,3.1913468837738037,,
12930,train,1783391141.6217542,3.214470386505127,3.214470386505127,,
12940,train,1783391144.3771038,3.208423376083374,3.208423376083374,,
12950,train,1783391146.7602558,3.244171619415283,3.244171619415283,,
12960,train,1783391149.0970225,3.202510356903076,3.202510356903076,,
12970,train,1783391151.5056376,3.094158172607422,3.094158172607422,,
12980,train,1783391153.895329,3.2766623497009277,3.2766623497009277,,
12990,train,1783391156.2741995,3.217139959335327,3.217139959335327,,
13000,train,1783391158.7065487,3.3276379108428955,3.3276379108428955,,
13010,train,1783391161.0872126,3.2259440422058105,3.2259440422058105,,
13020,train,1783391163.4521742,3.1397743225097656,3.1397743225097656,,
13030,train,1783391165.771523,3.180305242538452,3.180305242538452,,
13040,train,1783391168.5492308,3.2396206855773926,3.2396206855773926,,
13050,train,1783391170.980368,3.1450319290161133,3.1450319290161133,,
13060,train,1783391173.2901776,3.228841543197632,3.228841543197632,,
13070,train,1783391175.638657,3.1199138164520264,3.1199138164520264,,
13080,train,1783391177.9918256,3.1915581226348877,3.1915581226348877,,
13090,train,1783391180.333964,3.1090219020843506,3.1090219020843506,,
13100,train,1783391182.7258735,3.2465670108795166,3.2465670108795166,,
13110,train,1783391185.1137297,3.092728853225708,3.092728853225708,,
13120,train,1783391187.427515,3.3001344203948975,3.3001344203948975,,
13130,train,1783391189.7479393,3.1840314865112305,3.1840314865112305,,
13140,train,1783391192.539937,3.1443750858306885,3.1443750858306885,,
13150,train,1783391194.911635,3.2329165935516357,3.2329165935516357,,
13160,train,1783391197.2718556,3.192979097366333,3.192979097366333,,
13170,train,1783391199.604155,3.23111891746521,3.23111891746521,,
13180,train,1783391201.9627004,3.2740702629089355,3.2740702629089355,,
13190,train,1783391204.3112729,3.2991526126861572,3.2991526126861572,,
13200,train,1783391206.6606793,3.2107224464416504,3.2107224464416504,,
13210,train,1783391209.0083308,3.3277525901794434,3.3277525901794434,,
13220,train,1783391211.3389199,3.2313859462738037,3.2313859462738037,,
13230,train,1783391213.5696018,3.3233284950256348,3.3233284950256348,,
13240,train,1783391216.4654102,3.2221004962921143,3.2221004962921143,,
13250,train,1783391218.8228562,3.4165096282958984,3.4165096282958984,,
13260,train,1783391221.1992183,3.1728298664093018,3.1728298664093018,,
13270,train,1783391223.534937,3.2634356021881104,3.2634356021881104,,
13280,train,1783391225.903568,3.1960861682891846,3.1960861682891846,,
13290,train,1783391228.2668965,3.2651045322418213,3.2651045322418213,,
13300,train,1783391230.638109,3.2835469245910645,3.2835469245910645,,
13310,train,1783391232.9782157,3.2424590587615967,3.2424590587615967,,
13320,train,1783391235.294049,3.26448917388916,3.26448917388916,,
13330,train,1783391238.032799,3.116955280303955,3.116955280303955,,
13340,train,1783391240.3799567,3.33465313911438,3.33465313911438,,
13350,train,1783391242.758432,3.251492500305176,3.251492500305176,,
13360,train,1783391245.1171663,3.1512649059295654,3.1512649059295654,,
13370,train,1783391247.436912,3.2865166664123535,3.2865166664123535,,
13380,train,1783391249.7969832,3.271385908126831,3.271385908126831,,
13390,train,1783391252.2294075,3.1413629055023193,3.1413629055023193,,
13400,train,1783391254.6103334,3.284592390060425,3.284592390060425,,
13410,train,1783391256.9629822,3.224087953567505,3.224087953567505,,
13420,train,1783391259.2834508,3.2339491844177246,3.2339491844177246,,
13430,train,1783391262.071921,3.298865795135498,3.298865795135498,,
13440,train,1783391264.4382343,3.249185800552368,3.249185800552368,,
13450,train,1783391266.8572872,3.201029062271118,3.201029062271118,,
13460,train,1783391269.1778944,3.1882941722869873,3.1882941722869873,,
13470,train,1783391271.5554423,3.1644675731658936,3.1644675731658936,,
13480,train,1783391273.8993938,3.192148208618164,3.192148208618164,,
13490,train,1783391276.281072,3.1122803688049316,3.1122803688049316,,
13500,train,1783391278.6745446,3.221827745437622,3.221827745437622,,
13510,train,1783391280.9986494,3.1859290599823,3.1859290599823,,
13520,train,1783391283.3508134,3.1685807704925537,3.1685807704925537,,
13530,train,1783391286.1418934,3.249793529510498,3.249793529510498,,
13540,train,1783391288.4940798,3.253126621246338,3.253126621246338,,
13550,train,1783391290.8701086,3.16043758392334,3.16043758392334,,
13560,train,1783391293.24768,3.203442335128784,3.203442335128784,,
13570,train,1783391295.624754,3.232240915298462,3.232240915298462,,
13580,train,1783391298.0013416,3.234920024871826,3.234920024871826,,
13590,train,1783391300.3273308,3.229465961456299,3.229465961456299,,
13600,train,1783391302.7164733,3.1587884426116943,3.1587884426116943,,
13610,train,1783391305.0486658,3.2105767726898193,3.2105767726898193,,
13620,train,1783391307.381634,3.2971689701080322,3.2971689701080322,,
13630,train,1783391310.175788,3.2418367862701416,3.2418367862701416,,
13640,train,1783391312.5144267,3.1564338207244873,3.1564338207244873,,
13650,train,1783391314.9429712,3.2404894828796387,3.2404894828796387,,
13660,train,1783391317.2732153,3.1902241706848145,3.1902241706848145,,
13670,train,1783391319.6344583,3.1562042236328125,3.1562042236328125,,
13680,train,1783391321.9831064,3.2456517219543457,3.2456517219543457,,
13690,train,1783391324.3517268,3.165102243423462,3.165102243423462,,
13700,train,1783391326.7611294,3.161731004714966,3.161731004714966,,
13710,train,1783391329.11429,3.1992976665496826,3.1992976665496826,,
13720,train,1783391331.3741164,3.0948078632354736,3.0948078632354736,,
13730,train,1783391334.2882013,3.190951347351074,3.190951347351074,,
13740,train,1783391336.6575215,3.2122180461883545,3.2122180461883545,,
13750,train,1783391339.0311697,3.2278072834014893,3.2278072834014893,,
13760,train,1783391341.3659794,3.2670137882232666,3.2670137882232666,,
13770,train,1783391343.7097912,3.2300002574920654,3.2300002574920654,,
13780,train,1783391346.0334916,3.3089818954467773,3.3089818954467773,,
13790,train,1783391348.4048262,3.1879422664642334,3.1879422664642334,,
13800,train,1783391350.7982786,3.214942693710327,3.214942693710327,,
13810,train,1783391353.1344864,3.2748987674713135,3.2748987674713135,,
13820,train,1783391355.945898,3.212801694869995,3.212801694869995,,
13830,train,1783391358.3140142,3.2253663539886475,3.2253663539886475,,
13840,train,1783391360.6780028,3.164459705352783,3.164459705352783,,
13850,train,1783391363.06072,3.2100253105163574,3.2100253105163574,,
13860,train,1783391365.387796,3.232304334640503,3.232304334640503,,
13870,train,1783391367.7548888,3.112269878387451,3.112269878387451,,
13880,train,1783391370.1148162,3.225646495819092,3.225646495819092,,
13890,train,1783391372.4675272,3.2515578269958496,3.2515578269958496,,
13900,train,1783391374.8594923,3.1601829528808594,3.1601829528808594,,
13910,train,1783391377.1708958,3.2904093265533447,3.2904093265533447,,
13920,train,1783391379.920834,3.253718376159668,3.253718376159668,,
13930,train,1783391382.2970803,3.116513252258301,3.116513252258301,,
13940,train,1783391384.6513228,3.1349775791168213,3.1349775791168213,,
13950,train,1783391387.049538,3.1056482791900635,3.1056482791900635,,
13960,train,1783391389.3520403,3.2906038761138916,3.2906038761138916,,
13970,train,1783391391.7104216,3.231265068054199,3.231265068054199,,
13980,train,1783391394.0685828,3.183849811553955,3.183849811553955,,
13990,train,1783391396.4516585,3.1211559772491455,3.1211559772491455,,
14000,train,1783391398.8796782,3.2314584255218506,3.2314584255218506,,
14010,train,1783391401.1926346,3.2661292552948,3.2661292552948,,
14020,train,1783391403.960165,3.123826503753662,3.123826503753662,,
14030,train,1783391406.3189561,3.2787728309631348,3.2787728309631348,,
14040,train,1783391408.713978,3.122260093688965,3.122260093688965,,
14050,train,1783391411.1339817,3.2401645183563232,3.2401645183563232,,
14060,train,1783391413.4988537,3.178645610809326,3.178645610809326,,
14070,train,1783391415.8419244,3.258166790008545,3.258166790008545,,
14080,train,1783391418.2340252,3.2916743755340576,3.2916743755340576,,
14090,train,1783391420.5805306,3.2703022956848145,3.2703022956848145,,
14100,train,1783391422.9751408,3.193537473678589,3.193537473678589,,
14110,train,1783391425.3401217,3.110025405883789,3.110025405883789,,
14120,train,1783391428.111131,3.1218581199645996,3.1218581199645996,,
14130,train,1783391430.4430416,3.132399797439575,3.132399797439575,,
14140,train,1783391432.814684,3.220723867416382,3.220723867416382,,
14150,train,1783391435.2440367,3.245168447494507,3.245168447494507,,
14160,train,1783391437.5873265,3.1817891597747803,3.1817891597747803,,
14170,train,1783391439.9611385,3.185544490814209,3.185544490814209,,
14180,train,1783391442.2789264,3.2380928993225098,3.2380928993225098,,
14190,train,1783391444.6323512,3.2376973628997803,3.2376973628997803,,
14200,train,1783391447.019434,3.173360586166382,3.173360586166382,,
14210,train,1783391449.277667,3.232990264892578,3.232990264892578,,
14220,train,1783391452.0976264,3.1591200828552246,3.1591200828552246,,
14230,train,1783391454.4241412,3.1866023540496826,3.1866023540496826,,
14240,train,1783391456.7966955,3.2019786834716797,3.2019786834716797,,
14250,train,1783391459.2063136,3.1340081691741943,3.1340081691741943,,
14260,train,1783391461.5627933,3.249602794647217,3.249602794647217,,
14270,train,1783391463.92071,3.2025508880615234,3.2025508880615234,,
14280,train,1783391466.249473,3.241971015930176,3.241971015930176,,
14290,train,1783391468.6322517,3.330655574798584,3.330655574798584,,
14300,train,1783391471.027772,3.1323482990264893,3.1323482990264893,,
14310,train,1783391473.7846189,3.1411218643188477,3.1411218643188477,,
14320,train,1783391476.106911,3.220120906829834,3.220120906829834,,
14330,train,1783391478.4581716,3.2103891372680664,3.2103891372680664,,
14340,train,1783391480.8002677,3.2459256649017334,3.2459256649017334,,
14350,train,1783391483.203693,3.1464571952819824,3.1464571952819824,,
14360,train,1783391485.5352712,3.1383297443389893,3.1383297443389893,,
14370,train,1783391487.884492,3.2018327713012695,3.2018327713012695,,
14380,train,1783391490.2006485,3.2590487003326416,3.2590487003326416,,
14390,train,1783391492.5370996,3.2536461353302,3.2536461353302,,
14400,train,1783391494.9129968,3.2249348163604736,3.2249348163604736,,
14410,train,1783391497.676797,3.2620890140533447,3.2620890140533447,,
14420,train,1783391500.010932,3.3437998294830322,3.3437998294830322,,
14430,train,1783391502.398988,3.1602742671966553,3.1602742671966553,,
14440,train,1783391504.744728,3.2159981727600098,3.2159981727600098,,
14450,train,1783391507.1383722,3.1474769115448,3.1474769115448,,
14460,train,1783391509.4841413,3.334366798400879,3.334366798400879,,
14470,train,1783391511.8431854,3.188399076461792,3.188399076461792,,
14480,train,1783391514.1786144,3.1892406940460205,3.1892406940460205,,
14490,train,1783391516.512612,3.2766215801239014,3.2766215801239014,,
14500,train,1783391518.8937678,3.1198654174804688,3.1198654174804688,,
14510,train,1783391521.638777,3.2259581089019775,3.2259581089019775,,
14520,train,1783391523.9769819,3.3062493801116943,3.3062493801116943,,
14530,train,1783391526.3270628,3.258795738220215,3.258795738220215,,
14540,train,1783391528.7066538,3.1106343269348145,3.1106343269348145,,
14550,train,1783391531.0783648,3.233917236328125,3.233917236328125,,
14560,train,1783391533.4485586,3.1080334186553955,3.1080334186553955,,
14570,train,1783391535.8366356,3.2335689067840576,3.2335689067840576,,
14580,train,1783391538.2125363,3.2346341609954834,3.2346341609954834,,
14590,train,1783391540.529345,3.200015068054199,3.200015068054199,,
14600,train,1783391542.9170518,3.2998952865600586,3.2998952865600586,,
14610,train,1783391545.6544917,3.180673122406006,3.180673122406006,,
14620,train,1783391548.009865,3.197080612182617,3.197080612182617,,
14630,train,1783391550.35888,3.0888662338256836,3.0888662338256836,,
14640,train,1783391552.724899,3.1721510887145996,3.1721510887145996,,
14650,train,1783391555.150164,3.119971990585327,3.119971990585327,,
14660,train,1783391557.4909518,3.2324395179748535,3.2324395179748535,,
14670,train,1783391559.8646057,3.259165048599243,3.259165048599243,,
14680,train,1783391562.2158322,3.162210702896118,3.162210702896118,,
14690,train,1783391564.5390975,3.3177402019500732,3.3177402019500732,,
14700,train,1783391566.793895,3.2188479900360107,3.2188479900360107,,
14710,train,1783391569.6436675,3.1786015033721924,3.1786015033721924,,
14720,train,1783391572.008152,3.2419981956481934,3.2419981956481934,,
14730,train,1783391574.3854656,3.0890796184539795,3.0890796184539795,,
14740,train,1783391576.7347836,3.2192399501800537,3.2192399501800537,,
14750,train,1783391579.156641,3.2262675762176514,3.2262675762176514,,
14760,train,1783391581.5052657,3.171064853668213,3.171064853668213,,
14770,train,1783391583.8711152,3.2238073348999023,3.2238073348999023,,
14780,train,1783391586.2203937,3.2522242069244385,3.2522242069244385,,
14790,train,1783391588.5440624,3.045684576034546,3.045684576034546,,
14800,train,1783391591.3246381,3.2363522052764893,3.2363522052764893,,
14810,train,1783391593.6978254,3.2047314643859863,3.2047314643859863,,
14820,train,1783391596.0742936,3.2134039402008057,3.2134039402008057,,
14830,train,1783391598.4368727,3.184633731842041,3.184633731842041,,
14840,train,1783391600.7742603,3.3788342475891113,3.3788342475891113,,
14850,train,1783391603.157374,3.2478220462799072,3.2478220462799072,,
14860,train,1783391605.5361524,3.2405457496643066,3.2405457496643066,,
14870,train,1783391607.928461,3.196258306503296,3.196258306503296,,
14880,train,1783391610.3082488,3.0834646224975586,3.0834646224975586,,
14890,train,1783391612.6356359,3.2721238136291504,3.2721238136291504,,
14900,train,1783391615.4724727,3.2642085552215576,3.2642085552215576,,
14910,train,1783391617.828629,3.2141377925872803,3.2141377925872803,,
14920,train,1783391620.1768134,3.223234176635742,3.223234176635742,,
14930,train,1783391622.537221,3.2025113105773926,3.2025113105773926,,
14940,train,1783391624.9181721,3.160426139831543,3.160426139831543,,
14950,train,1783391627.3148289,3.155547857284546,3.155547857284546,,
14960,train,1783391629.705563,3.1622419357299805,3.1622419357299805,,
14970,train,1783391632.0464528,3.196885108947754,3.196885108947754,,
14980,train,1783391634.3996334,3.1908860206604004,3.1908860206604004,,
14990,train,1783391636.7606015,3.2944750785827637,3.2944750785827637,,
15000,train,1783391639.5917828,3.1542787551879883,3.1542787551879883,,
15000,validation,1783391753.6893644,,,3.241668555736542,3.241668555736542
15010,train,1783391756.1052012,3.2041444778442383,3.2041444778442383,,
15020,train,1783391758.4561775,3.312645196914673,3.312645196914673,,
15030,train,1783391760.8212132,3.195417642593384,3.195417642593384,,
15040,train,1783391763.2113142,3.0885283946990967,3.0885283946990967,,
15050,train,1783391765.6011672,3.257178783416748,3.257178783416748,,
15060,train,1783391767.9418602,3.272601366043091,3.272601366043091,,
15070,train,1783391770.3112571,3.200059175491333,3.200059175491333,,
15080,train,1783391772.6762874,3.129204511642456,3.129204511642456,,
15090,train,1783391775.0236912,3.1694231033325195,3.1694231033325195,,
15100,train,1783391777.8188827,3.239777088165283,3.239777088165283,,
15110,train,1783391780.216393,3.2300972938537598,3.2300972938537598,,
15120,train,1783391782.6228845,3.109917163848877,3.109917163848877,,
15130,train,1783391784.9989524,3.105133533477783,3.105133533477783,,
15140,train,1783391787.3766687,3.215535879135132,3.215535879135132,,
15150,train,1783391789.8049057,3.149723768234253,3.149723768234253,,
15160,train,1783391792.1571825,3.148163318634033,3.148163318634033,,
15170,train,1783391794.5905674,3.2673306465148926,3.2673306465148926,,
15180,train,1783391796.9492931,3.1936910152435303,3.1936910152435303,,
15190,train,1783391799.2047079,3.2724685668945312,3.2724685668945312,,
15200,train,1783391802.1299512,3.1775240898132324,3.1775240898132324,,
15210,train,1783391804.4634576,3.302172899246216,3.302172899246216,,
15220,train,1783391806.8375826,3.240363836288452,3.240363836288452,,
15230,train,1783391809.186033,3.1338677406311035,3.1338677406311035,,
15240,train,1783391811.5221086,3.2240524291992188,3.2240524291992188,,
15250,train,1783391813.9004786,3.2051384449005127,3.2051384449005127,,
15260,train,1783391816.2539783,3.2272350788116455,3.2272350788116455,,
15270,train,1783391818.632325,3.207871675491333,3.207871675491333,,
15280,train,1783391821.0073888,3.242274761199951,3.242274761199951,,
15290,train,1783391823.9456146,3.1943111419677734,3.1943111419677734,,
15300,train,1783391826.4342504,3.2608089447021484,3.2608089447021484,,
15310,train,1783391828.76843,3.295006036758423,3.295006036758423,,
15320,train,1783391831.121343,3.2566299438476562,3.2566299438476562,,
15330,train,1783391833.5159307,3.1831302642822266,3.1831302642822266,,
15340,train,1783391835.835073,3.151994228363037,3.151994228363037,,
15350,train,1783391838.243413,3.253248691558838,3.253248691558838,,
15360,train,1783391840.6575365,3.316317319869995,3.316317319869995,,
15370,train,1783391843.06748,3.237412929534912,3.237412929534912,,
15380,train,1783391845.406228,3.1762943267822266,3.1762943267822266,,
15390,train,1783391848.2458043,3.1845169067382812,3.1845169067382812,,
15400,train,1783391850.6438468,3.196983575820923,3.196983575820923,,
15410,train,1783391852.991735,3.2626893520355225,3.2626893520355225,,
15420,train,1783391855.3806574,3.151370048522949,3.151370048522949,,
15430,train,1783391857.7690203,3.1438565254211426,3.1438565254211426,,
15440,train,1783391860.1288245,3.28013277053833,3.28013277053833,,
15450,train,1783391862.5432744,3.2375619411468506,3.2375619411468506,,
15460,train,1783391864.9196565,3.084815502166748,3.084815502166748,,
15470,train,1783391867.300801,3.2337558269500732,3.2337558269500732,,
15480,train,1783391869.657735,3.147585153579712,3.147585153579712,,
15490,train,1783391872.4934263,3.2092976570129395,3.2092976570129395,,
15500,train,1783391874.9155962,3.1887879371643066,3.1887879371643066,,
15510,train,1783391877.2658608,3.1723623275756836,3.1723623275756836,,
15520,train,1783391879.6184888,3.2825522422790527,3.2825522422790527,,
15530,train,1783391881.9701667,3.1647088527679443,3.1647088527679443,,
15540,train,1783391884.3280172,3.2751221656799316,3.2751221656799316,,
15550,train,1783391886.6953793,3.176546573638916,3.176546573638916,,
15560,train,1783391889.0072417,3.0983691215515137,3.0983691215515137,,
15570,train,1783391891.3534343,3.2578415870666504,3.2578415870666504,,
15580,train,1783391893.6659694,3.209367275238037,3.209367275238037,,
15590,train,1783391896.4467561,3.2538158893585205,3.2538158893585205,,
15600,train,1783391898.808158,3.199371099472046,3.199371099472046,,
15610,train,1783391901.137695,3.3969852924346924,3.3969852924346924,,
15620,train,1783391903.4739494,3.2210702896118164,3.2210702896118164,,
15630,train,1783391905.8318741,3.169034004211426,3.169034004211426,,
15640,train,1783391908.1980076,3.234675645828247,3.234675645828247,,
15650,train,1783391910.6108863,3.165781021118164,3.165781021118164,,
15660,train,1783391912.986209,3.137908697128296,3.137908697128296,,
15670,train,1783391915.3793828,3.1756503582000732,3.1756503582000732,,
15680,train,1783391917.623304,3.1199371814727783,3.1199371814727783,,
15690,train,1783391920.6827319,3.277682304382324,3.277682304382324,,
15700,train,1783391923.1525164,3.229752540588379,3.229752540588379,,
15710,train,1783391925.5192337,3.2191269397735596,3.2191269397735596,,
15720,train,1783391927.9130535,3.1416239738464355,3.1416239738464355,,
15730,train,1783391930.284613,3.2451794147491455,3.2451794147491455,,
15740,train,1783391932.6112175,3.2193100452423096,3.2193100452423096,,
15750,train,1783391935.0128558,3.2357845306396484,3.2357845306396484,,
15760,train,1783391937.4446595,3.0882480144500732,3.0882480144500732,,
15770,train,1783391939.8113222,3.2177340984344482,3.2177340984344482,,
15780,train,1783391942.5505831,3.298924207687378,3.298924207687378,,
15790,train,1783391944.9263139,3.223982095718384,3.223982095718384,,
15800,train,1783391947.3719058,3.238490104675293,3.238490104675293,,
15810,train,1783391949.7276747,3.163187026977539,3.163187026977539,,
15820,train,1783391952.0603511,3.3005619049072266,3.3005619049072266,,
15830,train,1783391954.4055593,3.1306722164154053,3.1306722164154053,,
15840,train,1783391956.777213,3.2312440872192383,3.2312440872192383,,
15850,train,1783391959.1551182,3.202315330505371,3.202315330505371,,
15860,train,1783391961.5517797,3.184830904006958,3.184830904006958,,
15870,train,1783391963.8875842,3.10180401802063,3.10180401802063,,
15880,train,1783391966.624185,3.288926124572754,3.288926124572754,,
15890,train,1783391968.9738576,3.140747547149658,3.140747547149658,,
15900,train,1783391971.3957293,3.1970975399017334,3.1970975399017334,,
15910,train,1783391973.7491908,3.259838581085205,3.259838581085205,,
15920,train,1783391976.1147296,3.2195627689361572,3.2195627689361572,,
15930,train,1783391978.4860315,3.208524227142334,3.208524227142334,,
15940,train,1783391980.8148355,3.176455020904541,3.176455020904541,,
15950,train,1783391983.2149324,3.2121050357818604,3.2121050357818604,,
15960,train,1783391985.6087263,3.253626823425293,3.253626823425293,,
15970,train,1783391987.934832,3.2348783016204834,3.2348783016204834,,
15980,train,1783391990.6945405,3.276803493499756,3.276803493499756,,
15990,train,1783391993.0438688,3.195483922958374,3.195483922958374,,
16000,train,1783391995.4487243,3.240018367767334,3.240018367767334,,
16010,train,1783391997.7852256,3.281435012817383,3.281435012817383,,
16020,train,1783392000.1301875,3.282785415649414,3.282785415649414,,
16030,train,1783392002.4707484,3.206003427505493,3.206003427505493,,
16040,train,1783392004.818465,3.2277848720550537,3.2277848720550537,,
16050,train,1783392007.2416217,3.1609175205230713,3.1609175205230713,,
16060,train,1783392009.5499704,3.2400715351104736,3.2400715351104736,,
16070,train,1783392011.8800368,3.152109146118164,3.152109146118164,,
16080,train,1783392014.6494868,3.175692558288574,3.175692558288574,,
16090,train,1783392017.0303903,3.1858532428741455,3.1858532428741455,,
16100,train,1783392019.4288466,3.1787469387054443,3.1787469387054443,,
16110,train,1783392021.7872877,3.1879358291625977,3.1879358291625977,,
16120,train,1783392024.1025224,3.290053367614746,3.290053367614746,,
16130,train,1783392026.48696,3.2272469997406006,3.2272469997406006,,
16140,train,1783392028.844585,3.1980512142181396,3.1980512142181396,,
16150,train,1783392031.2312088,3.264866352081299,3.264866352081299,,
16160,train,1783392033.5683093,3.2115743160247803,3.2115743160247803,,
16170,train,1783392035.8427022,3.2538249492645264,3.2538249492645264,,
16180,train,1783392038.7340467,3.3306849002838135,3.3306849002838135,,
16190,train,1783392041.06197,3.191776990890503,3.191776990890503,,
16200,train,1783392043.4593453,3.1809425354003906,3.1809425354003906,,
16210,train,1783392045.8045294,3.121129274368286,3.121129274368286,,
16220,train,1783392048.1462343,3.2165894508361816,3.2165894508361816,,
16230,train,1783392050.521244,3.213991403579712,3.213991403579712,,
16240,train,1783392052.857562,3.0716257095336914,3.0716257095336914,,
16250,train,1783392055.2413335,3.2315385341644287,3.2315385341644287,,
16260,train,1783392057.5582106,3.2633519172668457,3.2633519172668457,,
16270,train,1783392060.3288248,3.1993587017059326,3.1993587017059326,,
16280,train,1783392062.6853678,3.265432119369507,3.265432119369507,,
16290,train,1783392065.062997,3.244809865951538,3.244809865951538,,
16300,train,1783392067.4639978,3.1667943000793457,3.1667943000793457,,
16310,train,1783392069.8430855,3.2836194038391113,3.2836194038391113,,
16320,train,1783392072.1885545,3.2444629669189453,3.2444629669189453,,
16330,train,1783392074.560938,3.166182518005371,3.166182518005371,,
16340,train,1783392076.897644,3.2627923488616943,3.2627923488616943,,
16350,train,1783392079.262933,3.33948016166687,3.33948016166687,,
16360,train,1783392081.5769153,3.3649165630340576,3.3649165630340576,,
16370,train,1783392084.3777962,3.177719831466675,3.177719831466675,,
16380,train,1783392086.7148805,3.244027614593506,3.244027614593506,,
16390,train,1783392089.0730705,3.218545913696289,3.218545913696289,,
16400,train,1783392091.4446692,3.2258880138397217,3.2258880138397217,,
16410,train,1783392093.8037043,3.221442222595215,3.221442222595215,,
16420,train,1783392096.15441,3.2515621185302734,3.2515621185302734,,
16430,train,1783392098.542294,3.151669502258301,3.151669502258301,,
16440,train,1783392100.9193451,3.291778564453125,3.291778564453125,,
16450,train,1783392103.29439,3.2138071060180664,3.2138071060180664,,
16460,train,1783392105.6271448,3.1290154457092285,3.1290154457092285,,
16470,train,1783392108.4468808,3.2547998428344727,3.2547998428344727,,
16480,train,1783392110.848668,3.1699066162109375,3.1699066162109375,,
16490,train,1783392113.2161207,3.286074638366699,3.286074638366699,,
16500,train,1783392115.61262,3.201180934906006,3.201180934906006,,
16510,train,1783392117.9694047,3.245469570159912,3.245469570159912,,
16520,train,1783392120.347448,3.2414536476135254,3.2414536476135254,,
16530,train,1783392122.6771193,3.11724853515625,3.11724853515625,,
16540,train,1783392124.9897683,3.2390453815460205,3.2390453815460205,,
16550,train,1783392127.3653073,3.2279481887817383,3.2279481887817383,,
16560,train,1783392129.6932545,3.3184375762939453,3.3184375762939453,,
16570,train,1783392132.470139,3.265589714050293,3.265589714050293,,
16580,train,1783392134.8359246,3.1189820766448975,3.1189820766448975,,
16590,train,1783392137.2260008,3.0937981605529785,3.0937981605529785,,
16600,train,1783392139.5995255,3.3235459327697754,3.3235459327697754,,
16610,train,1783392141.9513175,3.2402312755584717,3.2402312755584717,,
16620,train,1783392144.3479092,3.206810474395752,3.206810474395752,,
16630,train,1783392146.6871905,3.2489304542541504,3.2489304542541504,,
16640,train,1783392149.0883064,3.2301759719848633,3.2301759719848633,,
16650,train,1783392151.5014303,3.1148555278778076,3.1148555278778076,,
16660,train,1783392153.732381,3.2309622764587402,3.2309622764587402,,
16670,train,1783392156.6094034,3.1827197074890137,3.1827197074890137,,
16680,train,1783392158.956578,3.092864990234375,3.092864990234375,,
16690,train,1783392161.3468328,3.2165510654449463,3.2165510654449463,,
16700,train,1783392163.743276,3.2395191192626953,3.2395191192626953,,
16710,train,1783392166.0805967,3.2089807987213135,3.2089807987213135,,
16720,train,1783392168.4514053,3.236114978790283,3.236114978790283,,
16730,train,1783392170.807795,3.198371648788452,3.198371648788452,,
16740,train,1783392173.1742208,3.2206668853759766,3.2206668853759766,,
16750,train,1783392175.5675526,3.209852933883667,3.209852933883667,,
16760,train,1783392178.3422105,3.1596803665161133,3.1596803665161133,,
16770,train,1783392180.6793065,3.358818292617798,3.358818292617798,,
16780,train,1783392183.0283725,3.3131372928619385,3.3131372928619385,,
16790,train,1783392185.3839934,3.098278760910034,3.098278760910034,,
16800,train,1783392187.7649329,3.2068285942077637,3.2068285942077637,,
16810,train,1783392190.1221704,3.174344778060913,3.174344778060913,,
16820,train,1783392192.4620676,3.177039861679077,3.177039861679077,,
16830,train,1783392194.8176622,3.222376585006714,3.222376585006714,,
16840,train,1783392197.1735709,3.1943156719207764,3.1943156719207764,,
16850,train,1783392199.5962665,3.159423589706421,3.159423589706421,,
16860,train,1783392202.3903406,3.220896005630493,3.220896005630493,,
16870,train,1783392204.754478,3.2177579402923584,3.2177579402923584,,
16880,train,1783392207.0845869,3.31294846534729,3.31294846534729,,
16890,train,1783392209.4140377,3.1853678226470947,3.1853678226470947,,
16900,train,1783392211.803427,3.2180135250091553,3.2180135250091553,,
16910,train,1783392214.121271,3.188119888305664,3.188119888305664,,
16920,train,1783392216.4990604,3.1137630939483643,3.1137630939483643,,
16930,train,1783392218.8636978,3.212595224380493,3.212595224380493,,
16940,train,1783392221.2154562,3.15347957611084,3.15347957611084,,
16950,train,1783392223.585475,3.1821229457855225,3.1821229457855225,,
16960,train,1783392226.3569274,3.1206717491149902,3.1206717491149902,,
16970,train,1783392228.7022963,3.278324842453003,3.278324842453003,,
16980,train,1783392231.0565488,3.1593430042266846,3.1593430042266846,,
16990,train,1783392233.4205773,3.2852437496185303,3.2852437496185303,,
17000,train,1783392235.810141,3.2145447731018066,3.2145447731018066,,
17010,train,1783392238.1909842,3.22391414642334,3.22391414642334,,
17020,train,1783392240.53617,3.310206890106201,3.310206890106201,,
17030,train,1783392242.8914828,3.229854106903076,3.229854106903076,,
17040,train,1783392245.2354836,3.1799330711364746,3.1799330711364746,,
17050,train,1783392247.61716,3.1174988746643066,3.1174988746643066,,
17060,train,1783392250.439597,3.2586629390716553,3.2586629390716553,,
17070,train,1783392252.8082948,3.1947407722473145,3.1947407722473145,,
17080,train,1783392255.158647,3.2294373512268066,3.2294373512268066,,
17090,train,1783392257.5234091,3.3039660453796387,3.3039660453796387,,
17100,train,1783392259.9125462,3.233285427093506,3.233285427093506,,
17110,train,1783392262.2514157,3.1363072395324707,3.1363072395324707,,
17120,train,1783392264.6181142,3.1700639724731445,3.1700639724731445,,
17130,train,1783392266.9811563,3.227658748626709,3.227658748626709,,
17140,train,1783392269.3199375,3.2576565742492676,3.2576565742492676,,
17150,train,1783392271.5828385,3.1864781379699707,3.1864781379699707,,
17160,train,1783392274.5006535,3.2224175930023193,3.2224175930023193,,
17170,train,1783392276.833148,3.1122055053710938,3.1122055053710938,,
17180,train,1783392279.1681814,3.18998646736145,3.18998646736145,,
17190,train,1783392281.5555482,3.251966953277588,3.251966953277588,,
17200,train,1783392283.9588246,3.084102153778076,3.084102153778076,,
17210,train,1783392286.343193,3.0499863624572754,3.0499863624572754,,
17220,train,1783392288.7260058,3.2299206256866455,3.2299206256866455,,
17230,train,1783392291.0693688,3.192091464996338,3.192091464996338,,
17240,train,1783392293.3857787,3.2068605422973633,3.2068605422973633,,
17250,train,1783392296.2163956,3.178288459777832,3.178288459777832,,
17260,train,1783392298.5942154,3.2280797958374023,3.2280797958374023,,
17270,train,1783392300.963227,3.212963104248047,3.212963104248047,,
17280,train,1783392303.3184881,3.1621782779693604,3.1621782779693604,,
17290,train,1783392305.7049265,3.182741641998291,3.182741641998291,,
17300,train,1783392308.131245,3.2245655059814453,3.2245655059814453,,
17310,train,1783392310.448873,3.215942859649658,3.215942859649658,,
17320,train,1783392312.8172376,3.2183680534362793,3.2183680534362793,,
17330,train,1783392315.1317258,3.1810929775238037,3.1810929775238037,,
17340,train,1783392317.455486,3.260514259338379,3.260514259338379,,
17350,train,1783392320.3000371,3.248506784439087,3.248506784439087,,
17360,train,1783392322.676064,3.1566858291625977,3.1566858291625977,,
17370,train,1783392325.0263922,3.157447576522827,3.157447576522827,,
17380,train,1783392327.399032,3.107947587966919,3.107947587966919,,
17390,train,1783392329.7609105,3.16827392578125,3.16827392578125,,
17400,train,1783392332.1194723,3.2473015785217285,3.2473015785217285,,
17410,train,1783392334.479615,3.1118531227111816,3.1118531227111816,,
17420,train,1783392336.8211572,3.2417490482330322,3.2417490482330322,,
17430,train,1783392339.178046,3.2566967010498047,3.2566967010498047,,
17440,train,1783392341.4842184,3.233625650405884,3.233625650405884,,
17450,train,1783392344.2750652,3.199629306793213,3.199629306793213,,
17460,train,1783392346.5997238,3.119655132293701,3.119655132293701,,
17470,train,1783392348.9262404,3.1594293117523193,3.1594293117523193,,
17480,train,1783392351.2365544,3.179705858230591,3.179705858230591,,
17490,train,1783392353.658943,3.1865482330322266,3.1865482330322266,,
17500,train,1783392356.0628169,3.34592342376709,3.34592342376709,,
17510,train,1783392358.3456645,3.2279212474823,3.2279212474823,,
17520,train,1783392360.685054,3.25785756111145,3.25785756111145,,
17530,train,1783392363.052096,3.231229305267334,3.231229305267334,,
17540,train,1783392365.3724,3.128511905670166,3.128511905670166,,
17550,train,1783392368.2454596,3.1802866458892822,3.1802866458892822,,
17560,train,1783392370.5917313,3.178736448287964,3.178736448287964,,
17570,train,1783392372.923122,3.1790452003479004,3.1790452003479004,,
17580,train,1783392375.2704768,3.172152280807495,3.172152280807495,,
17590,train,1783392377.6269612,3.1362955570220947,3.1362955570220947,,
17600,train,1783392380.0321887,3.0993330478668213,3.0993330478668213,,
17610,train,1783392382.4056928,3.221580982208252,3.221580982208252,,
17620,train,1783392384.7388654,3.232487916946411,3.232487916946411,,
17630,train,1783392387.0619967,3.214047431945801,3.214047431945801,,
17640,train,1783392389.276766,3.191230058670044,3.191230058670044,,
17650,train,1783392392.2022595,3.258134126663208,3.258134126663208,,
17660,train,1783392394.533022,3.2830018997192383,3.2830018997192383,,
17670,train,1783392396.876989,3.2082879543304443,3.2082879543304443,,
17680,train,1783392399.2450323,3.1876871585845947,3.1876871585845947,,
17690,train,1783392401.6312463,3.151728630065918,3.151728630065918,,
17700,train,1783392404.0679178,3.2493505477905273,3.2493505477905273,,
17710,train,1783392406.418048,3.314018726348877,3.314018726348877,,
17720,train,1783392408.794518,3.212946653366089,3.212946653366089,,
17730,train,1783392411.118548,3.284158706665039,3.284158706665039,,
17740,train,1783392413.8979557,3.2925431728363037,3.2925431728363037,,
17750,train,1783392416.2634752,3.2762789726257324,3.2762789726257324,,
17760,train,1783392418.6219351,3.0830492973327637,3.0830492973327637,,
17770,train,1783392420.9420774,3.2479593753814697,3.2479593753814697,,
17780,train,1783392423.3009613,3.233790874481201,3.233790874481201,,
17790,train,1783392425.6814113,3.2573330402374268,3.2573330402374268,,
17800,train,1783392428.0996504,3.1809191703796387,3.1809191703796387,,
17810,train,1783392430.4425673,3.1864778995513916,3.1864778995513916,,
17820,train,1783392432.8385365,3.2471115589141846,3.2471115589141846,,
17830,train,1783392435.1490715,3.0870747566223145,3.0870747566223145,,
17840,train,1783392437.949392,3.1705994606018066,3.1705994606018066,,
17850,train,1783392440.3147821,3.219289541244507,3.219289541244507,,
17860,train,1783392442.7021024,3.1145946979522705,3.1145946979522705,,
17870,train,1783392445.082016,3.0982751846313477,3.0982751846313477,,
17880,train,1783392447.4483302,3.1827375888824463,3.1827375888824463,,
17890,train,1783392449.8377328,3.1186020374298096,3.1186020374298096,,
17900,train,1783392452.2648451,3.1921327114105225,3.1921327114105225,,
17910,train,1783392454.6460278,3.277811288833618,3.277811288833618,,
17920,train,1783392456.9851902,3.2004997730255127,3.2004997730255127,,
17930,train,1783392459.3532062,3.1345338821411133,3.1345338821411133,,
17940,train,1783392462.1994593,3.2096731662750244,3.2096731662750244,,
17950,train,1783392464.6316504,3.1924755573272705,3.1924755573272705,,
17960,train,1783392466.983046,3.2433788776397705,3.2433788776397705,,
17970,train,1783392469.3568914,3.2003207206726074,3.2003207206726074,,
17980,train,1783392471.7357066,3.129946231842041,3.129946231842041,,
17990,train,1783392474.0474298,3.235621929168701,3.235621929168701,,
18000,train,1783392476.4426143,3.1320340633392334,3.1320340633392334,,
18010,train,1783392478.9125972,3.229607105255127,3.229607105255127,,
18020,train,1783392481.2917705,3.2335965633392334,3.2335965633392334,,
18030,train,1783392483.6170287,3.2777371406555176,3.2777371406555176,,
18040,train,1783392486.4148986,3.2005820274353027,3.2005820274353027,,
18050,train,1783392488.81018,3.3031156063079834,3.3031156063079834,,
18060,train,1783392491.2243662,3.159681797027588,3.159681797027588,,
18070,train,1783392493.6047525,3.0792346000671387,3.0792346000671387,,
18080,train,1783392495.9493635,3.1608521938323975,3.1608521938323975,,
18090,train,1783392498.3098452,3.09389591217041,3.09389591217041,,
18100,train,1783392500.710354,3.2706894874572754,3.2706894874572754,,
18110,train,1783392503.057946,3.2113325595855713,3.2113325595855713,,
18120,train,1783392505.4276886,3.2247157096862793,3.2247157096862793,,
18130,train,1783392507.6617155,3.1737725734710693,3.1737725734710693,,
18140,train,1783392510.6077948,3.166205406188965,3.166205406188965,,
18150,train,1783392513.0850954,3.1455860137939453,3.1455860137939453,,
18160,train,1783392515.4950087,3.149036169052124,3.149036169052124,,
18170,train,1783392517.8852997,3.127190351486206,3.127190351486206,,
18180,train,1783392520.259993,3.223210334777832,3.223210334777832,,
18190,train,1783392522.5811343,3.210421323776245,3.210421323776245,,
18200,train,1783392524.9911141,3.182691812515259,3.182691812515259,,
18210,train,1783392527.3307881,3.2832019329071045,3.2832019329071045,,
18220,train,1783392529.649515,3.232649087905884,3.232649087905884,,
18230,train,1783392532.406821,3.184669017791748,3.184669017791748,,
18240,train,1783392534.7465465,3.1492526531219482,3.1492526531219482,,
18250,train,1783392537.1622517,3.145505666732788,3.145505666732788,,
18260,train,1783392539.5425792,3.244626760482788,3.244626760482788,,
18270,train,1783392541.9113016,3.2438061237335205,3.2438061237335205,,
18280,train,1783392544.2620242,3.1431424617767334,3.1431424617767334,,
18290,train,1783392546.6198306,3.120126247406006,3.120126247406006,,
18300,train,1783392549.0269291,3.1488687992095947,3.1488687992095947,,
18310,train,1783392551.3776743,3.2100632190704346,3.2100632190704346,,
18320,train,1783392553.7259712,3.0980875492095947,3.0980875492095947,,
18330,train,1783392556.503871,3.163795232772827,3.163795232772827,,
18340,train,1783392558.8423707,3.1732749938964844,3.1732749938964844,,
18350,train,1783392561.2684727,3.295948028564453,3.295948028564453,,
18360,train,1783392563.6208,3.220254421234131,3.220254421234131,,
18370,train,1783392566.0117452,3.0840983390808105,3.0840983390808105,,
18380,train,1783392568.3333223,3.28299617767334,3.28299617767334,,
18390,train,1783392570.6811442,3.2946343421936035,3.2946343421936035,,
18400,train,1783392573.053574,3.174050807952881,3.174050807952881,,
18410,train,1783392575.3890762,3.274993658065796,3.274993658065796,,
18420,train,1783392577.690556,3.2327733039855957,3.2327733039855957,,
18430,train,1783392580.4282558,3.176823854446411,3.176823854446411,,
18440,train,1783392582.8060756,3.154402256011963,3.154402256011963,,
18450,train,1783392585.2055893,3.1413025856018066,3.1413025856018066,,
18460,train,1783392587.5716324,3.230937957763672,3.230937957763672,,
18470,train,1783392589.944232,3.192988395690918,3.192988395690918,,
18480,train,1783392592.2802489,3.2560174465179443,3.2560174465179443,,
18490,train,1783392594.5945785,3.254800796508789,3.254800796508789,,
18500,train,1783392597.008637,3.200100898742676,3.200100898742676,,
18510,train,1783392599.3177667,3.2373225688934326,3.2373225688934326,,
18520,train,1783392601.6224916,3.2653448581695557,3.2653448581695557,,
18530,train,1783392604.4004824,3.2685563564300537,3.2685563564300537,,
18540,train,1783392606.7262797,3.225923538208008,3.225923538208008,,
18550,train,1783392609.1337242,3.1377055644989014,3.1377055644989014,,
18560,train,1783392611.5118384,3.1426279544830322,3.1426279544830322,,
18570,train,1783392613.8632073,3.2283782958984375,3.2283782958984375,,
18580,train,1783392616.209651,3.1319618225097656,3.1319618225097656,,
18590,train,1783392618.5682857,3.1454579830169678,3.1454579830169678,,
18600,train,1783392620.9284852,3.1472136974334717,3.1472136974334717,,
18610,train,1783392623.2599318,3.202575206756592,3.202575206756592,,
18620,train,1783392625.493039,3.177870273590088,3.177870273590088,,
18630,train,1783392628.3840418,3.1692256927490234,3.1692256927490234,,
18640,train,1783392630.7454422,3.1651663780212402,3.1651663780212402,,
18650,train,1783392633.1389904,3.2994656562805176,3.2994656562805176,,
18660,train,1783392635.4858491,3.296178102493286,3.296178102493286,,
18670,train,1783392637.8339093,3.20539927482605,3.20539927482605,,
18680,train,1783392640.179153,3.2283849716186523,3.2283849716186523,,
18690,train,1783392642.5064864,3.136411666870117,3.136411666870117,,
18700,train,1783392644.9083357,3.2226641178131104,3.2226641178131104,,
18710,train,1783392647.268529,3.1416993141174316,3.1416993141174316,,
18720,train,1783392649.9856124,3.194701910018921,3.194701910018921,,
18730,train,1783392652.3815885,3.1305248737335205,3.1305248737335205,,
18740,train,1783392654.7118218,3.133370876312256,3.133370876312256,,
18750,train,1783392657.093349,3.1995058059692383,3.1995058059692383,,
18760,train,1783392659.432895,3.177941083908081,3.177941083908081,,
18770,train,1783392661.812106,3.140742778778076,3.140742778778076,,
18780,train,1783392664.1217918,3.2918362617492676,3.2918362617492676,,
18790,train,1783392666.4667711,3.2605340480804443,3.2605340480804443,,
18800,train,1783392668.8316689,3.2400357723236084,3.2400357723236084,,
18810,train,1783392671.1657095,3.196727752685547,3.196727752685547,,
18820,train,1783392673.9558053,3.2539260387420654,3.2539260387420654,,
18830,train,1783392676.3247173,3.209322929382324,3.209322929382324,,
18840,train,1783392678.6376047,3.2157881259918213,3.2157881259918213,,
18850,train,1783392681.0383706,3.254784345626831,3.254784345626831,,
18860,train,1783392683.3761227,3.2695181369781494,3.2695181369781494,,
18870,train,1783392685.7342694,3.2415759563446045,3.2415759563446045,,
18880,train,1783392688.085988,3.2054245471954346,3.2054245471954346,,
18890,train,1783392690.4306808,3.256791353225708,3.256791353225708,,
18900,train,1783392692.8048677,3.1364684104919434,3.1364684104919434,,
18910,train,1783392695.102731,3.1104705333709717,3.1104705333709717,,
18920,train,1783392697.9111438,3.1875429153442383,3.1875429153442383,,
18930,train,1783392700.2526999,3.2517342567443848,3.2517342567443848,,
18940,train,1783392702.647714,3.1480448246002197,3.1480448246002197,,
18950,train,1783392705.0357802,3.189462900161743,3.189462900161743,,
18960,train,1783392707.3740373,3.225693464279175,3.225693464279175,,
18970,train,1783392709.7081583,3.2271111011505127,3.2271111011505127,,
18980,train,1783392712.062798,3.177772045135498,3.177772045135498,,
18990,train,1783392714.421435,3.170140266418457,3.170140266418457,,
19000,train,1783392716.7879534,3.1600029468536377,3.1600029468536377,,
19010,train,1783392719.1092854,3.180314779281616,3.180314779281616,,
19020,train,1783392721.95921,3.268131732940674,3.268131732940674,,
19030,train,1783392724.360917,3.183206081390381,3.183206081390381,,
19040,train,1783392726.683586,3.2608718872070312,3.2608718872070312,,
19050,train,1783392729.050155,3.2606866359710693,3.2606866359710693,,
19060,train,1783392731.3484514,3.2583842277526855,3.2583842277526855,,
19070,train,1783392733.724127,3.1172595024108887,3.1172595024108887,,
19080,train,1783392736.0525107,3.206996202468872,3.206996202468872,,
19090,train,1783392738.4490676,3.208960771560669,3.208960771560669,,
19100,train,1783392740.8351912,3.1228115558624268,3.1228115558624268,,
19110,train,1783392743.0650468,3.209880828857422,3.209880828857422,,
19120,train,1783392745.9701521,3.2239835262298584,3.2239835262298584,,
19130,train,1783392748.3188503,3.198943853378296,3.198943853378296,,
19140,train,1783392750.648491,3.1673619747161865,3.1673619747161865,,
19150,train,1783392753.015915,3.221932888031006,3.221932888031006,,
19160,train,1783392755.34846,3.292922019958496,3.292922019958496,,
19170,train,1783392757.7236202,3.2225019931793213,3.2225019931793213,,
19180,train,1783392760.0917466,3.1609408855438232,3.1609408855438232,,
19190,train,1783392762.4268935,3.252061128616333,3.252061128616333,,
19200,train,1783392764.8157566,3.1119883060455322,3.1119883060455322,,
19210,train,1783392767.5433085,3.2212746143341064,3.2212746143341064,,
19220,train,1783392769.876137,3.1071996688842773,3.1071996688842773,,
19230,train,1783392772.2020378,3.2572715282440186,3.2572715282440186,,
19240,train,1783392774.5804071,3.212123394012451,3.212123394012451,,
19250,train,1783392777.0019715,3.1956396102905273,3.1956396102905273,,
19260,train,1783392779.3246832,3.183748960494995,3.183748960494995,,
19270,train,1783392781.7041056,3.159895181655884,3.159895181655884,,
19280,train,1783392784.0647297,3.233612537384033,3.233612537384033,,
19290,train,1783392786.409704,3.248328685760498,3.248328685760498,,
19300,train,1783392788.7641964,3.1007163524627686,3.1007163524627686,,
19310,train,1783392791.5168462,3.2000277042388916,3.2000277042388916,,
19320,train,1783392793.8704908,3.3072116374969482,3.3072116374969482,,
19330,train,1783392796.205599,3.1734519004821777,3.1734519004821777,,
19340,train,1783392798.5350866,3.158769369125366,3.158769369125366,,
19350,train,1783392800.9274065,3.2511096000671387,3.2511096000671387,,
19360,train,1783392803.2862248,3.269970417022705,3.269970417022705,,
19370,train,1783392805.6411462,3.274691343307495,3.274691343307495,,
19380,train,1783392807.99331,3.2345309257507324,3.2345309257507324,,
19390,train,1783392810.331687,3.1414427757263184,3.1414427757263184,,
19400,train,1783392812.6837974,3.21545672416687,3.21545672416687,,
19410,train,1783392815.4533,3.1187174320220947,3.1187174320220947,,
19420,train,1783392817.8155358,3.2091875076293945,3.2091875076293945,,
19430,train,1783392820.1736865,3.153839111328125,3.153839111328125,,
19440,train,1783392822.5448122,3.117562770843506,3.117562770843506,,
19450,train,1783392824.9052653,3.214857339859009,3.214857339859009,,
19460,train,1783392827.2576072,3.1397242546081543,3.1397242546081543,,
19470,train,1783392829.6278622,3.211080312728882,3.211080312728882,,
19480,train,1783392831.9724016,3.2918810844421387,3.2918810844421387,,
19490,train,1783392834.2917778,3.1268396377563477,3.1268396377563477,,
19500,train,1783392836.6435769,3.1926934719085693,3.1926934719085693,,
19510,train,1783392839.4403806,3.1313717365264893,3.1313717365264893,,
19520,train,1783392841.7475674,3.2422454357147217,3.2422454357147217,,
19530,train,1783392844.09099,3.0657143592834473,3.0657143592834473,,
19540,train,1783392846.4499247,3.303433656692505,3.303433656692505,,
19550,train,1783392848.8576562,3.202209234237671,3.202209234237671,,
19560,train,1783392851.2469065,3.237062454223633,3.237062454223633,,
19570,train,1783392853.5696871,3.264389753341675,3.264389753341675,,
19580,train,1783392855.8907084,3.1974804401397705,3.1974804401397705,,
19590,train,1783392858.2103028,3.165471315383911,3.165471315383911,,
19600,train,1783392860.5193536,3.366731643676758,3.366731643676758,,
19610,train,1783392863.414946,3.1367387771606445,3.1367387771606445,,
19620,train,1783392865.774205,3.227299690246582,3.227299690246582,,
19630,train,1783392868.114813,3.2338221073150635,3.2338221073150635,,
19640,train,1783392870.503847,3.125703811645508,3.125703811645508,,
19650,train,1783392872.905682,3.1992897987365723,3.1992897987365723,,
19660,train,1783392875.2780216,3.1393072605133057,3.1393072605133057,,
19670,train,1783392877.6223094,3.2501115798950195,3.2501115798950195,,
19680,train,1783392879.9676933,3.240281581878662,3.240281581878662,,
19690,train,1783392882.2880049,3.2027621269226074,3.2027621269226074,,
19700,train,1783392885.096951,3.059304714202881,3.059304714202881,,
19710,train,1783392887.4622247,3.2481472492218018,3.2481472492218018,,
19720,train,1783392889.817748,3.243654727935791,3.243654727935791,,
19730,train,1783392892.2022445,3.2699167728424072,3.2699167728424072,,
19740,train,1783392894.5380673,3.1006696224212646,3.1006696224212646,,
19750,train,1783392896.945916,3.1962499618530273,3.1962499618530273,,
19760,train,1783392899.2771392,3.1804020404815674,3.1804020404815674,,
19770,train,1783392901.624928,3.111926794052124,3.111926794052124,,
19780,train,1783392904.0049188,3.16032338142395,3.16032338142395,,
19790,train,1783392906.3313348,3.338320016860962,3.338320016860962,,
19800,train,1783392909.1492105,3.333479404449463,3.333479404449463,,
19810,train,1783392911.5156906,3.192660093307495,3.192660093307495,,
19820,train,1783392913.8779259,3.1656224727630615,3.1656224727630615,,
19830,train,1783392916.1980002,3.246732711791992,3.246732711791992,,
19840,train,1783392918.5378273,3.1814377307891846,3.1814377307891846,,
19850,train,1783392920.9108531,3.235419511795044,3.235419511795044,,
19860,train,1783392923.3082988,3.1038615703582764,3.1038615703582764,,
19870,train,1783392925.6730027,3.1239538192749023,3.1239538192749023,,
19880,train,1783392927.9949512,3.182302713394165,3.182302713394165,,
19890,train,1783392930.3576698,3.1210381984710693,3.1210381984710693,,
19900,train,1783392933.1307456,3.2869222164154053,3.2869222164154053,,
19910,train,1783392935.4508195,3.089399576187134,3.089399576187134,,
19920,train,1783392937.7929654,3.2406246662139893,3.2406246662139893,,
19930,train,1783392940.1462746,3.197288990020752,3.197288990020752,,
19940,train,1783392942.488152,3.28633975982666,3.28633975982666,,
19950,train,1783392944.895594,3.3422322273254395,3.3422322273254395,,
19960,train,1783392947.2773986,3.2703678607940674,3.2703678607940674,,
19970,train,1783392949.6283703,3.2448787689208984,3.2448787689208984,,
19980,train,1783392951.9741125,3.2247447967529297,3.2247447967529297,,
19990,train,1783392954.3354092,3.185469150543213,3.185469150543213,,
20000,train,1783392957.1699464,3.116521120071411,3.116521120071411,,
20000,validation,1783393066.6531713,,,3.2170782709121704,3.2170782709121704
20010,train,1783393069.125146,3.2077252864837646,3.2077252864837646,,
20020,train,1783393071.4583237,3.109208106994629,3.109208106994629,,
20030,train,1783393073.8077483,3.133427381515503,3.133427381515503,,
20040,train,1783393076.1782086,3.2058072090148926,3.2058072090148926,,
20050,train,1783393078.564346,3.255110263824463,3.255110263824463,,
20060,train,1783393080.9049978,3.1780145168304443,3.1780145168304443,,
20070,train,1783393083.2642071,3.319880723953247,3.319880723953247,,
20080,train,1783393085.6300328,3.108309030532837,3.108309030532837,,
20090,train,1783393087.8873556,3.090634822845459,3.090634822845459,,
20100,train,1783393090.8046942,3.1463019847869873,3.1463019847869873,,
20110,train,1783393093.1221886,3.2755980491638184,3.2755980491638184,,
20120,train,1783393095.461684,3.187060594558716,3.187060594558716,,
20130,train,1783393097.786992,3.275644302368164,3.275644302368164,,
20140,train,1783393100.1154516,3.2754015922546387,3.2754015922546387,,
20150,train,1783393102.4910262,3.21243953704834,3.21243953704834,,
20160,train,1783393104.8527844,3.15773868560791,3.15773868560791,,
20170,train,1783393107.1943192,3.1863927841186523,3.1863927841186523,,
20180,train,1783393109.4839995,3.243698835372925,3.243698835372925,,
20190,train,1783393112.2497375,3.1435422897338867,3.1435422897338867,,
20200,train,1783393114.646128,3.1892948150634766,3.1892948150634766,,
20210,train,1783393116.998393,3.183213472366333,3.183213472366333,,
20220,train,1783393119.3200288,3.2161593437194824,3.2161593437194824,,
20230,train,1783393121.6753106,3.2458183765411377,3.2458183765411377,,
20240,train,1783393123.9940236,3.3008692264556885,3.3008692264556885,,
20250,train,1783393126.3748634,3.223207473754883,3.223207473754883,,
20260,train,1783393128.7386153,3.148496150970459,3.148496150970459,,
20270,train,1783393131.0908275,3.187415838241577,3.187415838241577,,
20280,train,1783393133.419051,3.1654207706451416,3.1654207706451416,,
20290,train,1783393136.1145396,3.2631282806396484,3.2631282806396484,,
20300,train,1783393138.549694,3.1216859817504883,3.1216859817504883,,
20310,train,1783393140.9240074,3.2518296241760254,3.2518296241760254,,
20320,train,1783393143.258389,3.259188413619995,3.259188413619995,,
20330,train,1783393145.6125963,3.278287887573242,3.278287887573242,,
20340,train,1783393147.9531515,3.1328165531158447,3.1328165531158447,,
20350,train,1783393150.3411417,3.188835620880127,3.188835620880127,,
20360,train,1783393152.6979065,3.231369733810425,3.231369733810425,,
20370,train,1783393155.0331912,3.200369119644165,3.200369119644165,,
20380,train,1783393157.4000897,3.211613416671753,3.211613416671753,,
20390,train,1783393160.1454191,3.245605230331421,3.245605230331421,,
20400,train,1783393162.5914867,3.1438519954681396,3.1438519954681396,,
20410,train,1783393164.9439352,3.28885555267334,3.28885555267334,,
20420,train,1783393167.283279,3.1416168212890625,3.1416168212890625,,
20430,train,1783393169.5980093,3.2024331092834473,3.2024331092834473,,
20440,train,1783393171.9271998,3.2277326583862305,3.2277326583862305,,
20450,train,1783393174.3119695,3.110900402069092,3.110900402069092,,
20460,train,1783393176.6807444,3.2383432388305664,3.2383432388305664,,
20470,train,1783393179.014793,3.1644914150238037,3.1644914150238037,,
20480,train,1783393181.334773,3.129580497741699,3.129580497741699,,
20490,train,1783393184.0873613,3.1199727058410645,3.1199727058410645,,
20500,train,1783393186.4618425,3.2695605754852295,3.2695605754852295,,
20510,train,1783393188.7978785,3.2440481185913086,3.2440481185913086,,
20520,train,1783393191.1950066,3.2419674396514893,3.2419674396514893,,
20530,train,1783393193.5516145,3.263977527618408,3.263977527618408,,
20540,train,1783393195.8970852,3.2251977920532227,3.2251977920532227,,
20550,train,1783393198.257081,3.1864914894104004,3.1864914894104004,,
20560,train,1783393200.5820305,3.1416518688201904,3.1416518688201904,,
20570,train,1783393202.939239,3.1415984630584717,3.1415984630584717,,
20580,train,1783393205.173103,2.9975063800811768,2.9975063800811768,,
20590,train,1783393208.0164332,3.2026004791259766,3.2026004791259766,,
20600,train,1783393210.386728,3.283242702484131,3.283242702484131,,
20610,train,1783393212.7033153,3.1666500568389893,3.1666500568389893,,
20620,train,1783393215.0641298,3.174874782562256,3.174874782562256,,
20630,train,1783393217.3969505,3.2754595279693604,3.2754595279693604,,
20640,train,1783393219.760187,3.196803092956543,3.196803092956543,,
20650,train,1783393222.142132,3.1647043228149414,3.1647043228149414,,
20660,train,1783393224.4871972,3.2107653617858887,3.2107653617858887,,
20670,train,1783393226.8246799,3.217529773712158,3.217529773712158,,
20680,train,1783393229.592669,3.1616151332855225,3.1616151332855225,,
20690,train,1783393231.9521036,3.2847137451171875,3.2847137451171875,,
20700,train,1783393234.3827074,3.104055643081665,3.104055643081665,,
20710,train,1783393236.7857895,3.18558406829834,3.18558406829834,,
20720,train,1783393239.1348598,3.181140184402466,3.181140184402466,,
20730,train,1783393241.4669929,3.179967164993286,3.179967164993286,,
20740,train,1783393243.8067746,3.180697202682495,3.180697202682495,,
20750,train,1783393246.2203488,3.087656259536743,3.087656259536743,,
20760,train,1783393248.5882137,3.2622225284576416,3.2622225284576416,,
20770,train,1783393250.9148211,3.2120954990386963,3.2120954990386963,,
20780,train,1783393253.6577182,3.2745280265808105,3.2745280265808105,,
20790,train,1783393256.0319176,3.2278833389282227,3.2278833389282227,,
20800,train,1783393258.422302,3.3506970405578613,3.3506970405578613,,
20810,train,1783393260.762976,3.310746669769287,3.310746669769287,,
20820,train,1783393263.1610448,3.1561203002929688,3.1561203002929688,,
20830,train,1783393265.513252,3.208589792251587,3.208589792251587,,
20840,train,1783393267.8720775,3.251549243927002,3.251549243927002,,
20850,train,1783393270.2547693,3.168649673461914,3.168649673461914,,
20860,train,1783393272.6557128,3.166231393814087,3.166231393814087,,
20870,train,1783393274.987708,3.1128153800964355,3.1128153800964355,,
20880,train,1783393277.7119374,3.194890022277832,3.194890022277832,,
20890,train,1783393280.0572264,3.1917214393615723,3.1917214393615723,,
20900,train,1783393282.4520154,3.224367618560791,3.224367618560791,,
20910,train,1783393284.8205323,3.1791880130767822,3.1791880130767822,,
20920,train,1783393287.176146,3.177544116973877,3.177544116973877,,
20930,train,1783393289.5061333,3.1863512992858887,3.1863512992858887,,
20940,train,1783393291.8725169,3.1574513912200928,3.1574513912200928,,
20950,train,1783393294.2769446,3.156580924987793,3.156580924987793,,
20960,train,1783393296.6352057,3.1803386211395264,3.1803386211395264,,
20970,train,1783393298.9554567,3.2539637088775635,3.2539637088775635,,
20980,train,1783393301.7196834,3.1817591190338135,3.1817591190338135,,
20990,train,1783393304.0910254,3.1071484088897705,3.1071484088897705,,
21000,train,1783393306.4718444,3.154135227203369,3.154135227203369,,
21010,train,1783393308.7883902,3.2440834045410156,3.2440834045410156,,
21020,train,1783393311.1645615,3.1161389350891113,3.1161389350891113,,
21030,train,1783393313.4966164,3.1402337551116943,3.1402337551116943,,
21040,train,1783393315.8185706,3.1952202320098877,3.1952202320098877,,
21050,train,1783393318.2064378,3.1356518268585205,3.1356518268585205,,
21060,train,1783393320.572664,3.160534381866455,3.160534381866455,,
21070,train,1783393322.8150828,3.170320749282837,3.170320749282837,,
21080,train,1783393325.6664503,3.171625852584839,3.171625852584839,,
21090,train,1783393328.0180368,3.1736652851104736,3.1736652851104736,,
21100,train,1783393330.4248736,3.1698758602142334,3.1698758602142334,,
21110,train,1783393332.7601383,3.219191074371338,3.219191074371338,,
21120,train,1783393335.0939193,3.1848344802856445,3.1848344802856445,,
21130,train,1783393337.405321,3.1938304901123047,3.1938304901123047,,
21140,train,1783393339.7330484,3.150200605392456,3.150200605392456,,
21150,train,1783393342.124392,3.2161145210266113,3.2161145210266113,,
21160,train,1783393344.45172,3.200587272644043,3.200587272644043,,
21170,train,1783393347.2109737,3.251328945159912,3.251328945159912,,
21180,train,1783393349.583381,3.1507325172424316,3.1507325172424316,,
21190,train,1783393351.9286811,3.2667667865753174,3.2667667865753174,,
21200,train,1783393354.3124597,3.267958402633667,3.267958402633667,,
21210,train,1783393356.6576784,3.1683521270751953,3.1683521270751953,,
21220,train,1783393359.0077903,3.102799415588379,3.102799415588379,,
21230,train,1783393361.3762648,3.218230962753296,3.218230962753296,,
21240,train,1783393363.7082148,3.0865864753723145,3.0865864753723145,,
21250,train,1783393366.1136136,3.167158842086792,3.167158842086792,,
21260,train,1783393368.4386299,3.211456060409546,3.211456060409546,,
21270,train,1783393371.1712143,3.1615655422210693,3.1615655422210693,,
21280,train,1783393373.5191064,3.2732715606689453,3.2732715606689453,,
21290,train,1783393375.8467233,3.185664415359497,3.185664415359497,,
21300,train,1783393378.2323613,3.2537875175476074,3.2537875175476074,,
21310,train,1783393380.5810347,3.2387843132019043,3.2387843132019043,,
21320,train,1783393382.9205592,3.1995527744293213,3.1995527744293213,,
21330,train,1783393385.243709,3.127389430999756,3.127389430999756,,
21340,train,1783393387.6290183,3.1612420082092285,3.1612420082092285,,
21350,train,1783393390.0210736,3.196349620819092,3.196349620819092,,
21360,train,1783393392.3673098,3.1089799404144287,3.1089799404144287,,
21370,train,1783393395.113549,3.1687676906585693,3.1687676906585693,,
21380,train,1783393397.4441247,3.230396032333374,3.230396032333374,,
21390,train,1783393399.8398256,3.131380319595337,3.131380319595337,,
21400,train,1783393402.2062268,3.235474109649658,3.235474109649658,,
21410,train,1783393404.5557878,3.2010271549224854,3.2010271549224854,,
21420,train,1783393406.9030266,3.133974313735962,3.133974313735962,,
21430,train,1783393409.282074,3.228569507598877,3.228569507598877,,
21440,train,1783393411.60454,3.2092912197113037,3.2092912197113037,,
21450,train,1783393413.9583788,3.209782361984253,3.209782361984253,,
21460,train,1783393416.26227,3.2185490131378174,3.2185490131378174,,
21470,train,1783393419.1046028,3.184551477432251,3.184551477432251,,
21480,train,1783393421.4433231,3.232351303100586,3.232351303100586,,
21490,train,1783393423.79092,3.091921806335449,3.091921806335449,,
21500,train,1783393426.2245955,3.193302631378174,3.193302631378174,,
21510,train,1783393428.5844216,3.2597246170043945,3.2597246170043945,,
21520,train,1783393430.9605567,3.2089157104492188,3.2089157104492188,,
21530,train,1783393433.3201032,3.3049886226654053,3.3049886226654053,,
21540,train,1783393435.682302,3.233417272567749,3.233417272567749,,
21550,train,1783393438.0574245,3.167541265487671,3.167541265487671,,
21560,train,1783393440.3389342,3.0530927181243896,3.0530927181243896,,
21570,train,1783393443.307015,3.166517734527588,3.166517734527588,,
21580,train,1783393445.7108862,3.2675530910491943,3.2675530910491943,,
21590,train,1783393448.1227276,3.020521402359009,3.020521402359009,,
21600,train,1783393450.568437,3.146545648574829,3.146545648574829,,
21610,train,1783393452.9245293,3.187849998474121,3.187849998474121,,
21620,train,1783393455.2994606,3.3760831356048584,3.3760831356048584,,
21630,train,1783393457.6816156,3.220587730407715,3.220587730407715,,
21640,train,1783393460.0111573,3.3041157722473145,3.3041157722473145,,
21650,train,1783393462.3596158,3.1439478397369385,3.1439478397369385,,
21660,train,1783393465.1465926,3.14697527885437,3.14697527885437,,
21670,train,1783393467.5213943,3.188103437423706,3.188103437423706,,
21680,train,1783393469.8864574,3.1481542587280273,3.1481542587280273,,
21690,train,1783393472.230856,3.2236902713775635,3.2236902713775635,,
21700,train,1783393474.6287258,3.2338829040527344,3.2338829040527344,,
21710,train,1783393476.992457,3.1323304176330566,3.1323304176330566,,
21720,train,1783393479.3376908,3.147498846054077,3.147498846054077,,
21730,train,1783393481.6940706,3.1512703895568848,3.1512703895568848,,
21740,train,1783393484.0513687,3.2471883296966553,3.2471883296966553,,
21750,train,1783393486.4221048,3.190805435180664,3.190805435180664,,
21760,train,1783393489.183182,3.1300010681152344,3.1300010681152344,,
21770,train,1783393491.537763,3.1816580295562744,3.1816580295562744,,
21780,train,1783393493.8698509,3.2269492149353027,3.2269492149353027,,
21790,train,1783393496.2697403,3.1245150566101074,3.1245150566101074,,
21800,train,1783393498.6374521,3.1938774585723877,3.1938774585723877,,
21810,train,1783393501.0119812,3.125762701034546,3.125762701034546,,
21820,train,1783393503.3730829,3.259711980819702,3.259711980819702,,
21830,train,1783393505.777281,3.2228667736053467,3.2228667736053467,,
21840,train,1783393508.154397,3.2026829719543457,3.2026829719543457,,
21850,train,1783393510.5674112,3.270209550857544,3.270209550857544,,
21860,train,1783393513.5262387,3.213002920150757,3.213002920150757,,
21870,train,1783393515.9052718,3.168555974960327,3.168555974960327,,
21880,train,1783393518.33397,3.1826412677764893,3.1826412677764893,,
21890,train,1783393520.7565556,3.152409315109253,3.152409315109253,,
21900,train,1783393523.1822317,3.226304292678833,3.226304292678833,,
21910,train,1783393525.5759685,3.1421501636505127,3.1421501636505127,,
21920,train,1783393527.9634922,3.194446086883545,3.194446086883545,,
21930,train,1783393530.3678782,3.1802754402160645,3.1802754402160645,,
21940,train,1783393532.7451444,3.228506088256836,3.228506088256836,,
21950,train,1783393535.1682255,3.152437925338745,3.152437925338745,,
21960,train,1783393538.145711,3.1775264739990234,3.1775264739990234,,
21970,train,1783393540.5614865,3.083228349685669,3.083228349685669,,
21980,train,1783393542.9716208,3.297584056854248,3.297584056854248,,
21990,train,1783393545.389842,3.199002265930176,3.199002265930176,,
22000,train,1783393547.8155308,3.2827775478363037,3.2827775478363037,,
22010,train,1783393550.2212029,3.2040979862213135,3.2040979862213135,,
22020,train,1783393552.6354387,3.128833532333374,3.128833532333374,,
22030,train,1783393555.0344489,3.1404693126678467,3.1404693126678467,,
22040,train,1783393557.7723336,3.152970552444458,3.152970552444458,,
22050,train,1783393560.3049867,3.0788230895996094,3.0788230895996094,,
22060,train,1783393563.6094909,3.1872241497039795,3.1872241497039795,,
22070,train,1783393566.003916,3.145094156265259,3.145094156265259,,
22080,train,1783393568.3566508,3.202578544616699,3.202578544616699,,
22090,train,1783393570.7641833,3.0989878177642822,3.0989878177642822,,
22100,train,1783393573.2217228,3.2148184776306152,3.2148184776306152,,
22110,train,1783393575.625427,3.2556276321411133,3.2556276321411133,,
22120,train,1783393578.0335238,3.145423173904419,3.145423173904419,,
22130,train,1783393580.4434688,3.2099626064300537,3.2099626064300537,,
22140,train,1783393582.8599324,3.1906678676605225,3.1906678676605225,,
22150,train,1783393585.9206195,3.089672565460205,3.089672565460205,,
22160,train,1783393588.3586562,3.142568349838257,3.142568349838257,,
22170,train,1783393590.8023763,3.141683340072632,3.141683340072632,,
22180,train,1783393593.2247567,3.186275005340576,3.186275005340576,,
22190,train,1783393595.584968,3.183889150619507,3.183889150619507,,
22200,train,1783393598.0320191,3.1386964321136475,3.1386964321136475,,
22210,train,1783393600.4221396,3.2249059677124023,3.2249059677124023,,
22220,train,1783393602.832073,3.0792081356048584,3.0792081356048584,,
22230,train,1783393605.222934,3.2288289070129395,3.2288289070129395,,
22240,train,1783393607.6482253,3.1498372554779053,3.1498372554779053,,
22250,train,1783393610.665339,3.1086978912353516,3.1086978912353516,,
22260,train,1783393613.0636706,3.0821540355682373,3.0821540355682373,,
22270,train,1783393615.4709625,3.1866655349731445,3.1866655349731445,,
22280,train,1783393617.9247394,3.201040267944336,3.201040267944336,,
22290,train,1783393620.3076086,3.2131247520446777,3.2131247520446777,,
22300,train,1783393622.7762933,3.2617101669311523,3.2617101669311523,,
22310,train,1783393625.158898,3.3586978912353516,3.3586978912353516,,
22320,train,1783393627.570038,3.2146053314208984,3.2146053314208984,,
22330,train,1783393629.9769046,3.132028818130493,3.132028818130493,,
22340,train,1783393632.3890738,3.192664861679077,3.192664861679077,,
22350,train,1783393635.4251745,3.237060070037842,3.237060070037842,,
22360,train,1783393637.86421,3.171095371246338,3.171095371246338,,
22370,train,1783393640.291878,3.1322033405303955,3.1322033405303955,,
22380,train,1783393642.6823075,3.2274694442749023,3.2274694442749023,,
22390,train,1783393645.0872476,3.1869006156921387,3.1869006156921387,,
22400,train,1783393647.5439835,3.2037196159362793,3.2037196159362793,,
22410,train,1783393649.972768,3.185757875442505,3.185757875442505,,
22420,train,1783393652.367807,3.172407388687134,3.172407388687134,,
22430,train,1783393654.7486873,3.129150390625,3.129150390625,,
22440,train,1783393657.1258159,3.2650394439697266,3.2650394439697266,,
22450,train,1783393660.1921742,3.2975730895996094,3.2975730895996094,,
22460,train,1783393662.5859358,3.0912814140319824,3.0912814140319824,,
22470,train,1783393664.9578552,3.184027671813965,3.184027671813965,,
22480,train,1783393667.4021087,3.236658811569214,3.236658811569214,,
22490,train,1783393669.8258526,3.205354928970337,3.205354928970337,,
22500,train,1783393672.3034227,3.1228187084198,3.1228187084198,,
22510,train,1783393674.6836536,3.2337229251861572,3.2337229251861572,,
22520,train,1783393677.0829327,3.233004570007324,3.233004570007324,,
22530,train,1783393679.4664044,3.355936288833618,3.355936288833618,,
22540,train,1783393681.7776992,3.033482551574707,3.033482551574707,,
22550,train,1783393684.9637818,3.1746439933776855,3.1746439933776855,,
22560,train,1783393687.3973203,3.171774387359619,3.171774387359619,,
22570,train,1783393689.7981155,3.2084710597991943,3.2084710597991943,,
22580,train,1783393692.1884444,3.255065679550171,3.255065679550171,,
22590,train,1783393694.5763175,3.1776063442230225,3.1776063442230225,,
22600,train,1783393697.0457127,3.2028231620788574,3.2028231620788574,,
22610,train,1783393699.46844,3.103407382965088,3.103407382965088,,
22620,train,1783393701.8568358,3.2609641551971436,3.2609641551971436,,
22630,train,1783393704.2768826,3.169830799102783,3.169830799102783,,
22640,train,1783393707.3166466,3.1342716217041016,3.1342716217041016,,
22650,train,1783393709.8150194,3.259608268737793,3.259608268737793,,
22660,train,1783393712.2543068,3.1859805583953857,3.1859805583953857,,
22670,train,1783393714.6586185,3.2268226146698,3.2268226146698,,
22680,train,1783393717.0999362,3.222694158554077,3.222694158554077,,
22690,train,1783393719.5606942,3.154798746109009,3.154798746109009,,
22700,train,1783393722.052938,3.2639987468719482,3.2639987468719482,,
22710,train,1783393724.452832,3.2597784996032715,3.2597784996032715,,
22720,train,1783393726.8998673,3.057378053665161,3.057378053665161,,
22730,train,1783393729.3287644,3.1397600173950195,3.1397600173950195,,
22740,train,1783393732.2799554,3.164363384246826,3.164363384246826,,
22750,train,1783393734.7689736,3.223900318145752,3.223900318145752,,
22760,train,1783393737.1728249,3.193067789077759,3.193067789077759,,
22770,train,1783393739.5615482,3.128112316131592,3.128112316131592,,
22780,train,1783393741.9369884,3.277829170227051,3.277829170227051,,
22790,train,1783393744.3256779,3.100177526473999,3.100177526473999,,
22800,train,1783393746.8059351,3.1876094341278076,3.1876094341278076,,
22810,train,1783393749.2161794,3.0737593173980713,3.0737593173980713,,
22820,train,1783393751.599289,3.1889798641204834,3.1889798641204834,,
22830,train,1783393753.993016,3.22233247756958,3.22233247756958,,
22840,train,1783393756.940934,3.2001473903656006,3.2001473903656006,,
22850,train,1783393759.4198804,3.206603527069092,3.206603527069092,,
22860,train,1783393761.8485217,3.256516218185425,3.256516218185425,,
22870,train,1783393764.2712715,3.1595661640167236,3.1595661640167236,,
22880,train,1783393766.6932452,3.0847535133361816,3.0847535133361816,,
22890,train,1783393769.091412,3.195387363433838,3.195387363433838,,
22900,train,1783393771.574206,3.148019313812256,3.148019313812256,,
22910,train,1783393773.966268,3.179394245147705,3.179394245147705,,
22920,train,1783393776.367357,3.1148412227630615,3.1148412227630615,,
22930,train,1783393778.6932204,3.182530641555786,3.182530641555786,,
22940,train,1783393781.6786916,3.2687957286834717,3.2687957286834717,,
22950,train,1783393784.1279688,3.328192710876465,3.328192710876465,,
22960,train,1783393786.5327952,3.2733349800109863,3.2733349800109863,,
22970,train,1783393788.9667456,3.1256299018859863,3.1256299018859863,,
22980,train,1783393791.3783188,3.2054953575134277,3.2054953575134277,,
22990,train,1783393793.8036563,3.2573840618133545,3.2573840618133545,,
23000,train,1783393796.2601976,3.067525625228882,3.067525625228882,,
23010,train,1783393798.7137864,3.190523624420166,3.190523624420166,,
23020,train,1783393801.093818,3.18015193939209,3.18015193939209,,
23030,train,1783393803.3701613,3.35324764251709,3.35324764251709,,
23040,train,1783393806.4296246,3.2462568283081055,3.2462568283081055,,
23050,train,1783393808.9608576,3.2100818157196045,3.2100818157196045,,
23060,train,1783393811.3986573,3.144859552383423,3.144859552383423,,
23070,train,1783393813.7980888,3.110142469406128,3.110142469406128,,
23080,train,1783393816.2224498,3.142717123031616,3.142717123031616,,
23090,train,1783393818.6074526,3.130283832550049,3.130283832550049,,
23100,train,1783393821.0910044,3.121919631958008,3.121919631958008,,
23110,train,1783393823.4694133,3.1974706649780273,3.1974706649780273,,
23120,train,1783393825.852573,3.144446611404419,3.144446611404419,,
23130,train,1783393828.8230112,3.161614179611206,3.161614179611206,,
23140,train,1783393831.2339885,3.1829617023468018,3.1829617023468018,,
23150,train,1783393833.7083313,3.1859889030456543,3.1859889030456543,,
23160,train,1783393836.093941,3.2772107124328613,3.2772107124328613,,
23170,train,1783393838.504107,3.1904780864715576,3.1904780864715576,,
23180,train,1783393840.9150922,3.07199764251709,3.07199764251709,,
23190,train,1783393843.301458,3.1601510047912598,3.1601510047912598,,
23200,train,1783393845.7895596,3.1734778881073,3.1734778881073,,
23210,train,1783393848.1876094,3.141723394393921,3.141723394393921,,
23220,train,1783393850.5121186,3.1128106117248535,3.1128106117248535,,
23230,train,1783393853.3072054,3.1121058464050293,3.1121058464050293,,
23240,train,1783393855.6829236,3.1897242069244385,3.1897242069244385,,
23250,train,1783393858.0887947,3.1876468658447266,3.1876468658447266,,
23260,train,1783393860.4455543,3.194003105163574,3.194003105163574,,
23270,train,1783393862.8054914,3.2015674114227295,3.2015674114227295,,
23280,train,1783393865.1730664,3.2513906955718994,3.2513906955718994,,
23290,train,1783393867.584387,3.1203672885894775,3.1203672885894775,,
23300,train,1783393870.0520084,3.233273983001709,3.233273983001709,,
23310,train,1783393872.415711,3.242105484008789,3.242105484008789,,
23320,train,1783393874.76271,3.1689677238464355,3.1689677238464355,,
23330,train,1783393877.6878886,3.04282283782959,3.04282283782959,,
23340,train,1783393880.0363455,3.1373157501220703,3.1373157501220703,,
23350,train,1783393882.4689577,3.0623974800109863,3.0623974800109863,,
23360,train,1783393884.8707159,3.266231060028076,3.266231060028076,,
23370,train,1783393887.257136,3.2852747440338135,3.2852747440338135,,
23380,train,1783393889.6344872,3.226349353790283,3.226349353790283,,
23390,train,1783393891.9905474,3.140005350112915,3.140005350112915,,
23400,train,1783393894.3940384,3.2196574211120605,3.2196574211120605,,
23410,train,1783393896.7626407,3.185399055480957,3.185399055480957,,
23420,train,1783393899.0964105,3.136962890625,3.136962890625,,
23430,train,1783393901.8629444,3.251750946044922,3.251750946044922,,
23440,train,1783393904.231686,3.23138689994812,3.23138689994812,,
23450,train,1783393906.6640046,3.2094335556030273,3.2094335556030273,,
23460,train,1783393908.992849,3.2045040130615234,3.2045040130615234,,
23470,train,1783393911.323883,3.298769950866699,3.298769950866699,,
23480,train,1783393913.6747074,3.1807289123535156,3.1807289123535156,,
23490,train,1783393916.0269594,3.113109588623047,3.113109588623047,,
23500,train,1783393918.453849,3.1146187782287598,3.1146187782287598,,
23510,train,1783393920.8134367,3.193974018096924,3.193974018096924,,
23520,train,1783393923.0571818,3.048025131225586,3.048025131225586,,
23530,train,1783393925.9277914,3.0743296146392822,3.0743296146392822,,
23540,train,1783393928.3016086,3.1496758460998535,3.1496758460998535,,
23550,train,1783393930.7328737,3.166184902191162,3.166184902191162,,
23560,train,1783393933.078336,3.228905439376831,3.228905439376831,,
23570,train,1783393935.4632306,3.206246852874756,3.206246852874756,,
23580,train,1783393937.816686,3.1827640533447266,3.1827640533447266,,
23590,train,1783393940.1942146,3.2314159870147705,3.2314159870147705,,
23600,train,1783393942.6184802,3.1214544773101807,3.1214544773101807,,
23610,train,1783393944.952329,3.202610969543457,3.202610969543457,,
23620,train,1783393947.7412834,3.1495277881622314,3.1495277881622314,,
23630,train,1783393950.1519437,3.1372203826904297,3.1372203826904297,,
23640,train,1783393952.498799,3.199215888977051,3.199215888977051,,
23650,train,1783393954.955043,3.1702425479888916,3.1702425479888916,,
23660,train,1783393957.325346,3.2154648303985596,3.2154648303985596,,
23670,train,1783393959.7451081,3.068840265274048,3.068840265274048,,
23680,train,1783393962.0809236,3.2810819149017334,3.2810819149017334,,
23690,train,1783393964.4185522,3.2402238845825195,3.2402238845825195,,
23700,train,1783393966.8101375,3.2547805309295654,3.2547805309295654,,
23710,train,1783393969.1452708,3.042475700378418,3.042475700378418,,
23720,train,1783393971.9554014,3.1762819290161133,3.1762819290161133,,
23730,train,1783393974.322997,3.056135892868042,3.056135892868042,,
23740,train,1783393976.6734676,3.174602508544922,3.174602508544922,,
23750,train,1783393979.063643,3.211496353149414,3.211496353149414,,
23760,train,1783393981.4294474,3.1660263538360596,3.1660263538360596,,
23770,train,1783393983.7777607,3.1433186531066895,3.1433186531066895,,
23780,train,1783393986.1209319,3.139528274536133,3.139528274536133,,
23790,train,1783393988.4853823,3.169799566268921,3.169799566268921,,
23800,train,1783393990.9041603,3.1310784816741943,3.1310784816741943,,
23810,train,1783393993.196049,3.150313138961792,3.150313138961792,,
23820,train,1783393995.9637954,3.195746660232544,3.195746660232544,,
23830,train,1783393998.3197408,3.2138333320617676,3.2138333320617676,,
23840,train,1783394000.728923,3.166093111038208,3.166093111038208,,
23850,train,1783394003.1147766,3.2490108013153076,3.2490108013153076,,
23860,train,1783394005.5107014,3.2378506660461426,3.2378506660461426,,
23870,train,1783394007.8554757,3.2345051765441895,3.2345051765441895,,
23880,train,1783394010.2382472,3.1882121562957764,3.1882121562957764,,
23890,train,1783394012.6203115,3.1949007511138916,3.1949007511138916,,
23900,train,1783394014.9913585,3.1874845027923584,3.1874845027923584,,
23910,train,1783394017.3141398,3.1367459297180176,3.1367459297180176,,
23920,train,1783394020.082927,3.1150288581848145,3.1150288581848145,,
23930,train,1783394022.408749,3.3490750789642334,3.3490750789642334,,
23940,train,1783394024.740799,3.198700428009033,3.198700428009033,,
23950,train,1783394027.1682208,3.212341070175171,3.212341070175171,,
23960,train,1783394029.5032265,3.087141990661621,3.087141990661621,,
23970,train,1783394031.8429224,3.2136895656585693,3.2136895656585693,,
23980,train,1783394034.1998758,3.190598487854004,3.190598487854004,,
23990,train,1783394036.557785,3.0958025455474854,3.0958025455474854,,
24000,train,1783394038.940837,3.2633650302886963,3.2633650302886963,,
24010,train,1783394041.2108939,3.063373565673828,3.063373565673828,,
24020,train,1783394044.0768542,3.227853775024414,3.227853775024414,,
24030,train,1783394046.40405,3.1100759506225586,3.1100759506225586,,
24040,train,1783394048.753004,3.1948776245117188,3.1948776245117188,,
24050,train,1783394051.113812,3.240861415863037,3.240861415863037,,
24060,train,1783394053.46064,3.126936435699463,3.126936435699463,,
24070,train,1783394055.8635938,3.0763485431671143,3.0763485431671143,,
24080,train,1783394058.1844656,3.12140154838562,3.12140154838562,,
24090,train,1783394060.529401,3.147031307220459,3.147031307220459,,
24100,train,1783394062.9193578,3.2185006141662598,3.2185006141662598,,
24110,train,1783394065.675628,3.227278232574463,3.227278232574463,,
24120,train,1783394068.0204883,3.2117486000061035,3.2117486000061035,,
24130,train,1783394070.3918126,3.1411681175231934,3.1411681175231934,,
24140,train,1783394072.6960735,3.272073745727539,3.272073745727539,,
24150,train,1783394075.0969868,3.1587679386138916,3.1587679386138916,,
24160,train,1783394077.4430754,3.0575504302978516,3.0575504302978516,,
24170,train,1783394079.817839,3.143420934677124,3.143420934677124,,
24180,train,1783394082.189147,3.208655834197998,3.208655834197998,,
24190,train,1783394084.5801337,3.12260103225708,3.12260103225708,,
24200,train,1783394086.9659584,3.1571834087371826,3.1571834087371826,,
24210,train,1783394089.7497504,3.091822862625122,3.091822862625122,,
24220,train,1783394092.1257427,3.1373825073242188,3.1373825073242188,,
24230,train,1783394094.5120633,3.2414450645446777,3.2414450645446777,,
24240,train,1783394096.8536434,3.2100143432617188,3.2100143432617188,,
24250,train,1783394099.2553442,3.102152109146118,3.102152109146118,,
24260,train,1783394101.610711,3.1610794067382812,3.1610794067382812,,
24270,train,1783394103.9578717,3.154390335083008,3.154390335083008,,
24280,train,1783394106.2810023,3.220942974090576,3.220942974090576,,
24290,train,1783394108.623001,3.1297459602355957,3.1297459602355957,,
24300,train,1783394111.0809376,3.2189605236053467,3.2189605236053467,,
24310,train,1783394113.9520736,3.2312264442443848,3.2312264442443848,,
24320,train,1783394116.360119,3.204977512359619,3.204977512359619,,
24330,train,1783394118.7556045,3.222557544708252,3.222557544708252,,
24340,train,1783394121.1889632,3.16300106048584,3.16300106048584,,
24350,train,1783394123.6055841,3.2646894454956055,3.2646894454956055,,
24360,train,1783394126.0170393,3.2188329696655273,3.2188329696655273,,
24370,train,1783394128.4503632,3.2416186332702637,3.2416186332702637,,
24380,train,1783394130.878185,3.258340835571289,3.258340835571289,,
24390,train,1783394133.309894,3.0393686294555664,3.0393686294555664,,
24400,train,1783394135.7658603,3.0630147457122803,3.0630147457122803,,
24410,train,1783394138.699134,3.2492759227752686,3.2492759227752686,,
24420,train,1783394141.1495929,3.1426351070404053,3.1426351070404053,,
24430,train,1783394143.6375184,3.2273740768432617,3.2273740768432617,,
24440,train,1783394146.0633311,3.2493784427642822,3.2493784427642822,,
24450,train,1783394148.5204625,3.1884777545928955,3.1884777545928955,,
24460,train,1783394150.9419982,3.1470165252685547,3.1470165252685547,,
24470,train,1783394153.3281949,3.0918867588043213,3.0918867588043213,,
24480,train,1783394155.7998247,3.114917755126953,3.114917755126953,,
24490,train,1783394158.213583,3.212505340576172,3.212505340576172,,
24500,train,1783394160.548675,3.1900734901428223,3.1900734901428223,,
24510,train,1783394163.656564,3.1871113777160645,3.1871113777160645,,
24520,train,1783394166.1092427,3.2466695308685303,3.2466695308685303,,
24530,train,1783394168.5469716,3.193614959716797,3.193614959716797,,
24540,train,1783394170.9824674,3.1552088260650635,3.1552088260650635,,
24550,train,1783394173.448729,3.159214735031128,3.159214735031128,,
24560,train,1783394175.882214,3.112626075744629,3.112626075744629,,
24570,train,1783394178.2520118,3.282768726348877,3.282768726348877,,
24580,train,1783394180.6628354,3.2541697025299072,3.2541697025299072,,
24590,train,1783394183.0495746,3.1929941177368164,3.1929941177368164,,
24600,train,1783394186.1082668,3.1625168323516846,3.1625168323516846,,
24610,train,1783394188.5125716,3.1747982501983643,3.1747982501983643,,
24620,train,1783394190.9177465,3.182744264602661,3.182744264602661,,
24630,train,1783394193.3486805,3.0838282108306885,3.0838282108306885,,
24640,train,1783394195.765045,3.0903918743133545,3.0903918743133545,,
24650,train,1783394198.23253,3.1424646377563477,3.1424646377563477,,
24660,train,1783394200.6368458,3.2110729217529297,3.2110729217529297,,
24670,train,1783394202.9973478,3.177098035812378,3.177098035812378,,
24680,train,1783394205.365965,3.2474284172058105,3.2474284172058105,,
24690,train,1783394207.738434,3.193446159362793,3.193446159362793,,
24700,train,1783394210.7426877,3.230570077896118,3.230570077896118,,
24710,train,1783394213.1480308,3.1305758953094482,3.1305758953094482,,
24720,train,1783394215.5727932,3.135859489440918,3.135859489440918,,
24730,train,1783394218.0447845,3.032806873321533,3.032806873321533,,
24740,train,1783394220.47755,3.1768741607666016,3.1768741607666016,,
24750,train,1783394222.909127,3.1301252841949463,3.1301252841949463,,
24760,train,1783394225.3312047,3.215531826019287,3.215531826019287,,
24770,train,1783394227.728951,3.2384088039398193,3.2384088039398193,,
24780,train,1783394230.165033,3.148437261581421,3.148437261581421,,
24790,train,1783394232.560781,3.215632438659668,3.215632438659668,,
24800,train,1783394235.6005902,3.161578416824341,3.161578416824341,,
24810,train,1783394238.0751684,3.1592817306518555,3.1592817306518555,,
24820,train,1783394240.4905505,3.2458760738372803,3.2458760738372803,,
24830,train,1783394242.8984563,3.2006402015686035,3.2006402015686035,,
24840,train,1783394245.3186731,3.215786933898926,3.215786933898926,,
24850,train,1783394247.855597,3.042196750640869,3.042196750640869,,
24860,train,1783394250.2787628,3.203378677368164,3.203378677368164,,
24870,train,1783394252.7030683,3.1550519466400146,3.1550519466400146,,
24880,train,1783394255.1007192,3.1701278686523438,3.1701278686523438,,
24890,train,1783394257.4898384,3.1780476570129395,3.1780476570129395,,
24900,train,1783394260.5644636,3.14079213142395,3.14079213142395,,
24910,train,1783394262.9937952,3.21083664894104,3.21083664894104,,
24920,train,1783394265.449258,3.1788814067840576,3.1788814067840576,,
24930,train,1783394267.8521438,3.1792197227478027,3.1792197227478027,,
24940,train,1783394270.2669752,3.2553272247314453,3.2553272247314453,,
24950,train,1783394272.7323093,3.1286568641662598,3.1286568641662598,,
24960,train,1783394275.138301,3.235647439956665,3.235647439956665,,
24970,train,1783394277.5515413,3.152575731277466,3.152575731277466,,
24980,train,1783394279.900891,3.117452383041382,3.117452383041382,,
24990,train,1783394282.178902,3.1742959022521973,3.1742959022521973,,
25000,train,1783394285.2779815,3.1807539463043213,3.1807539463043213,,
25000,validation,1783394407.3444335,,,3.2091661977767942,3.2091661977767942
25010,train,1783394409.8669817,3.255991220474243,3.255991220474243,,
25020,train,1783394412.2381382,3.171823501586914,3.171823501586914,,
25030,train,1783394414.6749647,3.1023242473602295,3.1023242473602295,,
25040,train,1783394417.076103,3.173407793045044,3.173407793045044,,
25050,train,1783394419.5385838,3.0834810733795166,3.0834810733795166,,
25060,train,1783394421.9052622,3.205098867416382,3.205098867416382,,
25070,train,1783394424.2707448,3.1613779067993164,3.1613779067993164,,
25080,train,1783394426.683792,3.17684006690979,3.17684006690979,,
25090,train,1783394429.6786962,3.1394994258880615,3.1394994258880615,,
25100,train,1783394432.1559553,3.2259929180145264,3.2259929180145264,,
25110,train,1783394434.608782,3.1091468334198,3.1091468334198,,
25120,train,1783394437.0003734,3.1673943996429443,3.1673943996429443,,
25130,train,1783394439.4330437,3.135650634765625,3.135650634765625,,
25140,train,1783394441.8169675,3.1845340728759766,3.1845340728759766,,
25150,train,1783394444.2747924,3.240971803665161,3.240971803665161,,
25160,train,1783394446.6929686,3.1668434143066406,3.1668434143066406,,
25170,train,1783394449.054994,3.2170159816741943,3.2170159816741943,,
25180,train,1783394451.423688,3.23114275932312,3.23114275932312,,
25190,train,1783394454.1806295,3.2593002319335938,3.2593002319335938,,
25200,train,1783394456.553315,3.2542169094085693,3.2542169094085693,,
25210,train,1783394458.9348443,3.169318675994873,3.169318675994873,,
25220,train,1783394461.3709176,3.0663411617279053,3.0663411617279053,,
25230,train,1783394463.8517077,3.1519253253936768,3.1519253253936768,,
25240,train,1783394466.341708,3.1549129486083984,3.1549129486083984,,
25250,train,1783394468.795183,3.165667772293091,3.165667772293091,,
25260,train,1783394471.1397922,3.2117114067077637,3.2117114067077637,,
25270,train,1783394473.5175285,3.1530826091766357,3.1530826091766357,,
25280,train,1783394475.8687751,3.041872978210449,3.041872978210449,,
25290,train,1783394478.7759867,3.3127522468566895,3.3127522468566895,,
25300,train,1783394481.281233,3.1449832916259766,3.1449832916259766,,
25310,train,1783394483.6890423,3.185079336166382,3.185079336166382,,
25320,train,1783394486.0732872,3.1728227138519287,3.1728227138519287,,
25330,train,1783394488.4453201,3.1447947025299072,3.1447947025299072,,
25340,train,1783394490.8390405,3.160909414291382,3.160909414291382,,
25350,train,1783394493.2839181,3.0193376541137695,3.0193376541137695,,
25360,train,1783394495.6418772,3.0712504386901855,3.0712504386901855,,
25370,train,1783394498.0057096,3.1879215240478516,3.1879215240478516,,
25380,train,1783394500.335095,3.2686052322387695,3.2686052322387695,,
25390,train,1783394503.283348,3.198532819747925,3.198532819747925,,
25400,train,1783394505.7121422,3.149976968765259,3.149976968765259,,
25410,train,1783394508.0626712,3.1598739624023438,3.1598739624023438,,
25420,train,1783394510.4489357,3.203705072402954,3.203705072402954,,
25430,train,1783394512.812794,3.1252188682556152,3.1252188682556152,,
25440,train,1783394515.1506114,3.147601842880249,3.147601842880249,,
25450,train,1783394517.546251,3.1300058364868164,3.1300058364868164,,
25460,train,1783394519.9044707,3.277451276779175,3.277451276779175,,
25470,train,1783394522.2615204,3.0641961097717285,3.0641961097717285,,
25480,train,1783394524.482083,3.2440552711486816,3.2440552711486816,,
25490,train,1783394527.4308286,3.106825351715088,3.106825351715088,,
25500,train,1783394529.8383298,3.163522720336914,3.163522720336914,,
25510,train,1783394532.212009,3.1378982067108154,3.1378982067108154,,
25520,train,1783394534.5697086,3.127394437789917,3.127394437789917,,
25530,train,1783394536.9271283,3.1987428665161133,3.1987428665161133,,
25540,train,1783394539.27508,3.176262855529785,3.176262855529785,,
25550,train,1783394541.6518338,3.231248617172241,3.231248617172241,,
25560,train,1783394544.0049388,3.236222743988037,3.236222743988037,,
25570,train,1783394546.3634026,3.313866138458252,3.313866138458252,,
25580,train,1783394549.1172538,3.1946842670440674,3.1946842670440674,,
25590,train,1783394551.4782453,3.184159755706787,3.184159755706787,,
25600,train,1783394553.8919156,3.1927826404571533,3.1927826404571533,,
25610,train,1783394556.324596,3.1172807216644287,3.1172807216644287,,
25620,train,1783394558.7032814,3.1545352935791016,3.1545352935791016,,
25630,train,1783394561.0694125,3.3118486404418945,3.3118486404418945,,
25640,train,1783394563.444994,3.2555489540100098,3.2555489540100098,,
25650,train,1783394565.88996,3.069685459136963,3.069685459136963,,
25660,train,1783394568.2553344,3.184889793395996,3.184889793395996,,
25670,train,1783394570.6093333,3.144700765609741,3.144700765609741,,
25680,train,1783394573.4444802,3.0913407802581787,3.0913407802581787,,
25690,train,1783394575.8322628,3.235266923904419,3.235266923904419,,
25700,train,1783394578.2779326,3.1744067668914795,3.1744067668914795,,
25710,train,1783394580.631276,3.180582046508789,3.180582046508789,,
25720,train,1783394582.9948354,3.09580135345459,3.09580135345459,,
25730,train,1783394585.3199964,3.2462801933288574,3.2462801933288574,,
25740,train,1783394587.6680071,3.207376003265381,3.207376003265381,,
25750,train,1783394590.0468788,3.215172290802002,3.215172290802002,,
25760,train,1783394592.4048705,3.279160737991333,3.279160737991333,,
25770,train,1783394594.761727,3.1945736408233643,3.1945736408233643,,
25780,train,1783394597.5586662,3.0848066806793213,3.0848066806793213,,
25790,train,1783394599.8897915,3.156643867492676,3.156643867492676,,
25800,train,1783394602.252803,3.1861605644226074,3.1861605644226074,,
25810,train,1783394604.595427,3.0968751907348633,3.0968751907348633,,
25820,train,1783394606.9421926,3.180455446243286,3.180455446243286,,
25830,train,1783394609.2668757,3.1809496879577637,3.1809496879577637,,
25840,train,1783394611.6514835,3.25555682182312,3.25555682182312,,
25850,train,1783394614.0568235,3.140777349472046,3.140777349472046,,
25860,train,1783394616.3835633,3.284139633178711,3.284139633178711,,
25870,train,1783394618.7030349,3.0880136489868164,3.0880136489868164,,
25880,train,1783394621.4648821,3.203782558441162,3.203782558441162,,
25890,train,1783394623.8307266,3.1983067989349365,3.1983067989349365,,
25900,train,1783394626.2123046,3.1791532039642334,3.1791532039642334,,
25910,train,1783394628.5550501,3.248810291290283,3.248810291290283,,
25920,train,1783394630.9062023,3.062363862991333,3.062363862991333,,
25930,train,1783394633.2951763,3.2301018238067627,3.2301018238067627,,
25940,train,1783394635.6382446,3.2332072257995605,3.2332072257995605,,
25950,train,1783394638.050926,3.1654932498931885,3.1654932498931885,,
25960,train,1783394640.363218,3.2505409717559814,3.2505409717559814,,
25970,train,1783394642.5997362,3.0938730239868164,3.0938730239868164,,
25980,train,1783394645.4726803,3.210566997528076,3.210566997528076,,
25990,train,1783394647.8453484,3.069885730743408,3.069885730743408,,
26000,train,1783394650.238933,3.077730417251587,3.077730417251587,,
26010,train,1783394652.5955687,3.142822265625,3.142822265625,,
26020,train,1783394654.9590912,3.2359445095062256,3.2359445095062256,,
26030,train,1783394657.3157508,3.196915864944458,3.196915864944458,,
26040,train,1783394659.6749597,3.154635429382324,3.154635429382324,,
26050,train,1783394662.0716877,3.176457166671753,3.176457166671753,,
26060,train,1783394664.448299,3.1978566646575928,3.1978566646575928,,
26070,train,1783394667.2212958,3.108769178390503,3.108769178390503,,
26080,train,1783394669.5642185,3.15537691116333,3.15537691116333,,
26090,train,1783394671.8854325,3.2717227935791016,3.2717227935791016,,
26100,train,1783394674.2463334,3.183084011077881,3.183084011077881,,
26110,train,1783394676.5983155,3.1751370429992676,3.1751370429992676,,
26120,train,1783394678.9781842,3.121006727218628,3.121006727218628,,
26130,train,1783394681.3272014,3.1203625202178955,3.1203625202178955,,
26140,train,1783394683.6996198,3.110349416732788,3.110349416732788,,
26150,train,1783394686.1030793,3.2735447883605957,3.2735447883605957,,
26160,train,1783394688.4311783,3.1084370613098145,3.1084370613098145,,
26170,train,1783394691.1975727,3.1514949798583984,3.1514949798583984,,
26180,train,1783394693.5019207,3.2975261211395264,3.2975261211395264,,
26190,train,1783394695.872559,3.1587352752685547,3.1587352752685547,,
26200,train,1783394698.281484,3.229008197784424,3.229008197784424,,
26210,train,1783394700.652395,3.0784449577331543,3.0784449577331543,,
26220,train,1783394702.979948,3.259413242340088,3.259413242340088,,
26230,train,1783394705.314726,3.22570538520813,3.22570538520813,,
26240,train,1783394707.6646435,3.218242645263672,3.218242645263672,,
26250,train,1783394710.0374644,3.1854465007781982,3.1854465007781982,,
26260,train,1783394712.4030793,3.1882195472717285,3.1882195472717285,,
26270,train,1783394715.1901193,3.207644462585449,3.207644462585449,,
26280,train,1783394717.5542223,3.118269920349121,3.118269920349121,,
26290,train,1783394719.9332705,3.296572208404541,3.296572208404541,,
26300,train,1783394722.30046,3.231292963027954,3.231292963027954,,
26310,train,1783394724.6742527,3.1433207988739014,3.1433207988739014,,
26320,train,1783394727.0164905,3.201475143432617,3.201475143432617,,
26330,train,1783394729.3593192,3.2230758666992188,3.2230758666992188,,
26340,train,1783394731.7293897,3.2079050540924072,3.2079050540924072,,
26350,train,1783394734.0694237,3.119109630584717,3.119109630584717,,
26360,train,1783394736.3969648,3.1152572631835938,3.1152572631835938,,
26370,train,1783394739.1738126,3.1178529262542725,3.1178529262542725,,
26380,train,1783394741.5235398,3.1454341411590576,3.1454341411590576,,
26390,train,1783394743.8797414,3.2137410640716553,3.2137410640716553,,
26400,train,1783394746.2428052,3.168055534362793,3.168055534362793,,
26410,train,1783394748.6138482,3.2551262378692627,3.2551262378692627,,
26420,train,1783394750.9598544,3.2063920497894287,3.2063920497894287,,
26430,train,1783394753.3229814,3.213282585144043,3.213282585144043,,
26440,train,1783394755.6904814,3.298379898071289,3.298379898071289,,
26450,train,1783394758.033313,3.229625940322876,3.229625940322876,,
26460,train,1783394760.3148477,3.2381038665771484,3.2381038665771484,,
26470,train,1783394763.2359254,3.1873505115509033,3.1873505115509033,,
26480,train,1783394765.5875714,3.2168784141540527,3.2168784141540527,,
26490,train,1783394767.9698246,3.2226617336273193,3.2226617336273193,,
26500,train,1783394770.3784323,3.1380774974823,3.1380774974823,,
26510,train,1783394772.7480714,3.020848035812378,3.020848035812378,,
26520,train,1783394775.0893779,3.1286919116973877,3.1286919116973877,,
26530,train,1783394777.4450119,3.112356662750244,3.112356662750244,,
26540,train,1783394779.81894,3.1078431606292725,3.1078431606292725,,
26550,train,1783394782.2610972,3.142902135848999,3.142902135848999,,
26560,train,1783394785.051752,3.2748823165893555,3.2748823165893555,,
26570,train,1783394787.4013133,3.2170000076293945,3.2170000076293945,,
26580,train,1783394789.774112,3.164841413497925,3.164841413497925,,
26590,train,1783394792.1710234,3.1388614177703857,3.1388614177703857,,
26600,train,1783394794.542608,3.2858011722564697,3.2858011722564697,,
26610,train,1783394796.9060643,3.228142023086548,3.228142023086548,,
26620,train,1783394799.2767503,3.1478633880615234,3.1478633880615234,,
26630,train,1783394801.632622,3.193518877029419,3.193518877029419,,
26640,train,1783394803.9565694,3.1798417568206787,3.1798417568206787,,
26650,train,1783394806.318328,3.1587960720062256,3.1587960720062256,,
26660,train,1783394809.0972872,3.195862054824829,3.195862054824829,,
26670,train,1783394811.4381852,3.2526795864105225,3.2526795864105225,,
26680,train,1783394813.8413587,3.2673420906066895,3.2673420906066895,,
26690,train,1783394816.230677,3.063204526901245,3.063204526901245,,
26700,train,1783394818.6613066,3.1835384368896484,3.1835384368896484,,
26710,train,1783394821.0659673,3.1916418075561523,3.1916418075561523,,
26720,train,1783394823.4175885,3.2173914909362793,3.2173914909362793,,
26730,train,1783394825.7810943,2.9822072982788086,2.9822072982788086,,
26740,train,1783394828.1923766,3.130052328109741,3.130052328109741,,
26750,train,1783394830.6043377,3.1274993419647217,3.1274993419647217,,
26760,train,1783394833.5133097,3.2087440490722656,3.2087440490722656,,
26770,train,1783394835.8787882,3.144943952560425,3.144943952560425,,
26780,train,1783394838.207582,3.2685251235961914,3.2685251235961914,,
26790,train,1783394840.5642395,3.178253412246704,3.178253412246704,,
26800,train,1783394842.9784002,3.2607500553131104,3.2607500553131104,,
26810,train,1783394845.349588,3.268932342529297,3.268932342529297,,
26820,train,1783394847.7231715,3.213557720184326,3.213557720184326,,
26830,train,1783394850.0769572,3.184575080871582,3.184575080871582,,
26840,train,1783394852.4529135,3.2107582092285156,3.2107582092285156,,
26850,train,1783394854.8310926,3.1491031646728516,3.1491031646728516,,
26860,train,1783394857.6333902,3.080779790878296,3.080779790878296,,
26870,train,1783394860.0238607,3.156102180480957,3.156102180480957,,
26880,train,1783394862.4232926,3.196077585220337,3.196077585220337,,
26890,train,1783394864.7705917,3.1466448307037354,3.1466448307037354,,
26900,train,1783394867.1838725,3.2315049171447754,3.2315049171447754,,
26910,train,1783394869.591566,3.0539064407348633,3.0539064407348633,,
26920,train,1783394871.9536407,3.153179168701172,3.153179168701172,,
26930,train,1783394874.3408384,3.1987850666046143,3.1987850666046143,,
26940,train,1783394876.6690497,3.208949565887451,3.208949565887451,,
26950,train,1783394878.9591765,3.3101391792297363,3.3101391792297363,,
26960,train,1783394881.9318326,3.2224700450897217,3.2224700450897217,,
26970,train,1783394884.2920864,3.2522902488708496,3.2522902488708496,,
26980,train,1783394886.6571894,3.1262850761413574,3.1262850761413574,,
26990,train,1783394889.018818,3.151642322540283,3.151642322540283,,
27000,train,1783394891.4177034,3.1739184856414795,3.1739184856414795,,
27010,train,1783394893.7647371,3.2533457279205322,3.2533457279205322,,
27020,train,1783394896.11176,3.1704015731811523,3.1704015731811523,,
27030,train,1783394898.4799347,3.119248390197754,3.119248390197754,,
27040,train,1783394900.8214808,3.13049578666687,3.13049578666687,,
27050,train,1783394903.678344,3.2390284538269043,3.2390284538269043,,
27060,train,1783394906.0760717,3.0450329780578613,3.0450329780578613,,
27070,train,1783394908.4484854,3.2158117294311523,3.2158117294311523,,
27080,train,1783394910.8574374,3.1900746822357178,3.1900746822357178,,
27090,train,1783394913.2248175,3.110701084136963,3.110701084136963,,
27100,train,1783394915.6504788,3.2119429111480713,3.2119429111480713,,
27110,train,1783394917.9847171,3.2489888668060303,3.2489888668060303,,
27120,train,1783394920.3130028,3.148597002029419,3.148597002029419,,
27130,train,1783394922.6630075,3.157280445098877,3.157280445098877,,
27140,train,1783394924.9943447,3.1200053691864014,3.1200053691864014,,
27150,train,1783394927.7947688,3.1454577445983887,3.1454577445983887,,
27160,train,1783394930.153914,3.1861679553985596,3.1861679553985596,,
27170,train,1783394932.5526514,3.178018093109131,3.178018093109131,,
27180,train,1783394934.967955,3.215101480484009,3.215101480484009,,
27190,train,1783394937.324959,3.1755142211914062,3.1755142211914062,,
27200,train,1783394939.7306404,3.192821979522705,3.192821979522705,,
27210,train,1783394942.1291776,3.1892316341400146,3.1892316341400146,,
27220,train,1783394944.4720256,3.2489876747131348,3.2489876747131348,,
27230,train,1783394946.8574703,3.1613969802856445,3.1613969802856445,,
27240,train,1783394949.2143743,3.1043152809143066,3.1043152809143066,,
27250,train,1783394952.072629,3.223954439163208,3.223954439163208,,
27260,train,1783394954.4409778,3.239058494567871,3.239058494567871,,
27270,train,1783394956.803166,3.146426200866699,3.146426200866699,,
27280,train,1783394959.145557,3.0886080265045166,3.0886080265045166,,
27290,train,1783394961.53383,3.2299866676330566,3.2299866676330566,,
27300,train,1783394963.9214358,3.245246171951294,3.245246171951294,,
27310,train,1783394966.274754,3.2273108959198,3.2273108959198,,
27320,train,1783394968.6328895,3.1357195377349854,3.1357195377349854,,
27330,train,1783394970.9699366,3.139418125152588,3.139418125152588,,
27340,train,1783394973.2855225,3.1719958782196045,3.1719958782196045,,
27350,train,1783394976.1380067,3.1491146087646484,3.1491146087646484,,
27360,train,1783394978.4562473,3.2406527996063232,3.2406527996063232,,
27370,train,1783394980.8038383,3.2699801921844482,3.2699801921844482,,
27380,train,1783394983.1859975,3.0662922859191895,3.0662922859191895,,
27390,train,1783394985.5644004,3.074228286743164,3.074228286743164,,
27400,train,1783394988.0148792,3.0988337993621826,3.0988337993621826,,
27410,train,1783394990.3689368,3.062598466873169,3.062598466873169,,
27420,train,1783394992.7375944,3.1799817085266113,3.1799817085266113,,
27430,train,1783394995.0613298,3.2327897548675537,3.2327897548675537,,
27440,train,1783394997.2777908,3.1511096954345703,3.1511096954345703,,
27450,train,1783395000.1996036,3.087904691696167,3.087904691696167,,
27460,train,1783395002.5278637,3.205643892288208,3.205643892288208,,
27470,train,1783395004.8817658,3.130096197128296,3.130096197128296,,
27480,train,1783395007.2494864,3.1709203720092773,3.1709203720092773,,
27490,train,1783395009.605161,3.214663505554199,3.214663505554199,,
27500,train,1783395012.0181034,3.2321996688842773,3.2321996688842773,,
27510,train,1783395014.4004467,3.0842537879943848,3.0842537879943848,,
27520,train,1783395016.770216,3.122995615005493,3.122995615005493,,
27530,train,1783395019.1262248,3.0550477504730225,3.0550477504730225,,
27540,train,1783395021.9276197,3.1250412464141846,3.1250412464141846,,
27550,train,1783395024.3279824,3.24013352394104,3.24013352394104,,
27560,train,1783395026.6784658,3.1216647624969482,3.1216647624969482,,
27570,train,1783395029.0443356,3.1176769733428955,3.1176769733428955,,
27580,train,1783395031.4284337,3.2225589752197266,3.2225589752197266,,
27590,train,1783395033.812269,3.095560073852539,3.095560073852539,,
27600,train,1783395036.2032592,3.1445460319519043,3.1445460319519043,,
27610,train,1783395038.5385506,3.27424693107605,3.27424693107605,,
27620,train,1783395040.9110723,3.129584550857544,3.129584550857544,,
27630,train,1783395043.2525434,3.090136766433716,3.090136766433716,,
27640,train,1783395046.0009735,3.2666354179382324,3.2666354179382324,,
27650,train,1783395048.4196668,3.0678458213806152,3.0678458213806152,,
27660,train,1783395050.7903996,3.166553497314453,3.166553497314453,,
27670,train,1783395053.1054533,3.1613199710845947,3.1613199710845947,,
27680,train,1783395055.438216,3.183770179748535,3.183770179748535,,
27690,train,1783395057.8182309,3.265739917755127,3.265739917755127,,
27700,train,1783395060.2260718,3.179698944091797,3.179698944091797,,
27710,train,1783395062.5644298,3.180055856704712,3.180055856704712,,
27720,train,1783395064.8957286,3.1844284534454346,3.1844284534454346,,
27730,train,1783395067.231419,3.2938830852508545,3.2938830852508545,,
27740,train,1783395070.0366132,3.215149164199829,3.215149164199829,,
27750,train,1783395072.4612675,3.1310036182403564,3.1310036182403564,,
27760,train,1783395074.8222146,3.1168320178985596,3.1168320178985596,,
27770,train,1783395077.1507752,3.2001147270202637,3.2001147270202637,,
27780,train,1783395079.5557232,3.0729575157165527,3.0729575157165527,,
27790,train,1783395081.8866663,3.1675384044647217,3.1675384044647217,,
27800,train,1783395084.294102,3.162672758102417,3.162672758102417,,
27810,train,1783395086.6303012,3.1923272609710693,3.1923272609710693,,
27820,train,1783395088.9879344,3.1613192558288574,3.1613192558288574,,
27830,train,1783395091.2865224,3.174866199493408,3.174866199493408,,
27840,train,1783395094.0450706,3.286268711090088,3.286268711090088,,
27850,train,1783395096.4530342,3.299173355102539,3.299173355102539,,
27860,train,1783395098.7942514,3.189690589904785,3.189690589904785,,
27870,train,1783395101.1801949,3.0439417362213135,3.0439417362213135,,
27880,train,1783395103.4881654,3.2324423789978027,3.2324423789978027,,
27890,train,1783395105.840893,3.1869630813598633,3.1869630813598633,,
27900,train,1783395108.2415862,3.069122076034546,3.069122076034546,,
27910,train,1783395110.592731,3.2077341079711914,3.2077341079711914,,
27920,train,1783395112.9351606,3.177468776702881,3.177468776702881,,
27930,train,1783395115.149886,3.2087085247039795,3.2087085247039795,,
27940,train,1783395118.0692453,3.1214847564697266,3.1214847564697266,,
27950,train,1783395120.4189384,3.219075918197632,3.219075918197632,,
27960,train,1783395122.7611132,3.1996734142303467,3.1996734142303467,,
27970,train,1783395125.159117,3.009967565536499,3.009967565536499,,
27980,train,1783395127.51074,3.220818042755127,3.220818042755127,,
27990,train,1783395129.8628862,3.140606641769409,3.140606641769409,,
28000,train,1783395132.2347567,3.2550408840179443,3.2550408840179443,,
28010,train,1783395134.594872,3.146374225616455,3.146374225616455,,
28020,train,1783395136.932755,3.129244565963745,3.129244565963745,,
28030,train,1783395139.6813903,3.284757614135742,3.284757614135742,,
28040,train,1783395142.0431418,3.1574785709381104,3.1574785709381104,,
28050,train,1783395144.4467206,3.2118568420410156,3.2118568420410156,,
28060,train,1783395146.8168814,3.287757158279419,3.287757158279419,,
28070,train,1783395149.175074,3.1318981647491455,3.1318981647491455,,
28080,train,1783395151.5063903,3.2825114727020264,3.2825114727020264,,
28090,train,1783395153.855272,3.1469228267669678,3.1469228267669678,,
28100,train,1783395156.1994529,3.2663018703460693,3.2663018703460693,,
28110,train,1783395158.560876,3.165684700012207,3.165684700012207,,
28120,train,1783395160.857829,3.190898895263672,3.190898895263672,,
28130,train,1783395163.649988,3.252789258956909,3.252789258956909,,
28140,train,1783395166.0107596,3.1636035442352295,3.1636035442352295,,
28150,train,1783395168.3897152,3.2007479667663574,3.2007479667663574,,
28160,train,1783395170.7871506,3.0439412593841553,3.0439412593841553,,
28170,train,1783395173.102683,3.158259391784668,3.158259391784668,,
28180,train,1783395175.4579482,3.1344311237335205,3.1344311237335205,,
28190,train,1783395177.7942793,3.1315526962280273,3.1315526962280273,,
28200,train,1783395180.1724436,3.2725565433502197,3.2725565433502197,,
28210,train,1783395182.5047874,3.2176427841186523,3.2176427841186523,,
28220,train,1783395184.8055239,3.1536195278167725,3.1536195278167725,,
28230,train,1783395187.565845,3.189326763153076,3.189326763153076,,
28240,train,1783395189.903909,3.187763214111328,3.187763214111328,,
28250,train,1783395192.2755623,3.174137830734253,3.174137830734253,,
28260,train,1783395194.6353233,3.1464767456054688,3.1464767456054688,,
28270,train,1783395196.9733963,3.0903878211975098,3.0903878211975098,,
28280,train,1783395199.307138,3.243618965148926,3.243618965148926,,
28290,train,1783395201.6495893,3.1298418045043945,3.1298418045043945,,
28300,train,1783395204.0044465,3.210066080093384,3.210066080093384,,
28310,train,1783395206.3557222,3.1714913845062256,3.1714913845062256,,
28320,train,1783395208.6758583,3.133319854736328,3.133319854736328,,
28330,train,1783395211.4711933,3.145056962966919,3.145056962966919,,
28340,train,1783395213.8549125,3.125521659851074,3.125521659851074,,
28350,train,1783395216.2600079,3.269327402114868,3.269327402114868,,
28360,train,1783395218.601054,3.0921130180358887,3.0921130180358887,,
28370,train,1783395220.9582765,3.177933692932129,3.177933692932129,,
28380,train,1783395223.30716,3.1813130378723145,3.1813130378723145,,
28390,train,1783395225.651085,3.2287073135375977,3.2287073135375977,,
28400,train,1783395228.0274007,3.1341302394866943,3.1341302394866943,,
28410,train,1783395230.328257,3.153730630874634,3.153730630874634,,
28420,train,1783395232.564414,2.9901669025421143,2.9901669025421143,,
28430,train,1783395235.4373028,3.146453619003296,3.146453619003296,,
28440,train,1783395237.7857382,3.1841423511505127,3.1841423511505127,,
28450,train,1783395240.160111,3.184772253036499,3.184772253036499,,
28460,train,1783395242.5052078,3.1043713092803955,3.1043713092803955,,
28470,train,1783395244.8354232,3.255949020385742,3.255949020385742,,
28480,train,1783395247.2153196,3.1697278022766113,3.1697278022766113,,
28490,train,1783395249.5877337,3.169177770614624,3.169177770614624,,
28500,train,1783395251.948122,3.2542178630828857,3.2542178630828857,,
28510,train,1783395254.2898927,3.1687099933624268,3.1687099933624268,,
28520,train,1783395257.0772727,3.1560513973236084,3.1560513973236084,,
28530,train,1783395259.4439313,3.1162168979644775,3.1162168979644775,,
28540,train,1783395261.7850149,3.0926549434661865,3.0926549434661865,,
28550,train,1783395264.1532636,3.161015510559082,3.161015510559082,,
28560,train,1783395266.517128,3.263798952102661,3.263798952102661,,
28570,train,1783395268.857217,3.1215128898620605,3.1215128898620605,,
28580,train,1783395271.1810172,3.169090747833252,3.169090747833252,,
28590,train,1783395273.568117,3.0476787090301514,3.0476787090301514,,
28600,train,1783395275.9665298,3.168490171432495,3.168490171432495,,
28610,train,1783395278.291455,3.218879461288452,3.218879461288452,,
28620,train,1783395281.0864332,3.29215669631958,3.29215669631958,,
28630,train,1783395283.4941332,3.103533983230591,3.103533983230591,,
28640,train,1783395285.8567114,3.2054293155670166,3.2054293155670166,,
28650,train,1783395288.227478,3.233708143234253,3.233708143234253,,
28660,train,1783395290.5533128,3.27235746383667,3.27235746383667,,
28670,train,1783395292.9040644,3.1848268508911133,3.1848268508911133,,
28680,train,1783395295.2665849,3.19881010055542,3.19881010055542,,
28690,train,1783395297.6392887,3.1459641456604004,3.1459641456604004,,
28700,train,1783395300.0625482,3.0379557609558105,3.0379557609558105,,
28710,train,1783395302.3656147,3.2762415409088135,3.2762415409088135,,
28720,train,1783395305.158274,3.1765966415405273,3.1765966415405273,,
28730,train,1783395307.5262725,3.1913599967956543,3.1913599967956543,,
28740,train,1783395309.9237037,3.1005678176879883,3.1005678176879883,,
28750,train,1783395312.3662553,3.137744188308716,3.137744188308716,,
28760,train,1783395314.7038813,3.164029598236084,3.164029598236084,,
28770,train,1783395317.035618,3.1649749279022217,3.1649749279022217,,
28780,train,1783395319.3981373,3.045077085494995,3.045077085494995,,
28790,train,1783395321.7770813,3.045520782470703,3.045520782470703,,
28800,train,1783395324.1403086,3.1929004192352295,3.1929004192352295,,
28810,train,1783395326.434914,3.168628692626953,3.168628692626953,,
28820,train,1783395329.2461073,3.241755485534668,3.241755485534668,,
28830,train,1783395331.5897927,3.1880745887756348,3.1880745887756348,,
28840,train,1783395333.9182875,3.2027876377105713,3.2027876377105713,,
28850,train,1783395336.3065436,3.1907739639282227,3.1907739639282227,,
28860,train,1783395338.6424665,3.2659213542938232,3.2659213542938232,,
28870,train,1783395340.9643013,3.2250378131866455,3.2250378131866455,,
28880,train,1783395343.363133,3.1045947074890137,3.1045947074890137,,
28890,train,1783395345.7297814,3.1900787353515625,3.1900787353515625,,
28900,train,1783395348.1453304,3.2177231311798096,3.2177231311798096,,
28910,train,1783395350.3961368,3.1820316314697266,3.1820316314697266,,
28920,train,1783395353.2576873,3.12237548828125,3.12237548828125,,
28930,train,1783395355.6011596,3.203648328781128,3.203648328781128,,
28940,train,1783395357.9589696,3.0901596546173096,3.0901596546173096,,
28950,train,1783395360.3399718,3.0819921493530273,3.0819921493530273,,
28960,train,1783395362.6906753,3.1448020935058594,3.1448020935058594,,
28970,train,1783395365.0728064,3.2158477306365967,3.2158477306365967,,
28980,train,1783395367.4423375,3.1068856716156006,3.1068856716156006,,
28990,train,1783395369.7951558,3.204362392425537,3.204362392425537,,
29000,train,1783395372.205478,3.0786166191101074,3.0786166191101074,,
29010,train,1783395374.9724407,3.095916509628296,3.095916509628296,,
29020,train,1783395377.3522043,3.2037789821624756,3.2037789821624756,,
29030,train,1783395379.7058487,3.197283983230591,3.197283983230591,,
29040,train,1783395382.0567763,3.1758172512054443,3.1758172512054443,,
29050,train,1783395384.4966917,3.1226797103881836,3.1226797103881836,,
29060,train,1783395386.8627946,3.126744031906128,3.126744031906128,,
29070,train,1783395389.2110076,3.0735690593719482,3.0735690593719482,,
29080,train,1783395391.5774636,3.172914743423462,3.172914743423462,,
29090,train,1783395393.9390333,3.1396591663360596,3.1396591663360596,,
29100,train,1783395396.3164694,3.1631336212158203,3.1631336212158203,,
29110,train,1783395399.0926871,3.2703940868377686,3.2703940868377686,,
29120,train,1783395401.4966416,3.3003947734832764,3.3003947734832764,,
29130,train,1783395403.8495178,3.131479024887085,3.131479024887085,,
29140,train,1783395406.234367,3.1031687259674072,3.1031687259674072,,
29150,train,1783395408.6207983,3.152184247970581,3.152184247970581,,
29160,train,1783395410.946517,3.1983695030212402,3.1983695030212402,,
29170,train,1783395413.2879832,3.1690540313720703,3.1690540313720703,,
29180,train,1783395415.6667128,3.205562114715576,3.205562114715576,,
29190,train,1783395417.9788685,3.2139711380004883,3.2139711380004883,,
29200,train,1783395420.3261695,3.12815260887146,3.12815260887146,,
29210,train,1783395423.1316974,3.0819711685180664,3.0819711685180664,,
29220,train,1783395425.5111015,3.1505868434906006,3.1505868434906006,,
29230,train,1783395427.865744,3.103133201599121,3.103133201599121,,
29240,train,1783395430.2269356,3.1351735591888428,3.1351735591888428,,
29250,train,1783395432.64002,3.1414921283721924,3.1414921283721924,,
29260,train,1783395434.9913173,3.171535015106201,3.171535015106201,,
29270,train,1783395437.3606882,3.220604419708252,3.220604419708252,,
29280,train,1783395439.6886582,3.212987184524536,3.212987184524536,,
29290,train,1783395442.0579274,3.1466829776763916,3.1466829776763916,,
29300,train,1783395444.439802,3.1823689937591553,3.1823689937591553,,
29310,train,1783395447.178908,3.3003604412078857,3.3003604412078857,,
29320,train,1783395449.5683117,3.1149752140045166,3.1149752140045166,,
29330,train,1783395451.8902617,3.203953504562378,3.203953504562378,,
29340,train,1783395454.2295847,3.2446184158325195,3.2446184158325195,,
29350,train,1783395456.6098535,3.1929526329040527,3.1929526329040527,,
29360,train,1783395458.9607918,3.177436351776123,3.177436351776123,,
29370,train,1783395461.316802,3.065309762954712,3.065309762954712,,
29380,train,1783395463.637886,3.2814555168151855,3.2814555168151855,,
29390,train,1783395465.9685822,3.247375249862671,3.247375249862671,,
29400,train,1783395468.2569702,3.195577621459961,3.195577621459961,,
29410,train,1783395471.1030939,3.148329019546509,3.148329019546509,,
29420,train,1783395473.4724774,3.200347661972046,3.200347661972046,,
29430,train,1783395475.80832,3.304938316345215,3.304938316345215,,
29440,train,1783395478.1554763,3.257481813430786,3.257481813430786,,
29450,train,1783395480.5156436,3.2631516456604004,3.2631516456604004,,
29460,train,1783395482.881467,3.2547807693481445,3.2547807693481445,,
29470,train,1783395485.2397149,3.048916816711426,3.048916816711426,,
29480,train,1783395487.6029465,3.2003371715545654,3.2003371715545654,,
29490,train,1783395489.9590313,3.1860265731811523,3.1860265731811523,,
29500,train,1783395492.7455695,3.0884206295013428,3.0884206295013428,,
29510,train,1783395495.1271265,3.1208508014678955,3.1208508014678955,,
29520,train,1783395497.4696329,3.2571732997894287,3.2571732997894287,,
29530,train,1783395499.8241138,3.154165267944336,3.154165267944336,,
29540,train,1783395502.1767714,3.1527023315429688,3.1527023315429688,,
29550,train,1783395504.582605,3.2339563369750977,3.2339563369750977,,
29560,train,1783395506.941856,3.055765151977539,3.055765151977539,,
29570,train,1783395509.2820468,3.1729443073272705,3.1729443073272705,,
29580,train,1783395511.7148354,3.076876163482666,3.076876163482666,,
29590,train,1783395514.084432,3.2106754779815674,3.2106754779815674,,
29600,train,1783395516.8586247,3.2367916107177734,3.2367916107177734,,
29610,train,1783395519.199554,3.25458025932312,3.25458025932312,,
29620,train,1783395521.571608,3.1101303100585938,3.1101303100585938,,
29630,train,1783395523.9285252,3.1528913974761963,3.1528913974761963,,
29640,train,1783395526.2978854,3.139570474624634,3.139570474624634,,
29650,train,1783395528.689607,3.108916997909546,3.108916997909546,,
29660,train,1783395531.027981,3.080251455307007,3.080251455307007,,
29670,train,1783395533.3929603,3.0718319416046143,3.0718319416046143,,
29680,train,1783395535.732415,3.18735933303833,3.18735933303833,,
29690,train,1783395538.0479264,3.215670585632324,3.215670585632324,,
29700,train,1783395540.8856018,3.1836369037628174,3.1836369037628174,,
29710,train,1783395543.3266408,3.1984200477600098,3.1984200477600098,,
29720,train,1783395545.9594128,3.165081262588501,3.165081262588501,,
29730,train,1783395548.3542528,3.1253011226654053,3.1253011226654053,,
29740,train,1783395550.728404,3.1567800045013428,3.1567800045013428,,
29750,train,1783395553.11953,3.297884225845337,3.297884225845337,,
29760,train,1783395555.4900467,3.2211685180664062,3.2211685180664062,,
29770,train,1783395557.8521538,3.1758480072021484,3.1758480072021484,,
29780,train,1783395560.2068813,3.1430742740631104,3.1430742740631104,,
29790,train,1783395562.513897,3.1406867504119873,3.1406867504119873,,
29800,train,1783395565.3077633,3.1839044094085693,3.1839044094085693,,
29810,train,1783395567.689559,3.211531162261963,3.211531162261963,,
29820,train,1783395570.0639625,3.214246988296509,3.214246988296509,,
29830,train,1783395572.3860877,3.170389413833618,3.170389413833618,,
29840,train,1783395574.7510283,3.075011968612671,3.075011968612671,,
29850,train,1783395577.1262968,3.199397087097168,3.199397087097168,,
29860,train,1783395579.4583423,3.2323787212371826,3.2323787212371826,,
29870,train,1783395581.7700138,3.2534587383270264,3.2534587383270264,,
29880,train,1783395584.1006896,3.211306571960449,3.211306571960449,,
29890,train,1783395586.3262992,3.062464475631714,3.062464475631714,,
29900,train,1783395589.246225,3.1523916721343994,3.1523916721343994,,
29910,train,1783395591.6065876,3.1398754119873047,3.1398754119873047,,
29920,train,1783395593.9802055,3.116881847381592,3.116881847381592,,
29930,train,1783395596.2923133,3.2584941387176514,3.2584941387176514,,
29940,train,1783395598.654806,3.214353084564209,3.214353084564209,,
29950,train,1783395601.0578823,3.0686614513397217,3.0686614513397217,,
29960,train,1783395603.4021428,3.132723093032837,3.132723093032837,,
29970,train,1783395605.7526274,3.08913254737854,3.08913254737854,,
29980,train,1783395608.1001668,3.1336886882781982,3.1336886882781982,,
29990,train,1783395610.8715754,3.092907428741455,3.092907428741455,,
30000,train,1783395613.2590094,3.2190141677856445,3.2190141677856445,,
30000,validation,1783395723.0844212,,,3.203131115436554,3.203131115436554
30010,train,1783395725.4956343,3.198700189590454,3.198700189590454,,
30020,train,1783395727.835264,3.271369695663452,3.271369695663452,,
30030,train,1783395730.180894,3.205629587173462,3.205629587173462,,
30040,train,1783395732.5282626,3.139700174331665,3.139700174331665,,
30050,train,1783395734.9035876,3.166426181793213,3.166426181793213,,
30060,train,1783395737.2484536,3.2415173053741455,3.2415173053741455,,
30070,train,1783395739.583758,3.211555004119873,3.211555004119873,,
30080,train,1783395741.9479938,3.1238152980804443,3.1238152980804443,,
30090,train,1783395744.6794703,3.1538164615631104,3.1538164615631104,,
30100,train,1783395747.0790503,3.18942928314209,3.18942928314209,,
30110,train,1783395749.4102714,3.1239261627197266,3.1239261627197266,,
30120,train,1783395751.7700832,3.221400260925293,3.221400260925293,,
30130,train,1783395754.0882864,3.301036834716797,3.301036834716797,,
30140,train,1783395756.4291918,3.2302613258361816,3.2302613258361816,,
30150,train,1783395758.7782993,3.1842689514160156,3.1842689514160156,,
30160,train,1783395761.1229753,3.136996269226074,3.136996269226074,,
30170,train,1783395763.4640577,3.061631679534912,3.061631679534912,,
30180,train,1783395765.7909198,3.1306402683258057,3.1306402683258057,,
30190,train,1783395768.5529704,3.130983591079712,3.130983591079712,,
30200,train,1783395770.9429035,3.184868335723877,3.184868335723877,,
30210,train,1783395773.3139246,3.059659957885742,3.059659957885742,,
30220,train,1783395775.6675925,3.215395927429199,3.215395927429199,,
30230,train,1783395778.026932,3.158024787902832,3.158024787902832,,
30240,train,1783395780.391872,3.275597333908081,3.275597333908081,,
30250,train,1783395782.7720277,3.214954137802124,3.214954137802124,,
30260,train,1783395785.129471,3.214162588119507,3.214162588119507,,
30270,train,1783395787.478558,3.143486499786377,3.143486499786377,,
30280,train,1783395789.7817829,3.240878105163574,3.240878105163574,,
30290,train,1783395792.5593119,3.1666347980499268,3.1666347980499268,,
30300,train,1783395794.9382777,3.129946708679199,3.129946708679199,,
30310,train,1783395797.2801955,3.1887331008911133,3.1887331008911133,,
30320,train,1783395799.6635225,2.9717118740081787,2.9717118740081787,,
30330,train,1783395802.0133884,3.171109199523926,3.171109199523926,,
30340,train,1783395804.3556077,3.1865036487579346,3.1865036487579346,,
30350,train,1783395806.7750664,3.080989360809326,3.080989360809326,,
30360,train,1783395809.098297,3.2374486923217773,3.2374486923217773,,
30370,train,1783395811.4405408,3.036827564239502,3.036827564239502,,
30380,train,1783395813.6771069,3.207202196121216,3.207202196121216,,
30390,train,1783395816.5482576,3.2323925495147705,3.2323925495147705,,
30400,train,1783395818.9755325,3.1426424980163574,3.1426424980163574,,
30410,train,1783395821.3134398,3.147676706314087,3.147676706314087,,
30420,train,1783395823.6883793,3.04420804977417,3.04420804977417,,
30430,train,1783395826.0644112,3.1833341121673584,3.1833341121673584,,
30440,train,1783395828.4309568,3.1721463203430176,3.1721463203430176,,
30450,train,1783395830.8186586,3.1821188926696777,3.1821188926696777,,
30460,train,1783395833.169864,3.2721383571624756,3.2721383571624756,,
30470,train,1783395835.5211043,3.1686620712280273,3.1686620712280273,,
30480,train,1783395838.2848399,2.987666368484497,2.987666368484497,,
30490,train,1783395840.6040604,3.18772554397583,3.18772554397583,,
30500,train,1783395843.0108304,3.2336788177490234,3.2336788177490234,,
30510,train,1783395845.351409,3.2242114543914795,3.2242114543914795,,
30520,train,1783395847.6758592,3.1428020000457764,3.1428020000457764,,
30530,train,1783395849.9875882,3.186858892440796,3.186858892440796,,
30540,train,1783395852.3514752,3.3075215816497803,3.3075215816497803,,
30550,train,1783395854.7431426,3.166046142578125,3.166046142578125,,
30560,train,1783395857.0788233,3.162745475769043,3.162745475769043,,
30570,train,1783395859.3739552,3.1479756832122803,3.1479756832122803,,
30580,train,1783395862.117385,3.3010990619659424,3.3010990619659424,,
30590,train,1783395864.4938776,3.187657356262207,3.187657356262207,,
30600,train,1783395866.898943,3.1896562576293945,3.1896562576293945,,
30610,train,1783395869.2665737,3.239442825317383,3.239442825317383,,
30620,train,1783395871.6385856,3.1408114433288574,3.1408114433288574,,
30630,train,1783395873.9863825,3.1473934650421143,3.1473934650421143,,
30640,train,1783395876.3393655,3.2458655834198,3.2458655834198,,
30650,train,1783395878.716013,3.2229268550872803,3.2229268550872803,,
30660,train,1783395881.0296419,3.1905672550201416,3.1905672550201416,,
30670,train,1783395883.3389204,3.1948397159576416,3.1948397159576416,,
30680,train,1783395886.1141114,3.1973209381103516,3.1973209381103516,,
30690,train,1783395888.489699,3.18349289894104,3.18349289894104,,
30700,train,1783395890.8544335,3.138251543045044,3.138251543045044,,
30710,train,1783395893.1806052,3.2034106254577637,3.2034106254577637,,
30720,train,1783395895.5284379,3.1947546005249023,3.1947546005249023,,
30730,train,1783395897.88107,3.1394498348236084,3.1394498348236084,,
30740,train,1783395900.20742,3.083927869796753,3.083927869796753,,
30750,train,1783395902.6029418,3.113736629486084,3.113736629486084,,
30760,train,1783395904.9447017,3.225121021270752,3.225121021270752,,
30770,train,1783395907.2809572,3.0820913314819336,3.0820913314819336,,
30780,train,1783395910.0825212,3.1573290824890137,3.1573290824890137,,
30790,train,1783395912.480899,3.311608076095581,3.311608076095581,,
30800,train,1783395914.8770442,3.1879723072052,3.1879723072052,,
30810,train,1783395917.2081456,3.1546261310577393,3.1546261310577393,,
30820,train,1783395919.5460775,3.108142137527466,3.108142137527466,,
30830,train,1783395921.8777266,3.209831714630127,3.209831714630127,,
30840,train,1783395924.2122753,3.1684582233428955,3.1684582233428955,,
30850,train,1783395926.6218216,3.1378345489501953,3.1378345489501953,,
30860,train,1783395928.9779406,3.1328089237213135,3.1328089237213135,,
30870,train,1783395931.2132478,3.1194512844085693,3.1194512844085693,,
30880,train,1783395934.076743,3.2651100158691406,3.2651100158691406,,
30890,train,1783395936.4184756,3.099543571472168,3.099543571472168,,
30900,train,1783395938.8152804,3.165825366973877,3.165825366973877,,
30910,train,1783395941.1760302,3.152822732925415,3.152822732925415,,
30920,train,1783395943.510338,3.2894771099090576,3.2894771099090576,,
30930,train,1783395945.858233,3.2389211654663086,3.2389211654663086,,
30940,train,1783395948.2409155,3.1947991847991943,3.1947991847991943,,
30950,train,1783395950.6038148,3.14709734916687,3.14709734916687,,
30960,train,1783395952.9357302,3.177957534790039,3.177957534790039,,
30970,train,1783395955.7075405,3.2023119926452637,3.2023119926452637,,
30980,train,1783395958.0570602,3.1779651641845703,3.1779651641845703,,
30990,train,1783395960.4142196,3.183445930480957,3.183445930480957,,
31000,train,1783395962.7797086,3.223881721496582,3.223881721496582,,
31010,train,1783395965.155809,3.1978840827941895,3.1978840827941895,,
31020,train,1783395967.474126,3.1812565326690674,3.1812565326690674,,
31030,train,1783395969.8122113,3.1768617630004883,3.1768617630004883,,
31040,train,1783395972.158188,3.11419415473938,3.11419415473938,,
31050,train,1783395974.5333226,3.3265089988708496,3.3265089988708496,,
31060,train,1783395976.8820856,3.098001480102539,3.098001480102539,,
31070,train,1783395979.6688085,3.202105760574341,3.202105760574341,,
31080,train,1783395982.0670354,3.2130470275878906,3.2130470275878906,,
31090,train,1783395984.4233189,3.210871458053589,3.210871458053589,,
31100,train,1783395986.8178754,3.1262028217315674,3.1262028217315674,,
31110,train,1783395989.184485,3.1537492275238037,3.1537492275238037,,
31120,train,1783395991.4698424,3.235985279083252,3.235985279083252,,
31130,train,1783395993.8134751,3.079918384552002,3.079918384552002,,
31140,train,1783395996.1847322,3.225447654724121,3.225447654724121,,
31150,train,1783395998.5717952,3.216630458831787,3.216630458831787,,
31160,train,1783396000.8948135,3.2411792278289795,3.2411792278289795,,
31170,train,1783396003.7089076,3.184774160385132,3.184774160385132,,
31180,train,1783396006.0608754,3.106421709060669,3.106421709060669,,
31190,train,1783396008.4284766,3.176332712173462,3.176332712173462,,
31200,train,1783396010.8475466,3.1285605430603027,3.1285605430603027,,
31210,train,1783396013.1849985,3.2263970375061035,3.2263970375061035,,
31220,train,1783396015.5125866,3.2314798831939697,3.2314798831939697,,
31230,train,1783396017.8473203,3.1462340354919434,3.1462340354919434,,
31240,train,1783396020.2111475,3.1506481170654297,3.1506481170654297,,
31250,train,1783396022.6106248,3.2247724533081055,3.2247724533081055,,
31260,train,1783396024.9422283,3.158912420272827,3.158912420272827,,
