step,time_unix,runtime/checkpoint_save_time_ms,runtime/checkpoint_size_mb,train_discriminator_loss,train_discriminator_loss_total,train_generator_loss,train_generator_loss_adversarial,train_generator_loss_feature_matching,train_generator_loss_total,train_loss,val_discriminator_loss,val_generator_loss,val_loss,val_mel_l1
0,1783434837.5770833,,,,,,,,,,1573.1290844726564,4679.56420288086,1.525129075050354,1.525129075050354
5,1783434876.201163,,,74.10690307617188,74.10690307617188,357.7266845703125,326.3472900390625,3.137939453125,357.7266845703125,357.7266845703125,,,,
10,1783434876.6149998,,,66.08876037597656,66.08876037597656,325.530029296875,296.025634765625,2.950439453125,325.530029296875,325.530029296875,,,,
15,1783434877.02774,,,32.497215270996094,32.497215270996094,222.65814208984375,195.12640380859375,2.753173828125,222.65814208984375,222.65814208984375,,,,
20,1783434877.4414895,,,27.30679702758789,27.30679702758789,197.2675323486328,169.5502471923828,2.771728515625,197.2675323486328,197.2675323486328,,,,
25,1783434877.8564146,,,17.758726119995117,17.758726119995117,165.6857147216797,138.2516326904297,2.743408203125,165.6857147216797,165.6857147216797,,,,
30,1783434878.2756724,,,15.091048240661621,15.091048240661621,160.2977752685547,133.4984588623047,2.679931640625,160.2977752685547,160.2977752685547,,,,
35,1783434878.6917067,,,11.652640342712402,11.652640342712402,140.93035888671875,115.45915985107422,2.547119140625,140.93035888671875,140.93035888671875,,,,
40,1783434879.110643,,,11.375601768493652,11.375601768493652,126.74835968017578,102.18292999267578,2.45654296875,126.74835968017578,126.74835968017578,,,,
45,1783434879.5256035,,,11.615228652954102,11.615228652954102,126.79542541503906,101.52198791503906,2.52734375,126.79542541503906,126.79542541503906,,,,
50,1783434879.9447896,,,11.511582374572754,11.511582374572754,123.09587097167969,97.43180847167969,2.56640625,123.09587097167969,123.09587097167969,,,,
55,1783434880.365749,,,11.176985740661621,11.176985740661621,116.8908462524414,94.0661392211914,2.282470703125,116.8908462524414,116.8908462524414,,,,
60,1783434880.7803223,,,12.028985977172852,12.028985977172852,112.33275604248047,87.68187713623047,2.465087890625,112.33275604248047,112.33275604248047,,,,
65,1783434881.2005239,,,11.578210830688477,11.578210830688477,115.67163848876953,91.01831817626953,2.46533203125,115.67163848876953,115.67163848876953,,,,
70,1783434881.6245186,,,12.342759132385254,12.342759132385254,115.24061584472656,91.59559631347656,2.364501953125,115.24061584472656,115.24061584472656,,,,
75,1783434882.0427277,,,12.865275382995605,12.865275382995605,113.6114273071289,90.3936538696289,2.32177734375,113.6114273071289,113.6114273071289,,,,
80,1783434882.4659848,,,11.541116714477539,11.541116714477539,117.9931640625,94.7509765625,2.32421875,117.9931640625,117.9931640625,,,,
85,1783434882.8891203,,,10.916120529174805,10.916120529174805,110.76458740234375,88.29388427734375,2.2470703125,110.76458740234375,110.76458740234375,,,,
90,1783434883.311194,,,12.914422988891602,12.914422988891602,113.72196960449219,90.54081726074219,2.318115234375,113.72196960449219,113.72196960449219,,,,
95,1783434883.7320132,,,13.394779205322266,13.394779205322266,115.40694427490234,92.53829193115234,2.286865234375,115.40694427490234,115.40694427490234,,,,
100,1783434884.1532686,,,11.733152389526367,11.733152389526367,114.70526123046875,91.77313232421875,2.293212890625,114.70526123046875,114.70526123046875,,,,
105,1783434884.5707982,,,11.543854713439941,11.543854713439941,109.90299224853516,88.44303131103516,2.14599609375,109.90299224853516,109.90299224853516,,,,
110,1783434884.9925818,,,14.585283279418945,14.585283279418945,103.29257202148438,82.74569702148438,2.0546875,103.29257202148438,103.29257202148438,,,,
115,1783434885.4219542,,,12.716143608093262,12.716143608093262,104.08233642578125,83.01544189453125,2.106689453125,104.08233642578125,104.08233642578125,,,,
120,1783434885.8434358,,,13.422807693481445,13.422807693481445,111.91643524169922,88.36174774169922,2.35546875,111.91643524169922,111.91643524169922,,,,
125,1783434886.264415,,,11.710718154907227,11.710718154907227,121.5866470336914,99.2941665649414,2.229248046875,121.5866470336914,121.5866470336914,,,,
130,1783434886.6879687,,,14.311544418334961,14.311544418334961,108.5151138305664,85.9858169555664,2.2529296875,108.5151138305664,108.5151138305664,,,,
135,1783434887.1146348,,,12.455903053283691,12.455903053283691,121.74315643310547,101.16698455810547,2.0576171875,121.74315643310547,121.74315643310547,,,,
140,1783434887.5338695,,,14.108650207519531,14.108650207519531,106.78827667236328,85.90448760986328,2.08837890625,106.78827667236328,106.78827667236328,,,,
145,1783434887.948511,,,12.98365306854248,12.98365306854248,102.57667541503906,80.99952697753906,2.15771484375,102.57667541503906,102.57667541503906,,,,
150,1783434888.3649302,,,12.316171646118164,12.316171646118164,114.04334259033203,94.06287384033203,1.998046875,114.04334259033203,114.04334259033203,,,,
155,1783434888.7786837,,,11.14199447631836,11.14199447631836,107.30370330810547,86.46141815185547,2.084228515625,107.30370330810547,107.30370330810547,,,,
160,1783434889.1952844,,,10.70002269744873,10.70002269744873,114.9283447265625,94.1568603515625,2.0771484375,114.9283447265625,114.9283447265625,,,,
165,1783434889.6135352,,,13.352677345275879,13.352677345275879,104.05634307861328,82.23017120361328,2.1826171875,104.05634307861328,104.05634307861328,,,,
170,1783434890.0335631,,,15.176838874816895,15.176838874816895,114.40017700195312,94.50149536132812,1.9898681640625,114.40017700195312,114.40017700195312,,,,
175,1783434890.448106,,,13.516286849975586,13.516286849975586,108.9513931274414,87.3010025024414,2.1650390625,108.9513931274414,108.9513931274414,,,,
180,1783434890.8596003,,,11.440946578979492,11.440946578979492,105.37689208984375,84.84222412109375,2.053466796875,105.37689208984375,105.37689208984375,,,,
185,1783434891.2774642,,,13.499588966369629,13.499588966369629,112.97994232177734,93.50606536865234,1.9473876953125,112.97994232177734,112.97994232177734,,,,
190,1783434891.6952486,,,15.535215377807617,15.535215377807617,94.59455108642578,74.84357452392578,1.97509765625,94.59455108642578,94.59455108642578,,,,
195,1783434892.1090262,,,15.180328369140625,15.180328369140625,122.11519622802734,100.68209075927734,2.143310546875,122.11519622802734,122.11519622802734,,,,
200,1783434892.5260925,,,11.305167198181152,11.305167198181152,101.16853332519531,80.16999816894531,2.099853515625,101.16853332519531,101.16853332519531,,,,
205,1783434892.9474998,,,10.751114845275879,10.751114845275879,96.39595031738281,77.46650695800781,1.8929443359375,96.39595031738281,96.39595031738281,,,,
210,1783434893.3641996,,,15.737099647521973,15.737099647521973,112.03726959228516,89.23209381103516,2.280517578125,112.03726959228516,112.03726959228516,,,,
215,1783434893.7868483,,,15.144437789916992,15.144437789916992,97.09336853027344,76.91148376464844,2.0181884765625,97.09336853027344,97.09336853027344,,,,
220,1783434894.2061274,,,15.247042655944824,15.247042655944824,117.81781005859375,96.97796630859375,2.083984375,117.81781005859375,117.81781005859375,,,,
225,1783434894.624739,,,17.308046340942383,17.308046340942383,96.6581039428711,76.8436508178711,1.9814453125,96.6581039428711,96.6581039428711,,,,
230,1783434895.038608,,,15.476801872253418,15.476801872253418,131.7861328125,111.206298828125,2.0579833984375,131.7861328125,131.7861328125,,,,
235,1783434895.452383,,,17.34646224975586,17.34646224975586,100.36215209960938,78.80453491210938,2.15576171875,100.36215209960938,100.36215209960938,,,,
240,1783434895.8689563,,,11.502224922180176,11.502224922180176,127.42324829101562,107.15347290039062,2.0269775390625,127.42324829101562,127.42324829101562,,,,
245,1783434896.2825143,,,15.912713050842285,15.912713050842285,102.72552490234375,81.73675537109375,2.098876953125,102.72552490234375,102.72552490234375,,,,
250,1783434896.6951559,,,17.490447998046875,17.490447998046875,99.99476623535156,79.08900451660156,2.090576171875,99.99476623535156,99.99476623535156,,,,
255,1783434897.1093695,,,17.41703224182129,17.41703224182129,99.11247253417969,79.42253112792969,1.968994140625,99.11247253417969,99.11247253417969,,,,
260,1783434897.523338,,,14.8916654586792,14.8916654586792,103.85301208496094,83.23045349121094,2.062255859375,103.85301208496094,103.85301208496094,,,,
265,1783434897.9383109,,,18.64032745361328,18.64032745361328,98.01244354248047,77.94408416748047,2.0068359375,98.01244354248047,98.01244354248047,,,,
270,1783434898.3544347,,,19.257781982421875,19.257781982421875,97.85722351074219,78.14042663574219,1.9716796875,97.85722351074219,97.85722351074219,,,,
275,1783434898.7678804,,,19.642765045166016,19.642765045166016,97.5972900390625,76.2813720703125,2.131591796875,97.5972900390625,97.5972900390625,,,,
280,1783434899.183222,,,17.944746017456055,17.944746017456055,98.78373718261719,77.75346374511719,2.10302734375,98.78373718261719,98.78373718261719,,,,
285,1783434899.5971465,,,19.31301498413086,19.31301498413086,92.22447204589844,73.28648376464844,1.893798828125,92.22447204589844,92.22447204589844,,,,
290,1783434900.0143316,,,18.976247787475586,18.976247787475586,95.49120330810547,74.78563690185547,2.070556640625,95.49120330810547,95.49120330810547,,,,
295,1783434900.4322407,,,19.149227142333984,19.149227142333984,95.64431762695312,76.11672973632812,1.9527587890625,95.64431762695312,95.64431762695312,,,,
300,1783434900.8479369,,,18.44554901123047,18.44554901123047,90.55158996582031,70.97151184082031,1.9580078125,90.55158996582031,90.55158996582031,,,,
305,1783434901.2659855,,,19.769386291503906,19.769386291503906,97.81885528564453,78.04590606689453,1.977294921875,97.81885528564453,97.81885528564453,,,,
310,1783434901.680125,,,17.904619216918945,17.904619216918945,106.08251190185547,84.22948455810547,2.185302734375,106.08251190185547,106.08251190185547,,,,
315,1783434902.100009,,,18.695026397705078,18.695026397705078,95.58404541015625,74.03375244140625,2.155029296875,95.58404541015625,95.58404541015625,,,,
320,1783434902.5164413,,,19.40726661682129,19.40726661682129,96.48458862304688,76.83859252929688,1.964599609375,96.48458862304688,96.48458862304688,,,,
325,1783434902.944677,,,21.4124698638916,21.4124698638916,90.65572357177734,70.81563568115234,1.9840087890625,90.65572357177734,90.65572357177734,,,,
330,1783434903.3671625,,,21.267406463623047,21.267406463623047,84.8910140991211,65.0777816772461,1.9813232421875,84.8910140991211,84.8910140991211,,,,
335,1783434903.781733,,,21.018871307373047,21.018871307373047,93.31869506835938,73.31991577148438,1.9998779296875,93.31869506835938,93.31869506835938,,,,
340,1783434904.2032757,,,20.10833168029785,20.10833168029785,96.65509796142578,75.66876983642578,2.0986328125,96.65509796142578,96.65509796142578,,,,
345,1783434904.6246767,,,21.52337646484375,21.52337646484375,94.02852630615234,73.90157318115234,2.0126953125,94.02852630615234,94.02852630615234,,,,
350,1783434905.0453124,,,20.528581619262695,20.528581619262695,99.36259460449219,79.10380554199219,2.02587890625,99.36259460449219,99.36259460449219,,,,
355,1783434905.4678528,,,18.200441360473633,18.200441360473633,86.54319763183594,67.26585388183594,1.927734375,86.54319763183594,86.54319763183594,,,,
360,1783434905.8930745,,,21.07513427734375,21.07513427734375,95.63235473632812,74.80227661132812,2.0830078125,95.63235473632812,95.63235473632812,,,,
365,1783434906.3172908,,,19.94982147216797,19.94982147216797,98.78424072265625,78.13970947265625,2.064453125,98.78424072265625,98.78424072265625,,,,
370,1783434906.736773,,,19.846281051635742,19.846281051635742,94.59211730957031,73.96467590332031,2.062744140625,94.59211730957031,94.59211730957031,,,,
375,1783434907.1596692,,,22.2718448638916,22.2718448638916,93.03526306152344,72.69590759277344,2.033935546875,93.03526306152344,93.03526306152344,,,,
380,1783434907.5730653,,,20.394512176513672,20.394512176513672,94.0982666015625,73.6966552734375,2.0401611328125,94.0982666015625,94.0982666015625,,,,
385,1783434907.9854677,,,19.563030242919922,19.563030242919922,101.54624938964844,80.10581970214844,2.14404296875,101.54624938964844,101.54624938964844,,,,
390,1783434913.1506324,,,19.23128318786621,19.23128318786621,89.22553253173828,69.61493682861328,1.9610595703125,89.22553253173828,89.22553253173828,,,,
390,1783434917.0223966,,,,,,,,,,153.98224166870116,778.7855667114258,1.535739200115204,1.535739200115204
390,1783434917.677087,650.6936649999773,259.1676893234253,,,,,,,,,,,
390,1783434918.3491573,667.9348079999841,259.1676893234253,,,,,,,,,,,
395,1783434918.8787315,,,20.540306091308594,20.540306091308594,90.91600036621094,69.71971130371094,2.11962890625,90.91600036621094,90.91600036621094,,,,
400,1783434919.3056605,,,19.997047424316406,19.997047424316406,93.31388092041016,72.74259185791016,2.05712890625,93.31388092041016,93.31388092041016,,,,
405,1783434919.7262447,,,21.1467227935791,21.1467227935791,90.0016098022461,69.4181137084961,2.058349609375,90.0016098022461,90.0016098022461,,,,
410,1783434920.1674018,,,20.28923988342285,20.28923988342285,92.48323059082031,71.92903137207031,2.055419921875,92.48323059082031,92.48323059082031,,,,
415,1783434920.5885544,,,20.50855827331543,20.50855827331543,90.45252227783203,69.42469024658203,2.102783203125,90.45252227783203,90.45252227783203,,,,
420,1783434921.009688,,,23.433624267578125,23.433624267578125,84.16533660888672,66.26738739013672,1.789794921875,84.16533660888672,84.16533660888672,,,,
425,1783434921.4322128,,,23.671157836914062,23.671157836914062,87.00939178466797,67.39391326904297,1.9615478515625,87.00939178466797,87.00939178466797,,,,
430,1783434921.8524034,,,22.162282943725586,22.162282943725586,88.52970886230469,68.79582214355469,1.973388671875,88.52970886230469,88.52970886230469,,,,
435,1783434922.2717953,,,22.62839126586914,22.62839126586914,94.1496353149414,73.4953384399414,2.0654296875,94.1496353149414,94.1496353149414,,,,
440,1783434922.6883607,,,21.552900314331055,21.552900314331055,95.49240112304688,75.13839721679688,2.035400390625,95.49240112304688,95.49240112304688,,,,
445,1783434923.1049645,,,22.35542869567871,22.35542869567871,91.12057495117188,70.69332885742188,2.042724609375,91.12057495117188,91.12057495117188,,,,
450,1783434923.5254135,,,21.586238861083984,21.586238861083984,94.33906555175781,72.56172180175781,2.177734375,94.33906555175781,94.33906555175781,,,,
455,1783434923.942171,,,22.012117385864258,22.012117385864258,92.13861846923828,69.91205596923828,2.22265625,92.13861846923828,92.13861846923828,,,,
460,1783434924.3634195,,,18.973724365234375,18.973724365234375,100.73689270019531,79.82624816894531,2.091064453125,100.73689270019531,100.73689270019531,,,,
465,1783434924.7814016,,,21.828332901000977,21.828332901000977,89.93573760986328,68.94940948486328,2.0986328125,89.93573760986328,89.93573760986328,,,,
470,1783434925.2011976,,,20.897748947143555,20.897748947143555,84.69656372070312,65.78054809570312,1.8916015625,84.69656372070312,84.69656372070312,,,,
475,1783434925.6152031,,,18.378175735473633,18.378175735473633,88.25799560546875,68.60467529296875,1.96533203125,88.25799560546875,88.25799560546875,,,,
480,1783434926.030633,,,20.053409576416016,20.053409576416016,103.1160888671875,82.0174560546875,2.10986328125,103.1160888671875,103.1160888671875,,,,
485,1783434926.447728,,,21.876251220703125,21.876251220703125,84.83297729492188,65.26266479492188,1.95703125,84.83297729492188,84.83297729492188,,,,
490,1783434926.8665862,,,23.46919059753418,23.46919059753418,117.76801300048828,98.56269073486328,1.9205322265625,117.76801300048828,117.76801300048828,,,,
495,1783434927.2886083,,,21.021072387695312,21.021072387695312,96.37244415283203,74.94910430908203,2.142333984375,96.37244415283203,96.37244415283203,,,,
500,1783434927.7422006,,,25.027143478393555,25.027143478393555,87.7729263305664,67.4946060180664,2.02783203125,87.7729263305664,87.7729263305664,,,,
505,1783434928.1645858,,,24.1368408203125,24.1368408203125,89.20974731445312,67.97927856445312,2.123046875,89.20974731445312,89.20974731445312,,,,
510,1783434928.5856667,,,22.53795051574707,22.53795051574707,87.94931030273438,67.69174194335938,2.0257568359375,87.94931030273438,87.94931030273438,,,,
515,1783434929.0008388,,,22.813642501831055,22.813642501831055,92.55299377441406,70.17018127441406,2.23828125,92.55299377441406,92.55299377441406,,,,
520,1783434929.4202437,,,22.12887954711914,22.12887954711914,90.11582946777344,69.91319274902344,2.020263671875,90.11582946777344,90.11582946777344,,,,
525,1783434929.8416665,,,22.896957397460938,22.896957397460938,90.65478515625,70.01513671875,2.06396484375,90.65478515625,90.65478515625,,,,
530,1783434930.2659261,,,24.733388900756836,24.733388900756836,79.78256225585938,61.40488052368164,1.8377685546875,79.78256225585938,79.78256225585938,,,,
535,1783434930.6874278,,,23.579221725463867,23.579221725463867,89.28816223144531,68.90608215332031,2.0382080078125,89.28816223144531,89.28816223144531,,,,
540,1783434931.1103537,,,22.671783447265625,22.671783447265625,85.28334045410156,65.58363342285156,1.969970703125,85.28334045410156,85.28334045410156,,,,
545,1783434931.530952,,,23.037302017211914,23.037302017211914,95.85105895996094,75.94383239746094,1.99072265625,95.85105895996094,95.85105895996094,,,,
550,1783434931.952087,,,21.777053833007812,21.777053833007812,91.92015075683594,70.98753356933594,2.09326171875,91.92015075683594,91.92015075683594,,,,
555,1783434932.374318,,,23.29038429260254,23.29038429260254,90.1177749633789,68.8311538696289,2.128662109375,90.1177749633789,90.1177749633789,,,,
560,1783434932.7972069,,,20.570337295532227,20.570337295532227,99.85858154296875,79.04803466796875,2.0810546875,99.85858154296875,99.85858154296875,,,,
565,1783434933.2215583,,,24.174224853515625,24.174224853515625,90.32763671875,71.3701171875,1.895751953125,90.32763671875,90.32763671875,,,,
570,1783434933.6445816,,,21.200336456298828,21.200336456298828,88.18131256103516,67.32926177978516,2.085205078125,88.18131256103516,88.18131256103516,,,,
575,1783434934.0639591,,,24.203250885009766,24.203250885009766,91.79557037353516,69.65201568603516,2.21435546875,91.79557037353516,91.79557037353516,,,,
580,1783434934.4854693,,,22.731874465942383,22.731874465942383,94.08879089355469,72.26750183105469,2.18212890625,94.08879089355469,94.08879089355469,,,,
585,1783434934.9055212,,,24.24703598022461,24.24703598022461,89.95491027832031,70.77766418457031,1.917724609375,89.95491027832031,89.95491027832031,,,,
590,1783434935.329467,,,21.959033966064453,21.959033966064453,93.238037109375,72.9755859375,2.0262451171875,93.238037109375,93.238037109375,,,,
595,1783434935.7525487,,,22.68234634399414,22.68234634399414,92.24722290039062,70.92886352539062,2.1318359375,92.24722290039062,92.24722290039062,,,,
600,1783434936.1745825,,,20.945125579833984,20.945125579833984,87.68392181396484,67.06136322021484,2.062255859375,87.68392181396484,87.68392181396484,,,,
605,1783434936.5987313,,,25.78921890258789,25.78921890258789,92.83570861816406,73.27394104003906,1.9561767578125,92.83570861816406,92.83570861816406,,,,
610,1783434937.0229552,,,22.59117889404297,22.59117889404297,86.788818359375,67.308837890625,1.947998046875,86.788818359375,86.788818359375,,,,
615,1783434937.4473913,,,24.577205657958984,24.577205657958984,98.39143371582031,77.82014465332031,2.05712890625,98.39143371582031,98.39143371582031,,,,
620,1783434937.8675323,,,27.07400894165039,27.07400894165039,78.73027038574219,59.36626052856445,1.9364013671875,78.73027038574219,78.73027038574219,,,,
625,1783434938.2939887,,,22.91376495361328,22.91376495361328,94.20790100097656,74.88783264160156,1.9320068359375,94.20790100097656,94.20790100097656,,,,
630,1783434938.716966,,,25.383255004882812,25.383255004882812,84.82330322265625,66.38092041015625,1.84423828125,84.82330322265625,84.82330322265625,,,,
635,1783434939.138912,,,18.274478912353516,18.274478912353516,92.02373504638672,71.44756317138672,2.0576171875,92.02373504638672,92.02373504638672,,,,
640,1783434939.5608146,,,24.050426483154297,24.050426483154297,102.49799346923828,81.54096221923828,2.095703125,102.49799346923828,102.49799346923828,,,,
645,1783434939.9843342,,,24.35262107849121,24.35262107849121,86.78155517578125,67.56036376953125,1.922119140625,86.78155517578125,86.78155517578125,,,,
650,1783434940.4063106,,,22.815174102783203,22.815174102783203,88.65496826171875,68.91375732421875,1.97412109375,88.65496826171875,88.65496826171875,,,,
655,1783434940.826736,,,24.391592025756836,24.391592025756836,91.17028045654297,70.22789764404297,2.09423828125,91.17028045654297,91.17028045654297,,,,
660,1783434941.2516382,,,26.169776916503906,26.169776916503906,87.71366882324219,66.31962585449219,2.139404296875,87.71366882324219,87.71366882324219,,,,
665,1783434941.6741552,,,21.850231170654297,21.850231170654297,84.23604583740234,64.03462982177734,2.0201416015625,84.23604583740234,84.23604583740234,,,,
670,1783434942.0990918,,,22.57225799560547,22.57225799560547,98.62608337402344,77.15879821777344,2.146728515625,98.62608337402344,98.62608337402344,,,,
675,1783434942.5228975,,,20.112119674682617,20.112119674682617,84.22984313964844,63.36558532714844,2.08642578125,84.22984313964844,84.22984313964844,,,,
680,1783434942.9466064,,,22.726783752441406,22.726783752441406,91.99952697753906,72.03248596191406,1.9967041015625,91.99952697753906,91.99952697753906,,,,
685,1783434943.3702924,,,24.343095779418945,24.343095779418945,92.7570571899414,72.4958267211914,2.026123046875,92.7570571899414,92.7570571899414,,,,
690,1783434943.7922137,,,22.85797691345215,22.85797691345215,88.20278930664062,67.60464477539062,2.059814453125,88.20278930664062,88.20278930664062,,,,
695,1783434944.217751,,,22.889158248901367,22.889158248901367,85.963134765625,65.494384765625,2.046875,85.963134765625,85.963134765625,,,,
700,1783434944.6435792,,,24.073057174682617,24.073057174682617,91.5879135131836,70.5381088256836,2.10498046875,91.5879135131836,91.5879135131836,,,,
705,1783434945.0694878,,,25.009811401367188,25.009811401367188,86.08950805664062,66.10049438476562,1.9989013671875,86.08950805664062,86.08950805664062,,,,
710,1783434945.4987464,,,23.954004287719727,23.954004287719727,82.2908935546875,62.7523193359375,1.953857421875,82.2908935546875,82.2908935546875,,,,
715,1783434945.9255831,,,24.048660278320312,24.048660278320312,89.15019226074219,67.85868835449219,2.129150390625,89.15019226074219,89.15019226074219,,,,
720,1783434946.3513494,,,24.89052963256836,24.89052963256836,85.9546890258789,65.4249038696289,2.052978515625,85.9546890258789,85.9546890258789,,,,
725,1783434946.7744975,,,24.89468765258789,24.89468765258789,84.17306518554688,65.28390502929688,1.888916015625,84.17306518554688,84.17306518554688,,,,
730,1783434947.1965961,,,23.541160583496094,23.541160583496094,92.42723083496094,71.31150817871094,2.111572265625,92.42723083496094,92.42723083496094,,,,
735,1783434947.6209445,,,23.553918838500977,23.553918838500977,89.93208312988281,70.39228820800781,1.9539794921875,89.93208312988281,89.93208312988281,,,,
740,1783434948.0454283,,,24.981216430664062,24.981216430664062,91.68951416015625,72.52081298828125,1.9168701171875,91.68951416015625,91.68951416015625,,,,
745,1783434948.4683506,,,22.58238410949707,22.58238410949707,92.84664916992188,70.24411010742188,2.26025390625,92.84664916992188,92.84664916992188,,,,
750,1783434948.8943808,,,23.431840896606445,23.431840896606445,92.82353210449219,70.84843444824219,2.197509765625,92.82353210449219,92.82353210449219,,,,
755,1783434949.3189611,,,24.087324142456055,24.087324142456055,88.40158081054688,67.68136596679688,2.072021484375,88.40158081054688,88.40158081054688,,,,
760,1783434949.741228,,,22.247838973999023,22.247838973999023,94.6054458618164,71.5268325805664,2.307861328125,94.6054458618164,94.6054458618164,,,,
765,1783434950.1668203,,,21.7094783782959,21.7094783782959,84.07743072509766,64.08841705322266,1.9989013671875,84.07743072509766,84.07743072509766,,,,
770,1783434950.5833197,,,25.18720817565918,25.18720817565918,84.29228210449219,65.34452819824219,1.894775390625,84.29228210449219,84.29228210449219,,,,
775,1783434950.9982734,,,25.598447799682617,25.598447799682617,84.97344207763672,65.15410614013672,1.98193359375,84.97344207763672,84.97344207763672,,,,
780,1783434951.4099436,,,25.642534255981445,25.642534255981445,87.72044372558594,67.70457458496094,2.0015869140625,87.72044372558594,87.72044372558594,,,,
780,1783434952.6307442,,,,,,,,,,177.93216251373292,687.4741275024414,1.5432144260406495,1.5432144260406495
780,1783434953.2801085,645.8826369999997,259.1679334640503,,,,,,,,,,,
785,1783434953.7596965,,,25.15707778930664,25.15707778930664,81.92990112304688,63.319061279296875,1.861083984375,81.92990112304688,81.92990112304688,,,,
790,1783434954.1834238,,,25.90489959716797,25.90489959716797,86.83969116210938,68.21054077148438,1.8629150390625,86.83969116210938,86.83969116210938,,,,
795,1783434954.6040385,,,25.345169067382812,25.345169067382812,89.24960327148438,67.91659545898438,2.13330078125,89.24960327148438,89.24960327148438,,,,
800,1783434955.0283184,,,27.083921432495117,27.083921432495117,92.60342407226562,73.12954711914062,1.9473876953125,92.60342407226562,92.60342407226562,,,,
805,1783434955.4520059,,,22.804603576660156,22.804603576660156,88.65348815917969,67.80876159667969,2.08447265625,88.65348815917969,88.65348815917969,,,,
810,1783434955.8735895,,,23.261625289916992,23.261625289916992,88.58053588867188,68.85519409179688,1.9725341796875,88.58053588867188,88.58053588867188,,,,
815,1783434956.2969906,,,24.429601669311523,24.429601669311523,82.29794311523438,62.87167739868164,1.942626953125,82.29794311523438,82.29794311523438,,,,
820,1783434956.7165682,,,26.72731590270996,26.72731590270996,88.04576873779297,68.36071014404297,1.968505859375,88.04576873779297,88.04576873779297,,,,
825,1783434957.13954,,,23.40812873840332,23.40812873840332,92.48216247558594,70.45091247558594,2.203125,92.48216247558594,92.48216247558594,,,,
830,1783434957.5895257,,,25.161651611328125,25.161651611328125,82.53651428222656,63.15541458129883,1.9381103515625,82.53651428222656,82.53651428222656,,,,
835,1783434958.0129929,,,27.681177139282227,27.681177139282227,80.79615020751953,60.66187286376953,2.013427734375,80.79615020751953,80.79615020751953,,,,
840,1783434958.434386,,,26.286090850830078,26.286090850830078,80.661376953125,61.6171875,1.9044189453125,80.661376953125,80.661376953125,,,,
845,1783434958.854024,,,23.353544235229492,23.353544235229492,87.37025451660156,67.70594787597656,1.9664306640625,87.37025451660156,87.37025451660156,,,,
850,1783434959.271762,,,27.044979095458984,27.044979095458984,82.72894287109375,63.05975341796875,1.9669189453125,82.72894287109375,82.72894287109375,,,,
855,1783434959.6931407,,,24.840940475463867,24.840940475463867,84.47526550292969,62.30241394042969,2.21728515625,84.47526550292969,84.47526550292969,,,,
860,1783434960.1273158,,,23.25800132751465,23.25800132751465,90.99099731445312,70.42214965820312,2.056884765625,90.99099731445312,90.99099731445312,,,,
865,1783434960.548894,,,24.408918380737305,24.408918380737305,80.90476989746094,60.74363327026367,2.01611328125,80.90476989746094,80.90476989746094,,,,
870,1783434960.9723287,,,23.510086059570312,23.510086059570312,86.69509887695312,66.82693481445312,1.98681640625,86.69509887695312,86.69509887695312,,,,
875,1783434961.3999074,,,24.224285125732422,24.224285125732422,87.35516357421875,67.23309326171875,2.01220703125,87.35516357421875,87.35516357421875,,,,
880,1783434961.8202205,,,23.548290252685547,23.548290252685547,86.24295043945312,66.03421020507812,2.0208740234375,86.24295043945312,86.24295043945312,,,,
885,1783434962.240431,,,23.88878059387207,23.88878059387207,88.06480407714844,65.93589782714844,2.212890625,88.06480407714844,88.06480407714844,,,,
890,1783434962.6587334,,,23.388296127319336,23.388296127319336,90.15513610839844,71.08409118652344,1.9071044921875,90.15513610839844,90.15513610839844,,,,
895,1783434963.0764506,,,26.458873748779297,26.458873748779297,83.22271728515625,63.466854095458984,1.9755859375,83.22271728515625,83.22271728515625,,,,
900,1783434963.496313,,,23.745058059692383,23.745058059692383,81.13042449951172,62.24126434326172,1.888916015625,81.13042449951172,81.13042449951172,,,,
905,1783434963.9102933,,,22.956249237060547,22.956249237060547,85.36910247802734,65.50704193115234,1.9862060546875,85.36910247802734,85.36910247802734,,,,
910,1783434964.3315196,,,23.501731872558594,23.501731872558594,92.58363342285156,72.05873107910156,2.052490234375,92.58363342285156,92.58363342285156,,,,
915,1783434964.7476444,,,24.7393798828125,24.7393798828125,84.9639663696289,66.2432632446289,1.8720703125,84.9639663696289,84.9639663696289,,,,
920,1783434965.1611488,,,25.082550048828125,25.082550048828125,85.9130630493164,67.0422134399414,1.8870849609375,85.9130630493164,85.9130630493164,,,,
925,1783434965.5734262,,,22.824249267578125,22.824249267578125,89.0157699584961,67.3067855834961,2.1708984375,89.0157699584961,89.0157699584961,,,,
930,1783434965.9865835,,,24.905956268310547,24.905956268310547,83.63548278808594,63.98826217651367,1.9647216796875,83.63548278808594,83.63548278808594,,,,
935,1783434966.4012299,,,27.714717864990234,27.714717864990234,78.88018798828125,59.31109619140625,1.9569091796875,78.88018798828125,78.88018798828125,,,,
940,1783434966.8129957,,,24.25164031982422,24.25164031982422,89.11856079101562,68.31289672851562,2.08056640625,89.11856079101562,89.11856079101562,,,,
945,1783434967.2309003,,,26.65965461730957,26.65965461730957,93.93136596679688,73.57980346679688,2.03515625,93.93136596679688,93.93136596679688,,,,
950,1783434967.643206,,,23.974483489990234,23.974483489990234,90.85623931884766,69.45975494384766,2.1396484375,90.85623931884766,90.85623931884766,,,,
955,1783434968.061114,,,24.708703994750977,24.708703994750977,81.7035903930664,62.108863830566406,1.95947265625,81.7035903930664,81.7035903930664,,,,
960,1783434968.478391,,,20.36521339416504,20.36521339416504,81.38674926757812,61.927520751953125,1.9459228515625,81.38674926757812,81.38674926757812,,,,
965,1783434968.8916047,,,24.055335998535156,24.055335998535156,87.3716049194336,67.4448471069336,1.99267578125,87.3716049194336,87.3716049194336,,,,
970,1783434969.3102927,,,24.78215980529785,24.78215980529785,81.91520690917969,63.12981033325195,1.8785400390625,81.91520690917969,81.91520690917969,,,,
975,1783434969.7249823,,,25.22420883178711,25.22420883178711,85.15714263916016,65.81632232666016,1.93408203125,85.15714263916016,85.15714263916016,,,,
980,1783434970.1434302,,,24.44630241394043,24.44630241394043,88.41184997558594,68.52537536621094,1.9886474609375,88.41184997558594,88.41184997558594,,,,
985,1783434970.5576499,,,22.59100341796875,22.59100341796875,91.19035339355469,71.12443542480469,2.006591796875,91.19035339355469,91.19035339355469,,,,
990,1783434970.9717636,,,25.916427612304688,25.916427612304688,85.97393798828125,67.28985595703125,1.868408203125,85.97393798828125,85.97393798828125,,,,
995,1783434971.385776,,,21.290538787841797,21.290538787841797,88.35432434082031,67.42414855957031,2.093017578125,88.35432434082031,88.35432434082031,,,,
1000,1783434971.799523,,,25.19500160217285,25.19500160217285,82.22164154052734,62.133750915527344,2.0087890625,82.22164154052734,82.22164154052734,,,,
1005,1783434972.2138212,,,24.556732177734375,24.556732177734375,92.41035461425781,72.22236633300781,2.018798828125,92.41035461425781,92.41035461425781,,,,
1010,1783434972.6293008,,,24.247310638427734,24.247310638427734,89.02201843261719,68.70097351074219,2.0321044921875,89.02201843261719,89.02201843261719,,,,
1015,1783434973.0464559,,,23.166093826293945,23.166093826293945,87.98926544189453,67.02735137939453,2.09619140625,87.98926544189453,87.98926544189453,,,,
1020,1783434973.461978,,,24.385395050048828,24.385395050048828,83.09620666503906,62.44801330566406,2.0648193359375,83.09620666503906,83.09620666503906,,,,
1025,1783434973.8762078,,,25.284046173095703,25.284046173095703,84.37712860107422,64.83733367919922,1.9539794921875,84.37712860107422,84.37712860107422,,,,
1030,1783434974.2916996,,,25.176692962646484,25.176692962646484,88.23004913330078,67.42682647705078,2.080322265625,88.23004913330078,88.23004913330078,,,,
1035,1783434974.7073548,,,23.809011459350586,23.809011459350586,88.58121490478516,67.98307037353516,2.059814453125,88.58121490478516,88.58121490478516,,,,
1040,1783434975.1261303,,,25.402183532714844,25.402183532714844,80.72227478027344,60.97129821777344,1.97509765625,80.72227478027344,80.72227478027344,,,,
1045,1783434975.54143,,,23.941133499145508,23.941133499145508,97.01109313964844,75.35581970214844,2.16552734375,97.01109313964844,97.01109313964844,,,,
1050,1783434975.9572475,,,23.48660659790039,23.48660659790039,87.29961395263672,66.80034637451172,2.0499267578125,87.29961395263672,87.29961395263672,,,,
1055,1783434976.3729339,,,25.720184326171875,25.720184326171875,84.84698486328125,64.62725830078125,2.02197265625,84.84698486328125,84.84698486328125,,,,
1060,1783434976.7890937,,,26.584335327148438,26.584335327148438,86.1563491821289,66.3125991821289,1.984375,86.1563491821289,86.1563491821289,,,,
1065,1783434977.20508,,,26.669527053833008,26.669527053833008,83.1316146850586,62.101341247558594,2.10302734375,83.1316146850586,83.1316146850586,,,,
1070,1783434977.6198814,,,19.959774017333984,19.959774017333984,85.43122100830078,64.70124053955078,2.072998046875,85.43122100830078,85.43122100830078,,,,
1075,1783434978.0366747,,,23.98434829711914,23.98434829711914,80.8941879272461,60.274070739746094,2.06201171875,80.8941879272461,80.8941879272461,,,,
1080,1783434978.450955,,,24.706302642822266,24.706302642822266,106.81602478027344,86.61582946777344,2.02001953125,106.81602478027344,106.81602478027344,,,,
1085,1783434978.8657708,,,22.225820541381836,22.225820541381836,83.13375091552734,62.591758728027344,2.05419921875,83.13375091552734,83.13375091552734,,,,
1090,1783434979.2816966,,,26.51239013671875,26.51239013671875,85.94075012207031,65.39631652832031,2.054443359375,85.94075012207031,85.94075012207031,,,,
1095,1783434979.6954975,,,28.373977661132812,28.373977661132812,72.05155181884766,51.548622131347656,2.05029296875,72.05155181884766,72.05155181884766,,,,
1100,1783434980.1126013,,,23.694232940673828,23.694232940673828,88.60948944091797,67.73302459716797,2.087646484375,88.60948944091797,88.60948944091797,,,,
1105,1783434980.5282032,,,20.622861862182617,20.622861862182617,82.7435302734375,62.5848388671875,2.015869140625,82.7435302734375,82.7435302734375,,,,
1110,1783434980.942928,,,23.52988052368164,23.52988052368164,87.32997131347656,66.36073303222656,2.096923828125,87.32997131347656,87.32997131347656,,,,
1115,1783434981.3611023,,,26.451488494873047,26.451488494873047,71.78691864013672,52.73296356201172,1.9053955078125,71.78691864013672,71.78691864013672,,,,
1120,1783434981.7730021,,,23.199316024780273,23.199316024780273,85.32025146484375,65.32635498046875,1.9993896484375,85.32025146484375,85.32025146484375,,,,
1125,1783434982.1884766,,,27.471450805664062,27.471450805664062,92.93509674072266,72.48099517822266,2.04541015625,92.93509674072266,92.93509674072266,,,,
1130,1783434982.6023767,,,24.650623321533203,24.650623321533203,94.45748138427734,73.85689544677734,2.06005859375,94.45748138427734,94.45748138427734,,,,
1135,1783434983.0177252,,,24.1649112701416,24.1649112701416,87.20840454101562,67.81631469726562,1.939208984375,87.20840454101562,87.20840454101562,,,,
1140,1783434983.430135,,,21.49748992919922,21.49748992919922,91.97976684570312,70.53933715820312,2.14404296875,91.97976684570312,91.97976684570312,,,,
1145,1783434983.8431623,,,22.628150939941406,22.628150939941406,87.82099151611328,65.75556182861328,2.20654296875,87.82099151611328,87.82099151611328,,,,
1150,1783434984.2608964,,,22.646018981933594,22.646018981933594,86.49640655517578,65.21955108642578,2.127685546875,86.49640655517578,86.49640655517578,,,,
1155,1783434984.6744907,,,26.320011138916016,26.320011138916016,85.5812759399414,64.7536392211914,2.082763671875,85.5812759399414,85.5812759399414,,,,
1160,1783434985.0867224,,,21.249006271362305,21.249006271362305,93.73347473144531,72.70198059082031,2.1031494140625,93.73347473144531,93.73347473144531,,,,
1165,1783434985.4990835,,,22.67375373840332,22.67375373840332,87.64160919189453,68.50830841064453,1.913330078125,87.64160919189453,87.64160919189453,,,,
1170,1783434985.9005275,,,28.007001876831055,28.007001876831055,142.41549682617188,121.02145385742188,2.139404296875,142.41549682617188,142.41549682617188,,,,
1170,1783434986.9326994,,,,,,,,,,145.05691970825194,804.2979962158203,1.5425609683990478,1.5425609683990478
1170,1783434987.564407,628.4773179999945,259.1679334640503,,,,,,,,,,,
1175,1783434988.0312517,,,23.97103500366211,23.97103500366211,93.34284973144531,72.13191223144531,2.12109375,93.34284973144531,93.34284973144531,,,,
1180,1783434988.442512,,,22.509218215942383,22.509218215942383,93.77906036376953,72.45093536376953,2.1328125,93.77906036376953,93.77906036376953,,,,
1185,1783434988.8553529,,,22.484275817871094,22.484275817871094,83.52562713623047,62.68822479248047,2.083740234375,83.52562713623047,83.52562713623047,,,,
1190,1783434989.271959,,,26.131298065185547,26.131298065185547,84.9171142578125,64.6363525390625,2.028076171875,84.9171142578125,84.9171142578125,,,,
1195,1783434989.6859405,,,28.06302261352539,28.06302261352539,80.206787109375,60.70361328125,1.9503173828125,80.206787109375,80.206787109375,,,,
1200,1783434990.1036546,,,25.196861267089844,25.196861267089844,87.93028259277344,67.40415954589844,2.0526123046875,87.93028259277344,87.93028259277344,,,,
1205,1783434990.5190895,,,19.876869201660156,19.876869201660156,153.53482055664062,132.64004516601562,2.0894775390625,153.53482055664062,153.53482055664062,,,,
1210,1783434990.9344084,,,17.14470100402832,17.14470100402832,152.16326904296875,131.34539794921875,2.081787109375,152.16326904296875,152.16326904296875,,,,
1215,1783434991.3496366,,,18.228853225708008,18.228853225708008,147.90467834472656,126.44471740722656,2.14599609375,147.90467834472656,147.90467834472656,,,,
1220,1783434991.77651,,,23.764867782592773,23.764867782592773,72.00959777832031,53.38410568237305,1.862548828125,72.00959777832031,72.00959777832031,,,,
1225,1783434992.194645,,,29.225563049316406,29.225563049316406,73.04336547851562,53.50113296508789,1.9542236328125,73.04336547851562,73.04336547851562,,,,
1230,1783434992.6099358,,,28.493131637573242,28.493131637573242,81.03477478027344,60.41465377807617,2.06201171875,81.03477478027344,81.03477478027344,,,,
1235,1783434993.0268831,,,21.195005416870117,21.195005416870117,83.10775756835938,62.26302719116211,2.08447265625,83.10775756835938,83.10775756835938,,,,
1240,1783434993.4426744,,,27.111631393432617,27.111631393432617,102.72361755371094,82.93846130371094,1.978515625,102.72361755371094,102.72361755371094,,,,
1245,1783434993.858455,,,26.725019454956055,26.725019454956055,79.42891693115234,58.657432556152344,2.0771484375,79.42891693115234,79.42891693115234,,,,
1250,1783434994.2736132,,,23.028959274291992,23.028959274291992,90.5803451538086,70.3410873413086,2.02392578125,90.5803451538086,90.5803451538086,,,,
1255,1783434994.6874151,,,25.675830841064453,25.675830841064453,83.86442565917969,63.18693542480469,2.0677490234375,83.86442565917969,83.86442565917969,,,,
1260,1783434995.1031473,,,27.077468872070312,27.077468872070312,78.96031188964844,60.2591438293457,1.8701171875,78.96031188964844,78.96031188964844,,,,
1265,1783434995.5164437,,,27.33238983154297,27.33238983154297,135.19717407226562,113.58828735351562,2.160888671875,135.19717407226562,135.19717407226562,,,,
1270,1783434995.934591,,,17.007823944091797,17.007823944091797,141.301513671875,119.09935760498047,2.22021484375,141.301513671875,141.301513671875,,,,
1275,1783434996.353605,,,27.90165138244629,27.90165138244629,125.1016845703125,103.0582275390625,2.204345703125,125.1016845703125,125.1016845703125,,,,
1280,1783434996.7673256,,,27.325485229492188,27.325485229492188,81.46370697021484,60.328453063964844,2.113525390625,81.46370697021484,81.46370697021484,,,,
1285,1783434997.1832724,,,17.272478103637695,17.272478103637695,143.1121063232422,120.80986022949219,2.230224609375,143.1121063232422,143.1121063232422,,,,
1290,1783434997.597019,,,16.370080947875977,16.370080947875977,123.8510971069336,102.1469955444336,2.17041015625,123.8510971069336,123.8510971069336,,,,
1295,1783434998.0131302,,,17.241350173950195,17.241350173950195,76.4853744506836,56.666038513183594,1.98193359375,76.4853744506836,76.4853744506836,,,,
1300,1783434998.427306,,,24.188919067382812,24.188919067382812,121.14302825927734,97.84224700927734,2.330078125,121.14302825927734,121.14302825927734,,,,
1305,1783434998.842051,,,28.18566131591797,28.18566131591797,118.88452911376953,97.01074981689453,2.1873779296875,118.88452911376953,118.88452911376953,,,,
1310,1783434999.2578146,,,14.2312593460083,14.2312593460083,74.88195037841797,54.13732147216797,2.074462890625,74.88195037841797,74.88195037841797,,,,
1315,1783434999.6722891,,,27.28236961364746,27.28236961364746,119.82154083251953,97.77808380126953,2.204345703125,119.82154083251953,119.82154083251953,,,,
1320,1783435000.0865247,,,29.45474624633789,29.45474624633789,109.86944580078125,88.33135986328125,2.15380859375,109.86944580078125,109.86944580078125,,,,
1325,1783435000.5015275,,,16.53271484375,16.53271484375,76.78756713867188,54.94186019897461,2.1845703125,76.78756713867188,76.78756713867188,,,,
1330,1783435000.916176,,,14.366663932800293,14.366663932800293,71.68794250488281,52.14936447143555,1.953857421875,71.68794250488281,71.68794250488281,,,,
1335,1783435001.3327463,,,14.445146560668945,14.445146560668945,118.69511413574219,96.61015319824219,2.20849609375,118.69511413574219,118.69511413574219,,,,
1340,1783435001.748758,,,13.654364585876465,13.654364585876465,119.34839630126953,98.59766387939453,2.0750732421875,119.34839630126953,119.34839630126953,,,,
1345,1783435002.1641128,,,27.043237686157227,27.043237686157227,120.85311889648438,99.37362670898438,2.14794921875,120.85311889648438,120.85311889648438,,,,
1350,1783435002.5789335,,,23.55605697631836,23.55605697631836,111.81208801269531,89.87361145019531,2.19384765625,111.81208801269531,111.81208801269531,,,,
1355,1783435002.9952185,,,28.424110412597656,28.424110412597656,115.59294891357422,94.15007781982422,2.144287109375,115.59294891357422,115.59294891357422,,,,
1360,1783435003.411088,,,15.837109565734863,15.837109565734863,116.83357238769531,95.06111145019531,2.17724609375,116.83357238769531,116.83357238769531,,,,
1365,1783435003.8247144,,,14.191906929016113,14.191906929016113,87.15872192382812,64.42190551757812,2.273681640625,87.15872192382812,87.15872192382812,,,,
1370,1783435004.2449152,,,24.001699447631836,24.001699447631836,114.28803253173828,91.61713409423828,2.26708984375,114.28803253173828,114.28803253173828,,,,
1375,1783435004.6603775,,,21.29343605041504,21.29343605041504,110.00224304199219,88.21025085449219,2.17919921875,110.00224304199219,110.00224304199219,,,,
1380,1783435005.0766902,,,26.449594497680664,26.449594497680664,114.3291015625,93.614990234375,2.0714111328125,114.3291015625,114.3291015625,,,,
1385,1783435005.4919012,,,24.066816329956055,24.066816329956055,117.35808563232422,94.81414031982422,2.25439453125,117.35808563232422,117.35808563232422,,,,
1390,1783435005.9044316,,,13.805464744567871,13.805464744567871,117.22897338867188,95.37594604492188,2.185302734375,117.22897338867188,117.22897338867188,,,,
1395,1783435006.3196998,,,25.07054328918457,25.07054328918457,89.91461944580078,67.18512725830078,2.27294921875,89.91461944580078,89.91461944580078,,,,
1400,1783435006.738585,,,20.59286117553711,20.59286117553711,107.92694091796875,85.54412841796875,2.23828125,107.92694091796875,107.92694091796875,,,,
1405,1783435007.1545184,,,24.784997940063477,24.784997940063477,107.0545654296875,84.0345458984375,2.302001953125,107.0545654296875,107.0545654296875,,,,
1410,1783435007.5699313,,,15.695037841796875,15.695037841796875,82.06777954101562,60.117095947265625,2.195068359375,82.06777954101562,82.06777954101562,,,,
1415,1783435007.9889758,,,16.580074310302734,16.580074310302734,85.3011245727539,62.520362854003906,2.278076171875,85.3011245727539,85.3011245727539,,,,
1420,1783435008.4023314,,,26.024139404296875,26.024139404296875,113.84308624267578,92.21710968017578,2.16259765625,113.84308624267578,113.84308624267578,,,,
1425,1783435008.819123,,,14.893921852111816,14.893921852111816,110.56603240966797,87.62413787841797,2.294189453125,110.56603240966797,110.56603240966797,,,,
1430,1783435009.235321,,,15.039737701416016,15.039737701416016,89.85535430908203,67.56287384033203,2.229248046875,89.85535430908203,89.85535430908203,,,,
1435,1783435009.6502697,,,22.23138999938965,22.23138999938965,108.41879272460938,85.38412475585938,2.303466796875,108.41879272460938,108.41879272460938,,,,
1440,1783435010.0661964,,,24.25201988220215,24.25201988220215,112.72657775878906,91.07130432128906,2.16552734375,112.72657775878906,112.72657775878906,,,,
1445,1783435010.4788768,,,15.759788513183594,15.759788513183594,111.5704116821289,90.1983413696289,2.13720703125,111.5704116821289,111.5704116821289,,,,
1450,1783435010.89338,,,15.027307510375977,15.027307510375977,89.39405822753906,68.90089416503906,2.04931640625,89.39405822753906,89.39405822753906,,,,
1455,1783435011.3115103,,,15.33342456817627,15.33342456817627,88.1628646850586,68.0835189819336,2.0079345703125,88.1628646850586,88.1628646850586,,,,
1460,1783435011.7247736,,,20.666452407836914,20.666452407836914,110.26666259765625,88.86773681640625,2.139892578125,110.26666259765625,110.26666259765625,,,,
1465,1783435012.1432714,,,14.756464958190918,14.756464958190918,112.11849212646484,90.00179290771484,2.211669921875,112.11849212646484,112.11849212646484,,,,
1470,1783435012.5605989,,,15.083281517028809,15.083281517028809,110.37626647949219,88.25956726074219,2.211669921875,110.37626647949219,110.37626647949219,,,,
1475,1783435012.9773698,,,14.084228515625,14.084228515625,111.25708770751953,89.89234161376953,2.136474609375,111.25708770751953,111.25708770751953,,,,
1480,1783435013.3967059,,,15.129426002502441,15.129426002502441,116.444580078125,96.10400390625,2.0340576171875,116.444580078125,116.444580078125,,,,
1485,1783435013.8129687,,,14.755027770996094,14.755027770996094,112.79767608642578,91.39386749267578,2.140380859375,112.79767608642578,112.79767608642578,,,,
1490,1783435014.22799,,,17.687347412109375,17.687347412109375,97.45736694335938,75.56039428710938,2.189697265625,97.45736694335938,97.45736694335938,,,,
1495,1783435014.6445172,,,14.720891952514648,14.720891952514648,96.2594985961914,74.1330337524414,2.212646484375,96.2594985961914,96.2594985961914,,,,
1500,1783435015.0623536,,,16.337982177734375,16.337982177734375,115.11756896972656,91.87049865722656,2.32470703125,115.11756896972656,115.11756896972656,,,,
1505,1783435015.4819212,,,16.73155975341797,16.73155975341797,97.11537170410156,75.99232482910156,2.1123046875,97.11537170410156,97.11537170410156,,,,
1510,1783435015.901877,,,23.014415740966797,23.014415740966797,110.23160552978516,89.34049224853516,2.089111328125,110.23160552978516,110.23160552978516,,,,
1515,1783435016.3225925,,,19.069766998291016,19.069766998291016,109.5462646484375,88.2181396484375,2.1328125,109.5462646484375,109.5462646484375,,,,
1520,1783435016.739648,,,21.477880477905273,21.477880477905273,113.25361633300781,90.89277648925781,2.236083984375,113.25361633300781,113.25361633300781,,,,
1525,1783435017.1587145,,,20.119760513305664,20.119760513305664,107.28834533691406,84.34400939941406,2.29443359375,107.28834533691406,107.28834533691406,,,,
1530,1783435017.5745203,,,15.747613906860352,15.747613906860352,114.82511901855469,92.89640808105469,2.19287109375,114.82511901855469,114.82511901855469,,,,
1535,1783435017.9938693,,,14.140355110168457,14.140355110168457,112.9786376953125,91.5748291015625,2.140380859375,112.9786376953125,112.9786376953125,,,,
1540,1783435018.4111931,,,14.951295852661133,14.951295852661133,113.43186950683594,89.78440856933594,2.36474609375,113.43186950683594,113.43186950683594,,,,
1545,1783435018.8262892,,,15.120532035827637,15.120532035827637,113.01310729980469,91.74845886230469,2.12646484375,113.01310729980469,113.01310729980469,,,,
1550,1783435019.2415419,,,14.375467300415039,14.375467300415039,108.90583038330078,88.24420928955078,2.066162109375,108.90583038330078,108.90583038330078,,,,
1555,1783435019.6573534,,,19.730331420898438,19.730331420898438,109.4198989868164,86.9296646118164,2.2490234375,109.4198989868164,109.4198989868164,,,,
1560,1783435020.064048,,,14.836797714233398,14.836797714233398,99.01740264892578,77.14972686767578,2.186767578125,99.01740264892578,99.01740264892578,,,,
1560,1783435021.1116252,,,,,,,,,,162.1669718170166,710.0603776550292,1.5305844950675964,1.5305844950675964
1560,1783435021.7478945,633.5131839999804,259.1679334640503,,,,,,,,,,,
1560,1783435022.3794768,628.0550560000506,259.1679334640503,,,,,,,,,,,
1565,1783435022.8520005,,,16.922937393188477,16.922937393188477,111.1971435546875,88.9559326171875,2.22412109375,111.1971435546875,111.1971435546875,,,,
1570,1783435023.2682717,,,18.625768661499023,18.625768661499023,103.7647705078125,80.5469970703125,2.32177734375,103.7647705078125,103.7647705078125,,,,
1575,1783435023.682327,,,16.516292572021484,16.516292572021484,112.45701599121094,90.72117614746094,2.173583984375,112.45701599121094,112.45701599121094,,,,
1580,1783435024.0974915,,,16.401384353637695,16.401384353637695,113.30939483642578,90.82404327392578,2.24853515625,113.30939483642578,113.30939483642578,,,,
1585,1783435024.512438,,,16.221080780029297,16.221080780029297,103.51599884033203,81.56043243408203,2.195556640625,103.51599884033203,103.51599884033203,,,,
1590,1783435024.9284787,,,13.72230052947998,13.72230052947998,109.4615249633789,89.5860366821289,1.987548828125,109.4615249633789,109.4615249633789,,,,
1595,1783435025.344886,,,16.734880447387695,16.734880447387695,101.7398681640625,79.6549072265625,2.20849609375,101.7398681640625,101.7398681640625,,,,
1600,1783435025.7599895,,,19.377975463867188,19.377975463867188,104.79205322265625,83.13922119140625,2.165283203125,104.79205322265625,104.79205322265625,,,,
1605,1783435026.1767614,,,18.70852279663086,18.70852279663086,101.22740173339844,78.64439392089844,2.25830078125,101.22740173339844,101.22740173339844,,,,
1610,1783435026.5945432,,,16.05434799194336,16.05434799194336,105.49909973144531,83.52644348144531,2.197265625,105.49909973144531,105.49909973144531,,,,
1615,1783435027.011513,,,15.539186477661133,15.539186477661133,107.78854370117188,86.04782104492188,2.174072265625,107.78854370117188,107.78854370117188,,,,
1620,1783435027.4271,,,14.343812942504883,14.343812942504883,104.11019897460938,81.96664428710938,2.21435546875,104.11019897460938,104.11019897460938,,,,
1625,1783435027.8418558,,,17.637859344482422,17.637859344482422,107.88346862792969,87.23039245605469,2.0653076171875,107.88346862792969,107.88346862792969,,,,
1630,1783435028.257726,,,17.842397689819336,17.842397689819336,109.03585815429688,88.70870971679688,2.03271484375,109.03585815429688,109.03585815429688,,,,
1635,1783435028.6788032,,,19.030563354492188,19.030563354492188,111.82551574707031,91.71809387207031,2.0107421875,111.82551574707031,111.82551574707031,,,,
1640,1783435029.0936286,,,17.44232940673828,17.44232940673828,109.36354064941406,86.54127502441406,2.2822265625,109.36354064941406,109.36354064941406,,,,
1645,1783435029.5081534,,,16.950944900512695,16.950944900512695,103.30696105957031,81.49055480957031,2.181640625,103.30696105957031,103.30696105957031,,,,
1650,1783435029.9232087,,,17.518129348754883,17.518129348754883,103.44221496582031,82.03352355957031,2.140869140625,103.44221496582031,103.44221496582031,,,,
1655,1783435030.3373225,,,18.185827255249023,18.185827255249023,105.7646484375,83.70654296875,2.205810546875,105.7646484375,105.7646484375,,,,
1660,1783435030.7506738,,,15.66122055053711,15.66122055053711,92.59362030029297,71.46569061279297,2.11279296875,92.59362030029297,92.59362030029297,,,,
1665,1783435031.1676223,,,15.224597930908203,15.224597930908203,115.6872787475586,92.2058334350586,2.34814453125,115.6872787475586,115.6872787475586,,,,
1670,1783435031.5826612,,,14.420989990234375,14.420989990234375,111.453857421875,89.927978515625,2.152587890625,111.453857421875,111.453857421875,,,,
1675,1783435031.9966803,,,15.072093963623047,15.072093963623047,109.42237091064453,87.23731231689453,2.218505859375,109.42237091064453,109.42237091064453,,,,
1680,1783435032.410671,,,15.555708885192871,15.555708885192871,107.02798461914062,85.96597290039062,2.106201171875,107.02798461914062,107.02798461914062,,,,
1685,1783435032.8268557,,,15.260130882263184,15.260130882263184,103.01997375488281,82.61836242675781,2.0401611328125,103.01997375488281,103.01997375488281,,,,
1690,1783435033.2449613,,,16.496244430541992,16.496244430541992,111.20226287841797,89.39318084716797,2.180908203125,111.20226287841797,111.20226287841797,,,,
1695,1783435033.6596138,,,14.488285064697266,14.488285064697266,105.48619079589844,85.26646423339844,2.02197265625,105.48619079589844,105.48619079589844,,,,
1700,1783435034.074336,,,12.423473358154297,12.423473358154297,110.65912628173828,89.63861846923828,2.10205078125,110.65912628173828,110.65912628173828,,,,
1705,1783435034.4897287,,,16.28376579284668,16.28376579284668,106.21647644042969,84.91032409667969,2.130615234375,106.21647644042969,106.21647644042969,,,,
1710,1783435034.9042857,,,17.180633544921875,17.180633544921875,106.46975708007812,84.90969848632812,2.156005859375,106.46975708007812,106.46975708007812,,,,
1715,1783435035.3202806,,,15.495985984802246,15.495985984802246,107.02510833740234,84.08077239990234,2.29443359375,107.02510833740234,107.02510833740234,,,,
1720,1783435035.7331023,,,15.895756721496582,15.895756721496582,102.56825256347656,79.54579162597656,2.30224609375,102.56825256347656,102.56825256347656,,,,
1725,1783435036.1489542,,,16.44841766357422,16.44841766357422,106.67416381835938,84.60873413085938,2.20654296875,106.67416381835938,106.67416381835938,,,,
1730,1783435036.563227,,,17.9127254486084,17.9127254486084,97.72612762451172,75.41899871826172,2.230712890625,97.72612762451172,97.72612762451172,,,,
1735,1783435036.9777715,,,19.267763137817383,19.267763137817383,104.31331634521484,82.49935150146484,2.181396484375,104.31331634521484,104.31331634521484,,,,
1740,1783435037.3909411,,,16.838884353637695,16.838884353637695,101.97284698486328,79.75849151611328,2.221435546875,101.97284698486328,101.97284698486328,,,,
1745,1783435037.8055425,,,17.96124839782715,17.96124839782715,108.7176513671875,86.9671630859375,2.175048828125,108.7176513671875,108.7176513671875,,,,
1750,1783435038.223657,,,19.509254455566406,19.509254455566406,110.60730743408203,88.81531524658203,2.17919921875,110.60730743408203,110.60730743408203,,,,
1755,1783435038.6382446,,,15.674883842468262,15.674883842468262,101.89567565917969,80.75187683105469,2.1143798828125,101.89567565917969,101.89567565917969,,,,
1760,1783435039.0549445,,,20.040206909179688,20.040206909179688,115.49028015136719,92.84867858886719,2.26416015625,115.49028015136719,115.49028015136719,,,,
1765,1783435039.469207,,,20.343074798583984,20.343074798583984,116.8009262084961,95.5143051147461,2.128662109375,116.8009262084961,116.8009262084961,,,,
1770,1783435039.8847194,,,13.624061584472656,13.624061584472656,103.66814422607422,82.68181610107422,2.0986328125,103.66814422607422,103.66814422607422,,,,
1775,1783435040.301877,,,15.567643165588379,15.567643165588379,101.3584976196289,79.7056655883789,2.165283203125,101.3584976196289,101.3584976196289,,,,
1780,1783435040.71546,,,16.943204879760742,16.943204879760742,101.03299713134766,80.20780181884766,2.08251953125,101.03299713134766,101.03299713134766,,,,
1785,1783435041.133135,,,17.197296142578125,17.197296142578125,117.51139831542969,96.55314636230469,2.0958251953125,117.51139831542969,117.51139831542969,,,,
1790,1783435041.552105,,,17.446544647216797,17.446544647216797,102.6530990600586,79.8161849975586,2.28369140625,102.6530990600586,102.6530990600586,,,,
1795,1783435041.9684854,,,17.775548934936523,17.775548934936523,104.35704040527344,82.60166931152344,2.175537109375,104.35704040527344,104.35704040527344,,,,
1800,1783435042.3854673,,,19.32828712463379,19.32828712463379,108.52153015136719,87.22514343261719,2.129638671875,108.52153015136719,108.52153015136719,,,,
1805,1783435042.8022342,,,15.01945972442627,15.01945972442627,98.87500762939453,78.80664825439453,2.0068359375,98.87500762939453,98.87500762939453,,,,
1810,1783435043.218155,,,14.67037296295166,14.67037296295166,101.06385803222656,80.58045959472656,2.04833984375,101.06385803222656,101.06385803222656,,,,
1815,1783435043.630973,,,15.591991424560547,15.591991424560547,100.64757537841797,77.96691131591797,2.26806640625,100.64757537841797,100.64757537841797,,,,
1820,1783435044.0450768,,,20.249692916870117,20.249692916870117,100.11548614501953,78.38452911376953,2.173095703125,100.11548614501953,100.11548614501953,,,,
1825,1783435044.4603343,,,16.41611671447754,16.41611671447754,103.16273498535156,81.86390686035156,2.1298828125,103.16273498535156,103.16273498535156,,,,
1830,1783435044.8747737,,,17.17432403564453,17.17432403564453,110.51485443115234,88.57149505615234,2.1943359375,110.51485443115234,110.51485443115234,,,,
1835,1783435045.290893,,,17.108980178833008,17.108980178833008,102.35420227050781,82.65937805175781,1.969482421875,102.35420227050781,102.35420227050781,,,,
1840,1783435045.704629,,,17.8072452545166,17.8072452545166,104.3143081665039,84.2996597290039,2.00146484375,104.3143081665039,104.3143081665039,,,,
1845,1783435046.1217604,,,15.355892181396484,15.355892181396484,99.31148529052734,77.23384857177734,2.207763671875,99.31148529052734,99.31148529052734,,,,
1850,1783435046.5357218,,,17.81360626220703,17.81360626220703,115.89012145996094,93.86375427246094,2.20263671875,115.89012145996094,115.89012145996094,,,,
1855,1783435046.9494066,,,18.103254318237305,18.103254318237305,102.07318878173828,79.93695831298828,2.213623046875,102.07318878173828,102.07318878173828,,,,
1860,1783435047.366126,,,14.225845336914062,14.225845336914062,98.26663208007812,75.92044067382812,2.234619140625,98.26663208007812,98.26663208007812,,,,
1865,1783435047.7805955,,,14.259807586669922,14.259807586669922,95.36808013916016,73.97891998291016,2.138916015625,95.36808013916016,95.36808013916016,,,,
1870,1783435048.1965427,,,15.415751457214355,15.415751457214355,105.4025650024414,84.2306900024414,2.1171875,105.4025650024414,105.4025650024414,,,,
1875,1783435048.6116965,,,18.81275177001953,18.81275177001953,110.59590911865234,87.27559661865234,2.33203125,110.59590911865234,110.59590911865234,,,,
1880,1783435049.0278752,,,15.685456275939941,15.685456275939941,96.3349609375,72.80712890625,2.352783203125,96.3349609375,96.3349609375,,,,
1885,1783435049.4421291,,,16.603384017944336,16.603384017944336,97.33137512207031,75.51496887207031,2.181640625,97.33137512207031,97.33137512207031,,,,
1890,1783435049.8576872,,,18.6149845123291,18.6149845123291,109.75531768798828,89.59174346923828,2.016357421875,109.75531768798828,109.75531768798828,,,,
1895,1783435050.2727466,,,19.510164260864258,19.510164260864258,115.00856018066406,94.27125549316406,2.07373046875,115.00856018066406,115.00856018066406,,,,
1900,1783435050.6869302,,,17.400390625,17.400390625,109.4736099243164,88.0331802368164,2.14404296875,109.4736099243164,109.4736099243164,,,,
1905,1783435051.1036608,,,18.621667861938477,18.621667861938477,95.44418334960938,74.46762084960938,2.09765625,95.44418334960938,95.44418334960938,,,,
1910,1783435051.5195303,,,15.365478515625,15.365478515625,111.13785552978516,89.30924224853516,2.182861328125,111.13785552978516,111.13785552978516,,,,
1915,1783435051.9357693,,,20.227785110473633,20.227785110473633,92.95480346679688,70.65499877929688,2.22998046875,92.95480346679688,92.95480346679688,,,,
1920,1783435052.3509269,,,18.548776626586914,18.548776626586914,96.34611511230469,75.34513854980469,2.10009765625,96.34611511230469,96.34611511230469,,,,
1925,1783435052.7643838,,,18.422868728637695,18.422868728637695,105.17678833007812,84.56399536132812,2.061279296875,105.17678833007812,105.17678833007812,,,,
1930,1783435053.1806266,,,19.101253509521484,19.101253509521484,96.2623062133789,73.6939468383789,2.2568359375,96.2623062133789,96.2623062133789,,,,
1935,1783435053.594147,,,17.666406631469727,17.666406631469727,103.2440185546875,79.8529052734375,2.339111328125,103.2440185546875,103.2440185546875,,,,
1940,1783435054.0064025,,,19.283000946044922,19.283000946044922,109.51453399658203,88.31580352783203,2.119873046875,109.51453399658203,109.51453399658203,,,,
1945,1783435054.4200923,,,16.21088409423828,16.21088409423828,121.0328369140625,99.2945556640625,2.173828125,121.0328369140625,121.0328369140625,,,,
1950,1783435054.8231778,,,14.433981895446777,14.433981895446777,129.37399291992188,106.6078872680664,2.276611328125,129.37399291992188,129.37399291992188,,,,
1950,1783435055.8576922,,,,,,,,,,152.1820273208618,698.8097895812988,1.5426353764533998,1.5426353764533998
1950,1783435056.4697578,608.9108709999778,259.1679334640503,,,,,,,,,,,
1955,1783435056.9403405,,,15.169611930847168,15.169611930847168,90.1490478515625,67.3634033203125,2.278564453125,90.1490478515625,90.1490478515625,,,,
1960,1783435057.358361,,,14.284793853759766,14.284793853759766,93.40203857421875,71.48065185546875,2.192138671875,93.40203857421875,93.40203857421875,,,,
1965,1783435057.7757635,,,19.064748764038086,19.064748764038086,110.45207977294922,89.69768524169922,2.075439453125,110.45207977294922,110.45207977294922,,,,
1970,1783435058.1927056,,,19.79911231994629,19.79911231994629,93.65668487548828,72.25043487548828,2.140625,93.65668487548828,93.65668487548828,,,,
1975,1783435058.611129,,,18.033376693725586,18.033376693725586,97.7155990600586,76.5705795288086,2.114501953125,97.7155990600586,97.7155990600586,,,,
1980,1783435059.0297477,,,17.04610252380371,17.04610252380371,103.87641143798828,81.95258331298828,2.1923828125,103.87641143798828,103.87641143798828,,,,
1985,1783435059.448231,,,15.121186256408691,15.121186256408691,91.69320678710938,71.70663452148438,1.9986572265625,91.69320678710938,91.69320678710938,,,,
1990,1783435059.8663177,,,21.687061309814453,21.687061309814453,116.21812438964844,92.79527282714844,2.34228515625,116.21812438964844,116.21812438964844,,,,
1995,1783435060.2835276,,,19.67332649230957,19.67332649230957,95.57140350341797,74.77550506591797,2.07958984375,95.57140350341797,95.57140350341797,,,,
2000,1783435060.7002428,,,17.59683609008789,17.59683609008789,91.72383117675781,69.37519836425781,2.23486328125,91.72383117675781,91.72383117675781,,,,
2005,1783435061.1194248,,,15.794087409973145,15.794087409973145,91.41079711914062,70.56362915039062,2.084716796875,91.41079711914062,91.41079711914062,,,,
2010,1783435061.5393538,,,21.537595748901367,21.537595748901367,105.47905731201172,84.31206512451172,2.11669921875,105.47905731201172,105.47905731201172,,,,
2015,1783435061.9610233,,,20.77450180053711,20.77450180053711,116.84884643554688,94.09005737304688,2.27587890625,116.84884643554688,116.84884643554688,,,,
2020,1783435062.3811877,,,20.54888153076172,20.54888153076172,94.26289367675781,71.91181945800781,2.235107421875,94.26289367675781,94.26289367675781,,,,
2025,1783435062.7997015,,,15.552769660949707,15.552769660949707,91.45083618164062,69.53433227539062,2.191650390625,91.45083618164062,91.45083618164062,,,,
2030,1783435063.218307,,,20.44877815246582,20.44877815246582,108.35333251953125,85.91680908203125,2.24365234375,108.35333251953125,108.35333251953125,,,,
2035,1783435063.635484,,,20.282848358154297,20.282848358154297,91.132568359375,69.491943359375,2.1640625,91.132568359375,91.132568359375,,,,
2040,1783435064.0520291,,,15.70058536529541,15.70058536529541,93.36854553222656,71.25672912597656,2.211181640625,93.36854553222656,93.36854553222656,,,,
2045,1783435064.4674847,,,18.260160446166992,18.260160446166992,111.74781036376953,90.18286895751953,2.156494140625,111.74781036376953,111.74781036376953,,,,
2050,1783435064.8830922,,,20.540441513061523,20.540441513061523,88.31590270996094,68.34519958496094,1.9970703125,88.31590270996094,88.31590270996094,,,,
2055,1783435065.3006406,,,17.70062828063965,17.70062828063965,91.635986328125,71.3759765625,2.0260009765625,91.635986328125,91.635986328125,,,,
2060,1783435065.7167325,,,16.089366912841797,16.089366912841797,90.98290252685547,69.95751190185547,2.1025390625,90.98290252685547,90.98290252685547,,,,
2065,1783435066.1340587,,,18.66547203063965,18.66547203063965,111.80553436279297,89.06871795654297,2.273681640625,111.80553436279297,111.80553436279297,,,,
2070,1783435066.5489337,,,18.832298278808594,18.832298278808594,91.6380615234375,69.4627685546875,2.217529296875,91.6380615234375,91.6380615234375,,,,
2075,1783435066.9638438,,,20.78888511657715,20.78888511657715,116.11026000976562,94.25479125976562,2.185546875,116.11026000976562,116.11026000976562,,,,
2080,1783435067.3808253,,,17.607410430908203,17.607410430908203,113.21435546875,91.50048828125,2.17138671875,113.21435546875,113.21435546875,,,,
2085,1783435067.7964058,,,21.168657302856445,21.168657302856445,113.76873779296875,91.16131591796875,2.2607421875,113.76873779296875,113.76873779296875,,,,
2090,1783435068.2129154,,,22.8170223236084,22.8170223236084,112.00053405761719,90.85795593261719,2.1142578125,112.00053405761719,112.00053405761719,,,,
2095,1783435068.6281843,,,21.416078567504883,21.416078567504883,91.79918670654297,69.95348358154297,2.1845703125,91.79918670654297,91.79918670654297,,,,
2100,1783435069.0431988,,,20.706478118896484,20.706478118896484,94.66546630859375,72.48284912109375,2.21826171875,94.66546630859375,94.66546630859375,,,,
2105,1783435069.4573877,,,20.027963638305664,20.027963638305664,95.51205444335938,74.35726928710938,2.115478515625,95.51205444335938,95.51205444335938,,,,
2110,1783435069.87458,,,22.184219360351562,22.184219360351562,121.54936981201172,99.34233856201172,2.220703125,121.54936981201172,121.54936981201172,,,,
2115,1783435070.290605,,,16.546466827392578,16.546466827392578,97.73865509033203,74.56482696533203,2.3173828125,97.73865509033203,97.73865509033203,,,,
2120,1783435070.703858,,,14.476699829101562,14.476699829101562,91.13087463378906,69.60743713378906,2.15234375,91.13087463378906,91.13087463378906,,,,
2125,1783435071.1220975,,,15.757165908813477,15.757165908813477,88.70438385009766,67.93534088134766,2.076904296875,88.70438385009766,88.70438385009766,,,,
2130,1783435071.538388,,,21.710453033447266,21.710453033447266,113.03659057617188,91.95993041992188,2.107666015625,113.03659057617188,113.03659057617188,,,,
2135,1783435071.9549348,,,21.368873596191406,21.368873596191406,97.59183502197266,75.92679595947266,2.16650390625,97.59183502197266,97.59183502197266,,,,
2140,1783435072.3723235,,,17.27312469482422,17.27312469482422,87.01380920410156,65.81263732910156,2.1201171875,87.01380920410156,87.01380920410156,,,,
2145,1783435072.78947,,,21.802885055541992,21.802885055541992,86.43000030517578,64.76007843017578,2.1669921875,86.43000030517578,86.43000030517578,,,,
2150,1783435073.206369,,,20.129133224487305,20.129133224487305,93.48228454589844,72.92930603027344,2.0552978515625,93.48228454589844,93.48228454589844,,,,
2155,1783435073.622004,,,15.966970443725586,15.966970443725586,88.8047866821289,67.9014663696289,2.09033203125,88.8047866821289,88.8047866821289,,,,
2160,1783435074.0373497,,,20.286100387573242,20.286100387573242,92.5761947631836,70.2788314819336,2.229736328125,92.5761947631836,92.5761947631836,,,,
2165,1783435074.453896,,,13.211729049682617,13.211729049682617,89.366455078125,67.921142578125,2.14453125,89.366455078125,89.366455078125,,,,
2170,1783435074.8660362,,,16.587146759033203,16.587146759033203,90.55889129638672,69.62383270263672,2.093505859375,90.55889129638672,90.55889129638672,,,,
2175,1783435075.2817626,,,21.60016632080078,21.60016632080078,87.84794616699219,69.69853210449219,1.81494140625,87.84794616699219,87.84794616699219,,,,
2180,1783435075.6968217,,,20.331388473510742,20.331388473510742,89.56781005859375,69.60321044921875,1.9964599609375,89.56781005859375,89.56781005859375,,,,
2185,1783435076.1129675,,,24.29593849182129,24.29593849182129,135.4956817626953,114.42024230957031,2.1075439453125,135.4956817626953,135.4956817626953,,,,
2190,1783435076.528373,,,23.274938583374023,23.274938583374023,86.83658599853516,65.62808990478516,2.120849609375,86.83658599853516,86.83658599853516,,,,
2195,1783435076.9427109,,,23.532501220703125,23.532501220703125,87.67864990234375,66.85589599609375,2.082275390625,87.67864990234375,87.67864990234375,,,,
2200,1783435077.3584473,,,14.876970291137695,14.876970291137695,120.40821838378906,98.34034729003906,2.206787109375,120.40821838378906,120.40821838378906,,,,
2205,1783435077.774125,,,25.404098510742188,25.404098510742188,89.3774185180664,68.6083755493164,2.076904296875,89.3774185180664,89.3774185180664,,,,
2210,1783435078.1910486,,,25.282978057861328,25.282978057861328,89.16829681396484,67.10530853271484,2.206298828125,89.16829681396484,89.16829681396484,,,,
2215,1783435078.606873,,,27.669755935668945,27.669755935668945,81.4395980834961,60.101707458496094,2.1337890625,81.4395980834961,81.4395980834961,,,,
2220,1783435079.0196009,,,25.742324829101562,25.742324829101562,80.76045989990234,59.158897399902344,2.16015625,80.76045989990234,80.76045989990234,,,,
2225,1783435079.4355874,,,25.23571014404297,25.23571014404297,91.46642303466797,69.44493865966797,2.2021484375,91.46642303466797,91.46642303466797,,,,
2230,1783435079.852864,,,27.224693298339844,27.224693298339844,94.26815032958984,72.08553314208984,2.21826171875,94.26815032958984,94.26815032958984,,,,
2235,1783435080.2718928,,,28.469158172607422,28.469158172607422,80.3084487915039,59.226905822753906,2.108154296875,80.3084487915039,80.3084487915039,,,,
2240,1783435080.68689,,,22.061548233032227,22.061548233032227,76.57395935058594,55.97337341308594,2.06005859375,76.57395935058594,76.57395935058594,,,,
2245,1783435081.1035817,,,27.849390029907227,27.849390029907227,105.78428649902344,83.81651306152344,2.19677734375,105.78428649902344,105.78428649902344,,,,
2250,1783435081.5176315,,,26.628860473632812,26.628860473632812,82.38518524169922,61.48796844482422,2.0897216796875,82.38518524169922,82.38518524169922,,,,
2255,1783435081.9323812,,,23.429882049560547,23.429882049560547,80.60276794433594,60.1071662902832,2.049560546875,80.60276794433594,80.60276794433594,,,,
2260,1783435082.349379,,,26.235877990722656,26.235877990722656,79.39497375488281,58.30854415893555,2.108642578125,79.39497375488281,79.39497375488281,,,,
2265,1783435082.7639694,,,30.839061737060547,30.839061737060547,85.68082427978516,65.26822662353516,2.041259765625,85.68082427978516,85.68082427978516,,,,
2270,1783435083.1808712,,,26.937946319580078,26.937946319580078,80.97537231445312,60.67874526977539,2.0296630859375,80.97537231445312,80.97537231445312,,,,
2275,1783435083.5976307,,,26.222307205200195,26.222307205200195,88.74600982666016,67.42520904541016,2.132080078125,88.74600982666016,88.74600982666016,,,,
2280,1783435084.014047,,,23.58952522277832,23.58952522277832,89.14473724365234,67.63838958740234,2.150634765625,89.14473724365234,89.14473724365234,,,,
2285,1783435084.4360085,,,24.134681701660156,24.134681701660156,82.71773529052734,60.681602478027344,2.20361328125,82.71773529052734,82.71773529052734,,,,
2290,1783435084.8518527,,,26.099369049072266,26.099369049072266,84.49275207519531,62.92537307739258,2.15673828125,84.49275207519531,84.49275207519531,,,,
2295,1783435085.2710252,,,25.1203556060791,25.1203556060791,84.45690155029297,63.41442108154297,2.104248046875,84.45690155029297,84.45690155029297,,,,
2300,1783435085.685931,,,27.907262802124023,27.907262802124023,96.8057632446289,76.0098648071289,2.07958984375,96.8057632446289,96.8057632446289,,,,
2305,1783435086.1014864,,,25.995521545410156,25.995521545410156,89.12306213378906,67.98292541503906,2.114013671875,89.12306213378906,89.12306213378906,,,,
2310,1783435086.5166059,,,26.891427993774414,26.891427993774414,89.97535705566406,69.63356018066406,2.0341796875,89.97535705566406,89.97535705566406,,,,
2315,1783435086.9320376,,,25.97452163696289,25.97452163696289,85.77682495117188,65.12985229492188,2.064697265625,85.77682495117188,85.77682495117188,,,,
2320,1783435087.3488452,,,24.902572631835938,24.902572631835938,94.89231872558594,73.94383239746094,2.0948486328125,94.89231872558594,94.89231872558594,,,,
2325,1783435087.7655187,,,27.47852325439453,27.47852325439453,85.36502075195312,65.23074340820312,2.013427734375,85.36502075195312,85.36502075195312,,,,
2330,1783435088.177838,,,27.080196380615234,27.080196380615234,82.97398376464844,61.61167907714844,2.13623046875,82.97398376464844,82.97398376464844,,,,
2335,1783435088.5936606,,,27.317598342895508,27.317598342895508,83.33425903320312,62.71657943725586,2.061767578125,83.33425903320312,83.33425903320312,,,,
2340,1783435088.99953,,,25.146509170532227,25.146509170532227,86.52373504638672,66.80327606201172,1.9720458984375,86.52373504638672,86.52373504638672,,,,
2340,1783435090.0804255,,,,,,,,,,172.47483268737793,711.8623559570312,1.5827993047237396,1.5827993047237396
2340,1783435090.696529,611.8317850000494,259.1679334640503,,,,,,,,,,,
2345,1783435091.1657114,,,28.620372772216797,28.620372772216797,93.32257080078125,73.00762939453125,2.031494140625,93.32257080078125,93.32257080078125,,,,
2350,1783435091.580168,,,28.33563232421875,28.33563232421875,80.31233215332031,59.75447082519531,2.0557861328125,80.31233215332031,80.31233215332031,,,,
2355,1783435091.9947004,,,23.00027847290039,23.00027847290039,83.47537994384766,62.791786193847656,2.068359375,83.47537994384766,83.47537994384766,,,,
2360,1783435092.4117656,,,24.180049896240234,24.180049896240234,95.61880493164062,75.30630493164062,2.03125,95.61880493164062,95.61880493164062,,,,
2365,1783435092.825398,,,27.269577026367188,27.269577026367188,81.03164672851562,61.132965087890625,1.9898681640625,81.03164672851562,81.03164672851562,,,,
2370,1783435093.2434216,,,25.844709396362305,25.844709396362305,85.44309997558594,64.54710388183594,2.089599609375,85.44309997558594,85.44309997558594,,,,
2375,1783435093.6556077,,,27.415298461914062,27.415298461914062,84.93173217773438,62.48543930053711,2.24462890625,84.93173217773438,84.93173217773438,,,,
2380,1783435094.0711322,,,26.53036117553711,26.53036117553711,90.09738159179688,67.85861206054688,2.223876953125,90.09738159179688,90.09738159179688,,,,
2385,1783435094.4870272,,,24.666868209838867,24.666868209838867,92.55166625976562,69.54385375976562,2.30078125,92.55166625976562,92.55166625976562,,,,
2390,1783435094.9019842,,,26.500410079956055,26.500410079956055,88.58714294433594,68.27952575683594,2.03076171875,88.58714294433594,88.58714294433594,,,,
2395,1783435095.3164918,,,27.675432205200195,27.675432205200195,83.79431915283203,62.47351837158203,2.132080078125,83.79431915283203,83.79431915283203,,,,
2400,1783435095.7313752,,,25.59380340576172,25.59380340576172,85.03632354736328,65.49408721923828,1.9542236328125,85.03632354736328,85.03632354736328,,,,
2405,1783435096.1519275,,,28.57249641418457,28.57249641418457,89.3572998046875,68.2049560546875,2.115234375,89.3572998046875,89.3572998046875,,,,
2410,1783435096.5690722,,,24.335256576538086,24.335256576538086,86.84796142578125,66.77593994140625,2.0072021484375,86.84796142578125,86.84796142578125,,,,
2415,1783435096.9859812,,,27.584430694580078,27.584430694580078,90.17362213134766,70.36283111572266,1.9810791015625,90.17362213134766,90.17362213134766,,,,
2420,1783435097.401304,,,29.198625564575195,29.198625564575195,80.04582977294922,59.31829071044922,2.07275390625,80.04582977294922,80.04582977294922,,,,
2425,1783435097.8156767,,,26.56401252746582,26.56401252746582,91.00750732421875,70.39959716796875,2.060791015625,91.00750732421875,91.00750732421875,,,,
2430,1783435098.2336862,,,28.071212768554688,28.071212768554688,79.78925323486328,60.23114776611328,1.955810546875,79.78925323486328,79.78925323486328,,,,
2435,1783435098.6495845,,,25.021175384521484,25.021175384521484,88.11332702636719,65.29106140136719,2.2822265625,88.11332702636719,88.11332702636719,,,,
2440,1783435099.070464,,,25.969011306762695,25.969011306762695,81.735107421875,61.770511627197266,1.9964599609375,81.735107421875,81.735107421875,,,,
2445,1783435099.487967,,,25.123598098754883,25.123598098754883,81.3427505493164,60.552955627441406,2.0789794921875,81.3427505493164,81.3427505493164,,,,
2450,1783435099.9041114,,,26.919742584228516,26.919742584228516,93.1657943725586,73.3916244506836,1.9774169921875,93.1657943725586,93.1657943725586,,,,
2455,1783435100.3222861,,,26.051799774169922,26.051799774169922,89.48979949951172,67.51470184326172,2.197509765625,89.48979949951172,89.48979949951172,,,,
2460,1783435100.7406888,,,22.934093475341797,22.934093475341797,82.97210693359375,63.171085357666016,1.9801025390625,82.97210693359375,82.97210693359375,,,,
2465,1783435101.1566095,,,29.57159996032715,29.57159996032715,78.48151397705078,57.95050811767578,2.0531005859375,78.48151397705078,78.48151397705078,,,,
2470,1783435101.572849,,,30.59650993347168,30.59650993347168,76.55499267578125,57.485172271728516,1.906982421875,76.55499267578125,76.55499267578125,,,,
2475,1783435101.9900331,,,28.202442169189453,28.202442169189453,109.94065856933594,87.53099060058594,2.240966796875,109.94065856933594,109.94065856933594,,,,
2480,1783435102.4104917,,,27.001924514770508,27.001924514770508,85.70722961425781,64.23262023925781,2.1474609375,85.70722961425781,85.70722961425781,,,,
2485,1783435102.8265607,,,18.99327850341797,18.99327850341797,76.24118041992188,56.974822998046875,1.9266357421875,76.24118041992188,76.24118041992188,,,,
2490,1783435103.2441323,,,29.191123962402344,29.191123962402344,99.11036682128906,78.25831604003906,2.085205078125,99.11036682128906,99.11036682128906,,,,
2495,1783435103.6602569,,,28.194629669189453,28.194629669189453,78.80107116699219,56.60380172729492,2.2197265625,78.80107116699219,78.80107116699219,,,,
2500,1783435104.0756269,,,21.880874633789062,21.880874633789062,82.43769836425781,60.87031173706055,2.15673828125,82.43769836425781,82.43769836425781,,,,
2505,1783435104.490297,,,28.116130828857422,28.116130828857422,82.76103210449219,62.55229568481445,2.0208740234375,82.76103210449219,82.76103210449219,,,,
2510,1783435104.906463,,,27.412254333496094,27.412254333496094,85.19542694091797,64.09679412841797,2.10986328125,85.19542694091797,85.19542694091797,,,,
2515,1783435105.3232777,,,27.357593536376953,27.357593536376953,101.61360931396484,80.61507415771484,2.099853515625,101.61360931396484,101.61360931396484,,,,
2520,1783435105.737434,,,21.542016983032227,21.542016983032227,76.72898864746094,56.59592819213867,2.0133056640625,76.72898864746094,76.72898864746094,,,,
2525,1783435106.1520498,,,28.300487518310547,28.300487518310547,101.473388671875,80.8642578125,2.0609130859375,101.473388671875,101.473388671875,,,,
2530,1783435106.5679984,,,21.43085479736328,21.43085479736328,90.46533966064453,69.68286895751953,2.0782470703125,90.46533966064453,90.46533966064453,,,,
2535,1783435106.9840758,,,26.90931510925293,26.90931510925293,81.70294189453125,60.63848876953125,2.1064453125,81.70294189453125,81.70294189453125,,,,
2540,1783435107.4052718,,,25.403165817260742,25.403165817260742,102.26795959472656,80.28065490722656,2.19873046875,102.26795959472656,102.26795959472656,,,,
2545,1783435107.829607,,,29.40094566345215,29.40094566345215,80.28466796875,59.139652252197266,2.114501953125,80.28466796875,80.28466796875,,,,
2550,1783435108.252357,,,22.266658782958984,22.266658782958984,95.56041717529297,73.87096405029297,2.1689453125,95.56041717529297,95.56041717529297,,,,
2555,1783435108.6721003,,,24.526243209838867,24.526243209838867,89.85326385498047,69.88866424560547,1.9964599609375,89.85326385498047,89.85326385498047,,,,
2560,1783435109.0898051,,,26.77558135986328,26.77558135986328,99.07113647460938,77.83334350585938,2.123779296875,99.07113647460938,99.07113647460938,,,,
2565,1783435109.5051234,,,28.216846466064453,28.216846466064453,86.52762603759766,63.815223693847656,2.271240234375,86.52762603759766,86.52762603759766,,,,
2570,1783435109.922887,,,28.216854095458984,28.216854095458984,89.1842041015625,68.3126220703125,2.087158203125,89.1842041015625,89.1842041015625,,,,
2575,1783435110.3381908,,,20.32616424560547,20.32616424560547,85.72216033935547,66.48021697998047,1.9241943359375,85.72216033935547,85.72216033935547,,,,
2580,1783435110.751978,,,26.23710823059082,26.23710823059082,90.18560791015625,68.83184814453125,2.1353759765625,90.18560791015625,90.18560791015625,,,,
2585,1783435111.1675167,,,24.44916534423828,24.44916534423828,101.16950225830078,78.41803741455078,2.275146484375,101.16950225830078,101.16950225830078,,,,
2590,1783435111.5822551,,,26.24228286743164,26.24228286743164,94.0699691772461,72.0777816772461,2.19921875,94.0699691772461,94.0699691772461,,,,
2595,1783435111.9985657,,,25.619342803955078,25.619342803955078,86.99446105957031,64.82893371582031,2.216552734375,86.99446105957031,86.99446105957031,,,,
2600,1783435112.4142466,,,20.942913055419922,20.942913055419922,85.74755859375,64.904052734375,2.0843505859375,85.74755859375,85.74755859375,,,,
2605,1783435112.8299794,,,21.690149307250977,21.690149307250977,86.49726104736328,64.56122589111328,2.193603515625,86.49726104736328,86.49726104736328,,,,
2610,1783435113.246906,,,20.203166961669922,20.203166961669922,88.03294372558594,66.66087341308594,2.13720703125,88.03294372558594,88.03294372558594,,,,
2615,1783435113.6628363,,,21.836589813232422,21.836589813232422,103.87959289550781,82.56123352050781,2.1318359375,103.87959289550781,103.87959289550781,,,,
2620,1783435114.07988,,,23.300119400024414,23.300119400024414,95.02318572998047,72.42797088623047,2.259521484375,95.02318572998047,95.02318572998047,,,,
2625,1783435114.4952946,,,24.719526290893555,24.719526290893555,79.82522583007812,58.81692886352539,2.100830078125,79.82522583007812,79.82522583007812,,,,
2630,1783435114.911077,,,26.306425094604492,26.306425094604492,94.82756042480469,73.31632995605469,2.151123046875,94.82756042480469,94.82756042480469,,,,
2635,1783435115.3261204,,,24.492603302001953,24.492603302001953,94.74916076660156,73.36000061035156,2.138916015625,94.74916076660156,94.74916076660156,,,,
2640,1783435115.7411425,,,23.58922576904297,23.58922576904297,84.78790283203125,63.23028564453125,2.15576171875,84.78790283203125,84.78790283203125,,,,
2645,1783435116.1578693,,,22.074132919311523,22.074132919311523,85.33940124511719,65.37968444824219,1.9959716796875,85.33940124511719,85.33940124511719,,,,
2650,1783435116.5714831,,,22.16497230529785,22.16497230529785,89.69859313964844,68.89537048339844,2.080322265625,89.69859313964844,89.69859313964844,,,,
2655,1783435116.9882047,,,24.1260986328125,24.1260986328125,82.70260620117188,62.27047348022461,2.043212890625,82.70260620117188,82.70260620117188,,,,
2660,1783435117.404878,,,27.586204528808594,27.586204528808594,92.73047637939453,71.03369903564453,2.169677734375,92.73047637939453,92.73047637939453,,,,
2665,1783435117.8227322,,,25.3458251953125,25.3458251953125,92.1775131225586,71.4304428100586,2.07470703125,92.1775131225586,92.1775131225586,,,,
2670,1783435118.2424474,,,23.938283920288086,23.938283920288086,74.55406188964844,54.93980407714844,1.96142578125,74.55406188964844,74.55406188964844,,,,
2675,1783435118.6582558,,,27.137632369995117,27.137632369995117,88.87948608398438,68.55599975585938,2.0323486328125,88.87948608398438,88.87948608398438,,,,
2680,1783435119.0743165,,,24.968257904052734,24.968257904052734,95.63618469238281,74.01997375488281,2.16162109375,95.63618469238281,95.63618469238281,,,,
2685,1783435119.4905612,,,24.515708923339844,24.515708923339844,74.32783508300781,55.70478439331055,1.8623046875,74.32783508300781,74.32783508300781,,,,
2690,1783435119.9068444,,,22.459474563598633,22.459474563598633,102.37297058105469,80.48088073730469,2.189208984375,102.37297058105469,102.37297058105469,,,,
2695,1783435120.3225765,,,28.509082794189453,28.509082794189453,81.80371856689453,61.47779083251953,2.0325927734375,81.80371856689453,81.80371856689453,,,,
2700,1783435120.7390604,,,28.02712059020996,28.02712059020996,84.52890014648438,62.768646240234375,2.176025390625,84.52890014648438,84.52890014648438,,,,
2705,1783435121.1572652,,,27.600425720214844,27.600425720214844,89.50236511230469,67.30265808105469,2.219970703125,89.50236511230469,89.50236511230469,,,,
2710,1783435121.5729587,,,27.912405014038086,27.912405014038086,86.23808288574219,64.94657897949219,2.129150390625,86.23808288574219,86.23808288574219,,,,
2715,1783435121.9899123,,,28.175790786743164,28.175790786743164,94.32763671875,72.1328125,2.219482421875,94.32763671875,94.32763671875,,,,
2720,1783435122.4038088,,,26.65898895263672,26.65898895263672,89.43193817138672,68.11113739013672,2.132080078125,89.43193817138672,89.43193817138672,,,,
2725,1783435122.8181098,,,21.62177276611328,21.62177276611328,80.3421401977539,60.211524963378906,2.0130615234375,80.3421401977539,80.3421401977539,,,,
2730,1783435123.223164,,,29.246482849121094,29.246482849121094,85.17130279541016,63.166908264160156,2.200439453125,85.17130279541016,85.17130279541016,,,,
2730,1783435124.2690065,,,,,,,,,,152.3320486831665,1058.9772241210937,1.5817801225185395,1.5817801225185395
2730,1783435124.8969128,624.2693460000055,259.1679334640503,,,,,,,,,,,
2735,1783435125.3669233,,,25.69481086730957,25.69481086730957,87.26690673828125,65.01348876953125,2.225341796875,87.26690673828125,87.26690673828125,,,,
2740,1783435125.7826555,,,26.942642211914062,26.942642211914062,81.64329528808594,60.16868591308594,2.1474609375,81.64329528808594,81.64329528808594,,,,
2745,1783435126.2001464,,,24.83779525756836,24.83779525756836,84.57601928710938,63.18686294555664,2.138916015625,84.57601928710938,84.57601928710938,,,,
2750,1783435126.6143498,,,26.973167419433594,26.973167419433594,84.48077392578125,62.96954345703125,2.151123046875,84.48077392578125,84.48077392578125,,,,
2755,1783435127.0317712,,,26.262765884399414,26.262765884399414,98.94207763671875,76.64227294921875,2.22998046875,98.94207763671875,98.94207763671875,,,,
2760,1783435127.4474692,,,28.717525482177734,28.717525482177734,75.77046203613281,56.65424728393555,1.91162109375,75.77046203613281,75.77046203613281,,,,
2765,1783435127.8629482,,,23.293046951293945,23.293046951293945,81.39971160888672,60.72466278076172,2.0675048828125,81.39971160888672,81.39971160888672,,,,
2770,1783435128.2791073,,,23.692840576171875,23.692840576171875,84.05477142333984,62.990318298339844,2.1064453125,84.05477142333984,84.05477142333984,,,,
2775,1783435128.6955678,,,28.0195255279541,28.0195255279541,98.10456848144531,77.31233215332031,2.0792236328125,98.10456848144531,98.10456848144531,,,,
2780,1783435129.1125321,,,30.423337936401367,30.423337936401367,76.10400390625,56.866943359375,1.9237060546875,76.10400390625,76.10400390625,,,,
2785,1783435129.5262177,,,27.246112823486328,27.246112823486328,91.17239379882812,68.27444458007812,2.289794921875,91.17239379882812,91.17239379882812,,,,
2790,1783435129.9425914,,,27.900264739990234,27.900264739990234,83.82380676269531,62.35896301269531,2.146484375,83.82380676269531,83.82380676269531,,,,
2795,1783435130.358696,,,27.676464080810547,27.676464080810547,84.06495666503906,64.34571838378906,1.971923828125,84.06495666503906,84.06495666503906,,,,
2800,1783435130.7757318,,,27.50103187561035,27.50103187561035,87.1042251586914,63.583717346191406,2.35205078125,87.1042251586914,87.1042251586914,,,,
2805,1783435131.1918993,,,29.302696228027344,29.302696228027344,82.81402587890625,62.699283599853516,2.011474609375,82.81402587890625,82.81402587890625,,,,
2810,1783435131.6075602,,,24.0311222076416,24.0311222076416,83.90086364746094,63.02195739746094,2.087890625,83.90086364746094,83.90086364746094,,,,
2815,1783435132.0219193,,,26.884767532348633,26.884767532348633,85.19342041015625,62.910701751708984,2.228271484375,85.19342041015625,85.19342041015625,,,,
2820,1783435132.437511,,,27.944061279296875,27.944061279296875,85.4366683959961,65.7015609741211,1.9735107421875,85.4366683959961,85.4366683959961,,,,
2825,1783435132.8532245,,,26.84850311279297,26.84850311279297,87.87629699707031,65.59358215332031,2.228271484375,87.87629699707031,87.87629699707031,,,,
2830,1783435133.27005,,,27.578598022460938,27.578598022460938,85.31819152832031,63.69221496582031,2.16259765625,85.31819152832031,85.31819152832031,,,,
2835,1783435133.6830914,,,28.107540130615234,28.107540130615234,85.83428955078125,65.20684814453125,2.062744140625,85.83428955078125,85.83428955078125,,,,
2840,1783435134.0994413,,,29.150218963623047,29.150218963623047,84.92312622070312,64.49832153320312,2.04248046875,84.92312622070312,84.92312622070312,,,,
2845,1783435134.5150456,,,27.9777774810791,27.9777774810791,86.99980163574219,66.96928405761719,2.0030517578125,86.99980163574219,86.99980163574219,,,,
2850,1783435134.9306371,,,29.06979751586914,29.06979751586914,83.66127014160156,62.43568801879883,2.12255859375,83.66127014160156,83.66127014160156,,,,
2855,1783435135.3477554,,,26.937116622924805,26.937116622924805,86.16702270507812,63.735382080078125,2.2431640625,86.16702270507812,86.16702270507812,,,,
2860,1783435135.7627397,,,28.446666717529297,28.446666717529297,82.62161254882812,61.80374526977539,2.081787109375,82.62161254882812,82.62161254882812,,,,
2865,1783435136.1793075,,,28.97822380065918,28.97822380065918,77.15762329101562,57.778961181640625,1.9378662109375,77.15762329101562,77.15762329101562,,,,
2870,1783435136.6321657,,,27.136125564575195,27.136125564575195,85.0746078491211,62.840721130371094,2.223388671875,85.0746078491211,85.0746078491211,,,,
2875,1783435137.0478446,,,28.698169708251953,28.698169708251953,83.47332000732422,63.48674774169922,1.9986572265625,83.47332000732422,83.47332000732422,,,,
2880,1783435137.4683948,,,26.618284225463867,26.618284225463867,87.37234497070312,65.46804809570312,2.1904296875,87.37234497070312,87.37234497070312,,,,
2885,1783435137.886602,,,28.369600296020508,28.369600296020508,77.50802612304688,56.31905746459961,2.118896484375,77.50802612304688,77.50802612304688,,,,
2890,1783435138.302918,,,28.156450271606445,28.156450271606445,79.22021484375,59.214107513427734,2.0006103515625,79.22021484375,79.22021484375,,,,
2895,1783435138.7211785,,,28.27051544189453,28.27051544189453,80.65454864501953,60.23950958251953,2.04150390625,80.65454864501953,80.65454864501953,,,,
2900,1783435139.143077,,,26.304288864135742,26.304288864135742,89.15127563476562,68.35537719726562,2.07958984375,89.15127563476562,89.15127563476562,,,,
2905,1783435139.558989,,,27.546215057373047,27.546215057373047,88.42024993896484,67.52303314208984,2.0897216796875,88.42024993896484,88.42024993896484,,,,
2910,1783435139.9770792,,,29.048917770385742,29.048917770385742,90.54761505126953,69.95557403564453,2.0592041015625,90.54761505126953,90.54761505126953,,,,
2915,1783435140.396041,,,27.99222183227539,27.99222183227539,88.194091796875,67.794921875,2.0399169921875,88.194091796875,88.194091796875,,,,
2920,1783435140.8128953,,,29.816619873046875,29.816619873046875,91.18203735351562,70.93911743164062,2.0242919921875,91.18203735351562,91.18203735351562,,,,
2925,1783435141.233933,,,28.38670539855957,28.38670539855957,90.82115173339844,70.39390563964844,2.042724609375,90.82115173339844,90.82115173339844,,,,
2930,1783435141.65355,,,26.946807861328125,26.946807861328125,88.42162322998047,66.51976776123047,2.190185546875,88.42162322998047,88.42162322998047,,,,
2935,1783435142.0698085,,,30.849687576293945,30.849687576293945,85.84901428222656,64.28651428222656,2.15625,85.84901428222656,85.84901428222656,,,,
2940,1783435142.485815,,,25.996721267700195,25.996721267700195,92.29875183105469,70.14543151855469,2.21533203125,92.29875183105469,92.29875183105469,,,,
2945,1783435142.8988304,,,28.756141662597656,28.756141662597656,93.17845916748047,71.48656463623047,2.169189453125,93.17845916748047,93.17845916748047,,,,
2950,1783435143.3143642,,,29.284000396728516,29.284000396728516,80.23927307128906,59.90113830566406,2.0338134765625,80.23927307128906,80.23927307128906,,,,
2955,1783435143.7291334,,,25.930452346801758,25.930452346801758,80.58599853515625,59.952457427978516,2.0633544921875,80.58599853515625,80.58599853515625,,,,
2960,1783435144.1449695,,,28.965707778930664,28.965707778930664,93.19090270996094,73.37156677246094,1.98193359375,93.19090270996094,93.19090270996094,,,,
2965,1783435144.5610385,,,28.472593307495117,28.472593307495117,86.27989196777344,65.84898376464844,2.0430908203125,86.27989196777344,86.27989196777344,,,,
2970,1783435144.9776406,,,27.466938018798828,27.466938018798828,86.45745086669922,64.24797821044922,2.220947265625,86.45745086669922,86.45745086669922,,,,
2975,1783435145.3940427,,,27.421649932861328,27.421649932861328,88.64803314208984,66.41902923583984,2.222900390625,88.64803314208984,88.64803314208984,,,,
2980,1783435145.8090138,,,27.491943359375,27.491943359375,88.7778549194336,65.8530502319336,2.29248046875,88.7778549194336,88.7778549194336,,,,
2985,1783435146.2236934,,,26.993871688842773,26.993871688842773,87.02168273925781,65.56660461425781,2.1455078125,87.02168273925781,87.02168273925781,,,,
2990,1783435146.6372967,,,27.496932983398438,27.496932983398438,88.44477844238281,66.48677062988281,2.19580078125,88.44477844238281,88.44477844238281,,,,
2995,1783435147.0532079,,,28.895023345947266,28.895023345947266,85.553466796875,63.470947265625,2.208251953125,85.553466796875,85.553466796875,,,,
3000,1783435147.4692051,,,27.756847381591797,27.756847381591797,82.94632720947266,60.851600646972656,2.20947265625,82.94632720947266,82.94632720947266,,,,
3005,1783435147.8844233,,,28.29156494140625,28.29156494140625,79.29835510253906,58.5439567565918,2.075439453125,79.29835510253906,79.29835510253906,,,,
3010,1783435148.2984211,,,27.266183853149414,27.266183853149414,80.3343505859375,61.116817474365234,1.9217529296875,80.3343505859375,80.3343505859375,,,,
3015,1783435148.7151873,,,29.030193328857422,29.030193328857422,81.21232604980469,60.29069519042969,2.0921630859375,81.21232604980469,81.21232604980469,,,,
3020,1783435149.1326246,,,25.64775276184082,25.64775276184082,84.03224182128906,62.99220275878906,2.10400390625,84.03224182128906,84.03224182128906,,,,
3025,1783435149.548048,,,26.609676361083984,26.609676361083984,78.1201400756836,56.994651794433594,2.112548828125,78.1201400756836,78.1201400756836,,,,
3030,1783435149.9614594,,,28.373252868652344,28.373252868652344,81.87168884277344,59.5035285949707,2.23681640625,81.87168884277344,81.87168884277344,,,,
3035,1783435150.3765292,,,25.752790451049805,25.752790451049805,83.41309356689453,62.88086700439453,2.05322265625,83.41309356689453,83.41309356689453,,,,
3040,1783435150.791812,,,28.428997039794922,28.428997039794922,87.53545379638672,67.21562957763672,2.031982421875,87.53545379638672,87.53545379638672,,,,
3045,1783435151.2094357,,,28.771102905273438,28.771102905273438,81.6094970703125,60.3204345703125,2.12890625,81.6094970703125,81.6094970703125,,,,
3050,1783435151.623515,,,29.296916961669922,29.296916961669922,83.08030700683594,62.34788513183594,2.0732421875,83.08030700683594,83.08030700683594,,,,
3055,1783435152.0389123,,,27.399524688720703,27.399524688720703,84.94448852539062,63.421051025390625,2.15234375,84.94448852539062,84.94448852539062,,,,
3060,1783435152.4542558,,,29.16453742980957,29.16453742980957,82.8094482421875,60.7415771484375,2.206787109375,82.8094482421875,82.8094482421875,,,,
3065,1783435152.8710957,,,26.453304290771484,26.453304290771484,81.73854064941406,60.32496643066406,2.141357421875,81.73854064941406,81.73854064941406,,,,
3070,1783435153.289266,,,28.829265594482422,28.829265594482422,85.32357788085938,63.52425765991211,2.179931640625,85.32357788085938,85.32357788085938,,,,
3075,1783435153.7053635,,,25.417499542236328,25.417499542236328,83.92236328125,64.336181640625,1.9586181640625,83.92236328125,83.92236328125,,,,
3080,1783435154.1193392,,,26.867420196533203,26.867420196533203,83.04481506347656,62.3599967956543,2.0684814453125,83.04481506347656,83.04481506347656,,,,
3085,1783435154.5376313,,,26.331249237060547,26.331249237060547,84.6407470703125,62.730342864990234,2.1910400390625,84.6407470703125,84.6407470703125,,,,
3090,1783435154.9541519,,,28.248945236206055,28.248945236206055,85.4337158203125,62.894657135009766,2.25390625,85.4337158203125,85.4337158203125,,,,
3095,1783435155.3734505,,,26.34178352355957,26.34178352355957,81.59346008300781,60.37519454956055,2.121826171875,81.59346008300781,81.59346008300781,,,,
3100,1783435155.7917435,,,28.635807037353516,28.635807037353516,81.6736068725586,61.754173278808594,1.991943359375,81.6736068725586,81.6736068725586,,,,
3105,1783435156.210311,,,28.019033432006836,28.019033432006836,80.65400695800781,59.62373352050781,2.10302734375,80.65400695800781,80.65400695800781,,,,
3110,1783435156.6256073,,,25.43205451965332,25.43205451965332,91.48963928222656,69.62196350097656,2.186767578125,91.48963928222656,91.48963928222656,,,,
3115,1783435157.0404003,,,26.142099380493164,26.142099380493164,92.6421890258789,71.3628921508789,2.1279296875,92.6421890258789,92.6421890258789,,,,
3120,1783435157.4473853,,,25.792707443237305,25.792707443237305,91.6893539428711,69.4383773803711,2.22509765625,91.6893539428711,91.6893539428711,,,,
3120,1783435158.4935887,,,,,,,,,,173.02515090942381,801.815771484375,1.5801479160785674,1.5801479160785674
3120,1783435159.1288497,631.5775919999851,259.1679334640503,,,,,,,,,,,
3125,1783435159.5942893,,,26.529115676879883,26.529115676879883,85.48155212402344,64.82115173339844,2.0660400390625,85.48155212402344,85.48155212402344,,,,
3130,1783435160.0111575,,,26.2060546875,26.2060546875,86.44489288330078,65.30475616455078,2.114013671875,86.44489288330078,86.44489288330078,,,,
3135,1783435160.429686,,,28.80634880065918,28.80634880065918,79.33975219726562,58.48770523071289,2.085205078125,79.33975219726562,79.33975219726562,,,,
3140,1783435160.8490918,,,28.409608840942383,28.409608840942383,86.35818481445312,65.23269653320312,2.112548828125,86.35818481445312,86.35818481445312,,,,
3145,1783435161.2683592,,,26.080284118652344,26.080284118652344,88.21745300292969,66.14225769042969,2.20751953125,88.21745300292969,88.21745300292969,,,,
3150,1783435161.6840982,,,29.250099182128906,29.250099182128906,85.73627471923828,64.04193878173828,2.16943359375,85.73627471923828,85.73627471923828,,,,
3155,1783435162.1003351,,,28.10517120361328,28.10517120361328,85.95625305175781,65.03584289550781,2.092041015625,85.95625305175781,85.95625305175781,,,,
3160,1783435162.514355,,,30.280540466308594,30.280540466308594,80.93016052246094,61.04124069213867,1.9888916015625,80.93016052246094,80.93016052246094,,,,
3165,1783435162.9293494,,,27.179012298583984,27.179012298583984,82.98487854003906,62.88966369628906,2.009521484375,82.98487854003906,82.98487854003906,,,,
3170,1783435163.3456824,,,28.610252380371094,28.610252380371094,79.90653228759766,58.676063537597656,2.123046875,79.90653228759766,79.90653228759766,,,,
3175,1783435163.7631023,,,28.70978546142578,28.70978546142578,83.23893737792969,61.04899215698242,2.218994140625,83.23893737792969,83.23893737792969,,,,
3180,1783435164.1790552,,,23.674409866333008,23.674409866333008,83.04190063476562,60.917877197265625,2.21240234375,83.04190063476562,83.04190063476562,,,,
3185,1783435164.5925896,,,28.65660285949707,28.65660285949707,86.2763900756836,64.3867416381836,2.18896484375,86.2763900756836,86.2763900756836,,,,
3190,1783435165.0097106,,,30.253116607666016,30.253116607666016,90.32206726074219,69.49198913574219,2.0830078125,90.32206726074219,90.32206726074219,,,,
3195,1783435165.4278557,,,25.990676879882812,25.990676879882812,79.7439956665039,59.259376525878906,2.0484619140625,79.7439956665039,79.7439956665039,,,,
3200,1783435165.8437786,,,28.2023983001709,28.2023983001709,81.50624084472656,60.1878776550293,2.1318359375,81.50624084472656,81.50624084472656,,,,
3205,1783435166.2598033,,,27.421586990356445,27.421586990356445,79.193603515625,58.616207122802734,2.0577392578125,79.193603515625,79.193603515625,,,,
3210,1783435166.673504,,,30.203338623046875,30.203338623046875,83.67387390136719,61.22513961791992,2.244873046875,83.67387390136719,83.67387390136719,,,,
3215,1783435167.0901484,,,25.86066246032715,25.86066246032715,82.96340942382812,61.999053955078125,2.096435546875,82.96340942382812,82.96340942382812,,,,
3220,1783435167.5050347,,,30.38766860961914,30.38766860961914,79.398193359375,58.819583892822266,2.057861328125,79.398193359375,79.398193359375,,,,
3225,1783435167.9202604,,,27.060144424438477,27.060144424438477,85.60034942626953,63.56177520751953,2.203857421875,85.60034942626953,85.60034942626953,,,,
3230,1783435168.3366177,,,28.032487869262695,28.032487869262695,82.53659057617188,60.53952407836914,2.19970703125,82.53659057617188,82.53659057617188,,,,
3235,1783435168.7528422,,,27.264741897583008,27.264741897583008,85.132568359375,64.668701171875,2.04638671875,85.132568359375,85.132568359375,,,,
3240,1783435169.1699898,,,27.529834747314453,27.529834747314453,89.09474182128906,67.32228088378906,2.17724609375,89.09474182128906,89.09474182128906,,,,
3245,1783435169.5860734,,,23.40035057067871,23.40035057067871,90.48729705810547,68.66234588623047,2.1824951171875,90.48729705810547,90.48729705810547,,,,
3250,1783435170.0028524,,,29.337980270385742,29.337980270385742,85.82723999023438,64.62118530273438,2.12060546875,85.82723999023438,85.82723999023438,,,,
3255,1783435170.4195988,,,30.148136138916016,30.148136138916016,88.01313781738281,68.34516906738281,1.966796875,88.01313781738281,88.01313781738281,,,,
3260,1783435170.8349478,,,26.499082565307617,26.499082565307617,90.28289794921875,68.57391357421875,2.1708984375,90.28289794921875,90.28289794921875,,,,
3265,1783435171.25272,,,23.961734771728516,23.961734771728516,84.34052276611328,63.67401885986328,2.066650390625,84.34052276611328,84.34052276611328,,,,
3270,1783435171.6681974,,,28.398639678955078,28.398639678955078,85.46493530273438,64.19052124023438,2.12744140625,85.46493530273438,85.46493530273438,,,,
3275,1783435172.0853229,,,25.958534240722656,25.958534240722656,89.54927825927734,69.48824310302734,2.006103515625,89.54927825927734,89.54927825927734,,,,
3280,1783435172.5022361,,,26.9067440032959,26.9067440032959,85.33241271972656,63.46717834472656,2.1865234375,85.33241271972656,85.33241271972656,,,,
3285,1783435172.9194188,,,26.872848510742188,26.872848510742188,84.06793975830078,62.23444366455078,2.183349609375,84.06793975830078,84.06793975830078,,,,
3290,1783435173.3359036,,,27.708465576171875,27.708465576171875,87.1834716796875,65.6551513671875,2.15283203125,87.1834716796875,87.1834716796875,,,,
3295,1783435173.7501063,,,28.408815383911133,28.408815383911133,80.5234375,58.826663970947266,2.169677734375,80.5234375,80.5234375,,,,
3300,1783435174.1676795,,,26.562744140625,26.562744140625,81.06080627441406,60.65553283691406,2.04052734375,81.06080627441406,81.06080627441406,,,,
3305,1783435174.584369,,,26.05000114440918,26.05000114440918,85.81765747070312,62.95388412475586,2.286376953125,85.81765747070312,85.81765747070312,,,,
3310,1783435175.0026095,,,25.99720573425293,25.99720573425293,82.25485229492188,61.462615966796875,2.0792236328125,82.25485229492188,82.25485229492188,,,,
3315,1783435175.4225404,,,27.131338119506836,27.131338119506836,80.87120056152344,59.1353645324707,2.173583984375,80.87120056152344,80.87120056152344,,,,
3320,1783435175.8407695,,,28.007444381713867,28.007444381713867,83.00726318359375,61.95257568359375,2.10546875,83.00726318359375,83.00726318359375,,,,
3325,1783435176.2574275,,,27.77639389038086,27.77639389038086,89.48804473876953,69.51978302001953,1.996826171875,89.48804473876953,89.48804473876953,,,,
3330,1783435176.6702154,,,30.192686080932617,30.192686080932617,80.36985778808594,58.61448287963867,2.175537109375,80.36985778808594,80.36985778808594,,,,
3335,1783435177.086755,,,27.8591251373291,27.8591251373291,96.50534057617188,74.91842651367188,2.15869140625,96.50534057617188,96.50534057617188,,,,
3340,1783435177.5019262,,,26.05834197998047,26.05834197998047,84.90459442138672,62.66094207763672,2.224365234375,84.90459442138672,84.90459442138672,,,,
3345,1783435177.9188979,,,26.20294189453125,26.20294189453125,89.24594116210938,67.47836303710938,2.1767578125,89.24594116210938,89.24594116210938,,,,
3350,1783435178.3348129,,,25.846860885620117,25.846860885620117,77.16266632080078,55.66852569580078,2.1494140625,77.16266632080078,77.16266632080078,,,,
3355,1783435178.7496445,,,27.26080322265625,27.26080322265625,94.27510070800781,72.52217102050781,2.17529296875,94.27510070800781,94.27510070800781,,,,
3360,1783435179.1678674,,,29.23487091064453,29.23487091064453,83.02139282226562,62.28408432006836,2.07373046875,83.02139282226562,83.02139282226562,,,,
3365,1783435179.5851672,,,27.355937957763672,27.355937957763672,79.50021362304688,57.79367446899414,2.170654296875,79.50021362304688,79.50021362304688,,,,
3370,1783435180.001788,,,29.038850784301758,29.038850784301758,80.80215454101562,60.84854507446289,1.995361328125,80.80215454101562,80.80215454101562,,,,
3375,1783435180.4188437,,,30.69861602783203,30.69861602783203,86.1656494140625,64.4810791015625,2.16845703125,86.1656494140625,86.1656494140625,,,,
3380,1783435180.835003,,,26.77153778076172,26.77153778076172,85.30461120605469,62.94865036010742,2.235595703125,85.30461120605469,85.30461120605469,,,,
3385,1783435181.2529047,,,25.265003204345703,25.265003204345703,80.17481231689453,59.50342559814453,2.067138671875,80.17481231689453,80.17481231689453,,,,
3390,1783435181.6683478,,,27.643356323242188,27.643356323242188,85.48736572265625,64.05181884765625,2.1435546875,85.48736572265625,85.48736572265625,,,,
3395,1783435182.0856125,,,26.998579025268555,26.998579025268555,86.0008544921875,64.2576904296875,2.17431640625,86.0008544921875,86.0008544921875,,,,
3400,1783435182.5015032,,,27.006690979003906,27.006690979003906,80.23135375976562,59.56484603881836,2.066650390625,80.23135375976562,80.23135375976562,,,,
3405,1783435182.9175246,,,28.35772132873535,28.35772132873535,82.78370666503906,61.65333557128906,2.113037109375,82.78370666503906,82.78370666503906,,,,
3410,1783435183.3334777,,,26.06787872314453,26.06787872314453,87.45606231689453,66.16699981689453,2.12890625,87.45606231689453,87.45606231689453,,,,
3415,1783435183.7476013,,,26.51160430908203,26.51160430908203,82.52869415283203,61.87928009033203,2.06494140625,82.52869415283203,82.52869415283203,,,,
3420,1783435184.1654315,,,29.122844696044922,29.122844696044922,77.67414093017578,57.44831085205078,2.0225830078125,77.67414093017578,77.67414093017578,,,,
3425,1783435184.581831,,,28.730335235595703,28.730335235595703,82.30477905273438,61.367279052734375,2.09375,82.30477905273438,82.30477905273438,,,,
3430,1783435184.9998446,,,28.417377471923828,28.417377471923828,85.09510040283203,63.12000274658203,2.197509765625,85.09510040283203,85.09510040283203,,,,
3435,1783435185.415329,,,28.910621643066406,28.910621643066406,79.99832153320312,59.23049545288086,2.0767822265625,79.99832153320312,79.99832153320312,,,,
3440,1783435185.8313491,,,25.231712341308594,25.231712341308594,83.94540405273438,62.356048583984375,2.158935546875,83.94540405273438,83.94540405273438,,,,
3445,1783435186.2488549,,,25.23458480834961,25.23458480834961,85.77609252929688,62.19210433959961,2.3583984375,85.77609252929688,85.77609252929688,,,,
3450,1783435186.663907,,,27.836551666259766,27.836551666259766,104.524658203125,82.544677734375,2.197998046875,104.524658203125,104.524658203125,,,,
3455,1783435187.081465,,,24.574607849121094,24.574607849121094,90.20182037353516,67.24039459228516,2.296142578125,90.20182037353516,90.20182037353516,,,,
3460,1783435187.5013745,,,24.83249282836914,24.83249282836914,84.4124984741211,62.618064880371094,2.179443359375,84.4124984741211,84.4124984741211,,,,
3465,1783435187.9224257,,,27.077495574951172,27.077495574951172,89.24227905273438,67.42098999023438,2.18212890625,89.24227905273438,89.24227905273438,,,,
3470,1783435188.3428366,,,27.2408390045166,27.2408390045166,85.49562072753906,64.20167541503906,2.12939453125,85.49562072753906,85.49562072753906,,,,
3475,1783435188.7623398,,,25.875226974487305,25.875226974487305,82.47956848144531,60.94392395019531,2.153564453125,82.47956848144531,82.47956848144531,,,,
3480,1783435189.182021,,,25.88359260559082,25.88359260559082,84.58860778808594,63.14085388183594,2.144775390625,84.58860778808594,84.58860778808594,,,,
3485,1783435189.6004071,,,27.02128791809082,27.02128791809082,87.67588806152344,66.12803649902344,2.15478515625,87.67588806152344,87.67588806152344,,,,
3490,1783435190.0183775,,,24.817155838012695,24.817155838012695,82.81147766113281,61.60053634643555,2.12109375,82.81147766113281,82.81147766113281,,,,
3495,1783435190.437355,,,30.90191078186035,30.90191078186035,86.1655502319336,66.1899642944336,1.99755859375,86.1655502319336,86.1655502319336,,,,
3500,1783435190.8529785,,,27.26811408996582,27.26811408996582,88.13502502441406,67.10475158691406,2.10302734375,88.13502502441406,88.13502502441406,,,,
3505,1783435191.2666137,,,26.224014282226562,26.224014282226562,88.35481262207031,66.30158996582031,2.205322265625,88.35481262207031,88.35481262207031,,,,
3510,1783435191.6723354,,,25.98487091064453,25.98487091064453,92.83758544921875,68.98504638671875,2.38525390625,92.83758544921875,92.83758544921875,,,,
3510,1783435192.7289257,,,,,,,,,,208.97390628814696,664.1093936157226,1.5730355298519134,1.5730355298519134
3510,1783435193.3934548,661.1903250000069,259.1679334640503,,,,,,,,,,,
3515,1783435193.8569925,,,24.958248138427734,24.958248138427734,92.66519927978516,69.63297271728516,2.30322265625,92.66519927978516,92.66519927978516,,,,
3520,1783435194.2757044,,,26.93387222290039,26.93387222290039,86.76071166992188,64.06539916992188,2.26953125,86.76071166992188,86.76071166992188,,,,
3525,1783435194.6924527,,,23.881317138671875,23.881317138671875,94.90253448486328,72.77606964111328,2.212646484375,94.90253448486328,94.90253448486328,,,,
3530,1783435195.1099079,,,25.105342864990234,25.105342864990234,91.33349609375,69.718505859375,2.1614990234375,91.33349609375,91.33349609375,,,,
3535,1783435195.52575,,,23.76959991455078,23.76959991455078,93.25902557373047,71.49144744873047,2.1767578125,93.25902557373047,93.25902557373047,,,,
3540,1783435195.9401643,,,26.520584106445312,26.520584106445312,98.77119445800781,76.73017883300781,2.2041015625,98.77119445800781,98.77119445800781,,,,
3545,1783435196.3576717,,,25.64531898498535,25.64531898498535,97.97483825683594,76.65769958496094,2.1317138671875,97.97483825683594,97.97483825683594,,,,
3550,1783435196.7742553,,,27.34880256652832,27.34880256652832,84.91143798828125,61.77423095703125,2.313720703125,84.91143798828125,84.91143798828125,,,,
3555,1783435197.1928825,,,30.383468627929688,30.383468627929688,82.54815673828125,62.039127349853516,2.0509033203125,82.54815673828125,82.54815673828125,,,,
3560,1783435197.6114662,,,24.518577575683594,24.518577575683594,81.19073486328125,60.41558837890625,2.0775146484375,81.19073486328125,81.19073486328125,,,,
3565,1783435198.0299146,,,28.748695373535156,28.748695373535156,95.75104522705078,73.56598663330078,2.218505859375,95.75104522705078,95.75104522705078,,,,
3570,1783435198.4482365,,,29.914451599121094,29.914451599121094,80.83406829833984,60.134605407714844,2.0699462890625,80.83406829833984,80.83406829833984,,,,
3575,1783435198.8640869,,,28.27716636657715,28.27716636657715,83.43468475341797,62.01378631591797,2.14208984375,83.43468475341797,83.43468475341797,,,,
3580,1783435199.2818742,,,27.980592727661133,27.980592727661133,87.73687744140625,66.05963134765625,2.167724609375,87.73687744140625,87.73687744140625,,,,
3585,1783435199.6984398,,,28.218385696411133,28.218385696411133,83.47599792480469,62.81681823730469,2.06591796875,83.47599792480469,83.47599792480469,,,,
3590,1783435200.1191828,,,28.283580780029297,28.283580780029297,83.58077239990234,61.903526306152344,2.167724609375,83.58077239990234,83.58077239990234,,,,
3595,1783435200.5356727,,,27.730194091796875,27.730194091796875,84.96161651611328,63.06952667236328,2.189208984375,84.96161651611328,84.96161651611328,,,,
3600,1783435200.9521935,,,27.477951049804688,27.477951049804688,85.43576049804688,63.43136215209961,2.200439453125,85.43576049804688,85.43576049804688,,,,
3605,1783435201.3703346,,,28.228538513183594,28.228538513183594,77.25860595703125,56.456600189208984,2.0802001953125,77.25860595703125,77.25860595703125,,,,
3610,1783435201.7866952,,,26.833755493164062,26.833755493164062,80.9267807006836,59.896507263183594,2.10302734375,80.9267807006836,80.9267807006836,,,,
3615,1783435202.2053082,,,29.639095306396484,29.639095306396484,85.43829345703125,64.03326416015625,2.1405029296875,85.43829345703125,85.43829345703125,,,,
3620,1783435202.6207376,,,30.108308792114258,30.108308792114258,81.54318237304688,60.60445785522461,2.0938720703125,81.54318237304688,81.54318237304688,,,,
3625,1783435203.037314,,,27.120519638061523,27.120519638061523,87.95336151123047,65.71947479248047,2.223388671875,87.95336151123047,87.95336151123047,,,,
3630,1783435203.4542887,,,27.095806121826172,27.095806121826172,83.7015380859375,62.5699462890625,2.1131591796875,83.7015380859375,83.7015380859375,,,,
3635,1783435203.8705084,,,25.048355102539062,25.048355102539062,91.3201904296875,69.0863037109375,2.223388671875,91.3201904296875,91.3201904296875,,,,
3640,1783435204.287041,,,28.897781372070312,28.897781372070312,82.68505859375,62.267574310302734,2.041748046875,82.68505859375,82.68505859375,,,,
3645,1783435204.7013962,,,26.966209411621094,26.966209411621094,83.94351196289062,61.56558609008789,2.23779296875,83.94351196289062,83.94351196289062,,,,
3650,1783435205.117455,,,28.561111450195312,28.561111450195312,87.20309448242188,66.07272338867188,2.113037109375,87.20309448242188,87.20309448242188,,,,
3655,1783435205.5341358,,,26.51382827758789,26.51382827758789,89.46627044677734,69.36128997802734,2.010498046875,89.46627044677734,89.46627044677734,,,,
3660,1783435205.9523027,,,25.664653778076172,25.664653778076172,84.64389038085938,62.37094497680664,2.227294921875,84.64389038085938,84.64389038085938,,,,
3665,1783435206.3696022,,,28.84827423095703,28.84827423095703,84.08250427246094,61.69969177246094,2.23828125,84.08250427246094,84.08250427246094,,,,
3670,1783435206.78515,,,27.020652770996094,27.020652770996094,86.32794952392578,64.87042999267578,2.145751953125,86.32794952392578,86.32794952392578,,,,
3675,1783435207.2032013,,,29.104610443115234,29.104610443115234,81.20638275146484,59.470542907714844,2.173583984375,81.20638275146484,81.20638275146484,,,,
3680,1783435207.6185746,,,28.36345863342285,28.36345863342285,83.25872802734375,60.185001373291016,2.307373046875,83.25872802734375,83.25872802734375,,,,
3685,1783435208.0369976,,,27.2017822265625,27.2017822265625,82.49349212646484,59.810386657714844,2.268310546875,82.49349212646484,82.49349212646484,,,,
3690,1783435208.4539068,,,26.659042358398438,26.659042358398438,82.67860412597656,61.42616271972656,2.125244140625,82.67860412597656,82.67860412597656,,,,
3695,1783435208.8701768,,,27.547407150268555,27.547407150268555,92.79877471923828,69.43207550048828,2.336669921875,92.79877471923828,92.79877471923828,,,,
3700,1783435209.2868166,,,28.37574577331543,28.37574577331543,80.44464111328125,60.169986724853516,2.0274658203125,80.44464111328125,80.44464111328125,,,,
3705,1783435209.6999114,,,27.912582397460938,27.912582397460938,85.44589233398438,65.28353881835938,2.0162353515625,85.44589233398438,85.44589233398438,,,,
3710,1783435210.1176796,,,27.420944213867188,27.420944213867188,88.73760986328125,67.65972900390625,2.1077880859375,88.73760986328125,88.73760986328125,,,,
3715,1783435210.5336988,,,29.339900970458984,29.339900970458984,88.79042053222656,67.55506896972656,2.12353515625,88.79042053222656,88.79042053222656,,,,
3720,1783435210.9499252,,,27.573368072509766,27.573368072509766,85.1298599243164,64.6684341430664,2.046142578125,85.1298599243164,85.1298599243164,,,,
3725,1783435211.3670766,,,29.662988662719727,29.662988662719727,83.23751068115234,62.282920837402344,2.095458984375,83.23751068115234,83.23751068115234,,,,
3730,1783435211.7820141,,,28.986387252807617,28.986387252807617,84.27485656738281,63.53022384643555,2.074462890625,84.27485656738281,84.27485656738281,,,,
3735,1783435212.1997085,,,25.896038055419922,25.896038055419922,83.16276550292969,61.08513259887695,2.207763671875,83.16276550292969,83.16276550292969,,,,
3740,1783435212.6214023,,,26.490530014038086,26.490530014038086,86.1219253540039,64.2371597290039,2.1884765625,86.1219253540039,86.1219253540039,,,,
3745,1783435213.0362756,,,30.776046752929688,30.776046752929688,82.72767639160156,62.19544982910156,2.05322265625,82.72767639160156,82.72767639160156,,,,
3750,1783435213.4516687,,,29.80428695678711,29.80428695678711,81.58574676513672,60.36992645263672,2.12158203125,81.58574676513672,81.58574676513672,,,,
3755,1783435213.8666189,,,26.57118797302246,26.57118797302246,86.72408294677734,64.93697357177734,2.1787109375,86.72408294677734,86.72408294677734,,,,
3760,1783435214.2836263,,,26.092754364013672,26.092754364013672,88.56851196289062,66.63735961914062,2.193115234375,88.56851196289062,88.56851196289062,,,,
3765,1783435214.6987936,,,27.75152587890625,27.75152587890625,82.10272216796875,61.918392181396484,2.0184326171875,82.10272216796875,82.10272216796875,,,,
3770,1783435215.1158895,,,25.92180824279785,25.92180824279785,82.53384399414062,62.47037124633789,2.00634765625,82.53384399414062,82.53384399414062,,,,
3775,1783435215.5313218,,,26.813325881958008,26.813325881958008,87.4832992553711,66.6581039428711,2.08251953125,87.4832992553711,87.4832992553711,,,,
3780,1783435215.9471064,,,29.08647346496582,29.08647346496582,81.76947021484375,60.659854888916016,2.1109619140625,81.76947021484375,81.76947021484375,,,,
3785,1783435216.3635452,,,28.162607192993164,28.162607192993164,88.59931182861328,67.64228057861328,2.095703125,88.59931182861328,88.59931182861328,,,,
3790,1783435216.777686,,,27.25149154663086,27.25149154663086,92.75679779052734,70.91597747802734,2.18408203125,92.75679779052734,92.75679779052734,,,,
3795,1783435217.1936066,,,23.933319091796875,23.933319091796875,81.82257080078125,61.684635162353516,2.0137939453125,81.82257080078125,81.82257080078125,,,,
3800,1783435217.608691,,,28.69306755065918,28.69306755065918,84.93248748779297,65.36705780029297,1.95654296875,84.93248748779297,84.93248748779297,,,,
3805,1783435218.0257075,,,23.950965881347656,23.950965881347656,84.24854278564453,64.07398223876953,2.0174560546875,84.24854278564453,84.24854278564453,,,,
3810,1783435218.4403577,,,26.767698287963867,26.767698287963867,83.62248229980469,61.99528884887695,2.1627197265625,83.62248229980469,83.62248229980469,,,,
3815,1783435218.8554568,,,26.690372467041016,26.690372467041016,90.55620574951172,66.06645965576172,2.448974609375,90.55620574951172,90.55620574951172,,,,
3820,1783435219.2723343,,,28.100341796875,28.100341796875,86.86872863769531,65.52839660644531,2.134033203125,86.86872863769531,86.86872863769531,,,,
3825,1783435219.6877162,,,31.201669692993164,31.201669692993164,79.67709350585938,58.97884750366211,2.06982421875,79.67709350585938,79.67709350585938,,,,
3830,1783435220.1050174,,,27.877370834350586,27.877370834350586,86.97648620605469,65.29435729980469,2.168212890625,86.97648620605469,86.97648620605469,,,,
3835,1783435220.5196104,,,29.34524154663086,29.34524154663086,80.64822387695312,57.92361831665039,2.2724609375,80.64822387695312,80.64822387695312,,,,
3840,1783435220.9348261,,,25.506855010986328,25.506855010986328,85.45431518554688,62.49044418334961,2.29638671875,85.45431518554688,85.45431518554688,,,,
3845,1783435221.3511982,,,29.17095947265625,29.17095947265625,87.794677734375,67.479736328125,2.031494140625,87.794677734375,87.794677734375,,,,
3850,1783435221.7679772,,,23.685583114624023,23.685583114624023,95.69654083251953,75.09717559814453,2.0599365234375,95.69654083251953,95.69654083251953,,,,
3855,1783435222.1841066,,,27.593503952026367,27.593503952026367,95.79531860351562,72.99014282226562,2.280517578125,95.79531860351562,95.79531860351562,,,,
3860,1783435222.5993216,,,29.767629623413086,29.767629623413086,92.63423156738281,71.83589172363281,2.079833984375,92.63423156738281,92.63423156738281,,,,
3865,1783435223.0162911,,,25.693069458007812,25.693069458007812,98.1147232055664,74.7455825805664,2.3369140625,98.1147232055664,98.1147232055664,,,,
3870,1783435223.4327426,,,25.81003761291504,25.81003761291504,93.02193450927734,71.76216888427734,2.1259765625,93.02193450927734,93.02193450927734,,,,
3875,1783435223.848847,,,27.36957359313965,27.36957359313965,80.24522399902344,59.07701110839844,2.1168212890625,80.24522399902344,80.24522399902344,,,,
3880,1783435224.265952,,,29.98278045654297,29.98278045654297,85.98638153076172,65.65312957763672,2.0333251953125,85.98638153076172,85.98638153076172,,,,
3885,1783435224.6805902,,,30.27373695373535,30.27373695373535,90.3938980102539,69.4393081665039,2.095458984375,90.3938980102539,90.3938980102539,,,,
3890,1783435225.0936108,,,26.145503997802734,26.145503997802734,89.47518920898438,67.71493530273438,2.176025390625,89.47518920898438,89.47518920898438,,,,
3895,1783435225.5084524,,,27.975404739379883,27.975404739379883,85.84595489501953,65.70435333251953,2.01416015625,85.84595489501953,85.84595489501953,,,,
3900,1783435225.9133484,,,28.961257934570312,28.961257934570312,86.81876373291016,65.12686920166016,2.169189453125,86.81876373291016,86.81876373291016,,,,
3900,1783435226.9598522,,,,,,,,,,201.34274909973144,607.5721635437012,1.5632429397106171,1.5632429397106171
3900,1783435227.5832736,620.4252069999825,259.1679334640503,,,,,,,,,,,
3905,1783435228.0459878,,,26.313236236572266,26.313236236572266,91.18611907958984,69.43807220458984,2.1748046875,91.18611907958984,91.18611907958984,,,,
3910,1783435228.4626887,,,24.626102447509766,24.626102447509766,89.24468231201172,69.19341278076172,2.005126953125,89.24468231201172,89.24468231201172,,,,
3915,1783435228.877793,,,27.958179473876953,27.958179473876953,89.07505798339844,67.74449157714844,2.133056640625,89.07505798339844,89.07505798339844,,,,
3920,1783435229.293052,,,24.91062355041504,24.91062355041504,92.98783111572266,72.14188385009766,2.0845947265625,92.98783111572266,92.98783111572266,,,,
3925,1783435229.7081566,,,27.888267517089844,27.888267517089844,94.046142578125,71.804931640625,2.22412109375,94.046142578125,94.046142578125,,,,
3930,1783435230.1255977,,,29.272174835205078,29.272174835205078,86.08405303955078,64.45807647705078,2.16259765625,86.08405303955078,86.08405303955078,,,,
3935,1783435230.541323,,,27.6446590423584,27.6446590423584,88.93950653076172,67.78960418701172,2.114990234375,88.93950653076172,88.93950653076172,,,,
3940,1783435230.9590008,,,25.966520309448242,25.966520309448242,86.81204986572266,64.38529205322266,2.24267578125,86.81204986572266,86.81204986572266,,,,
3945,1783435231.3748894,,,26.01506996154785,26.01506996154785,86.15520477294922,64.24846649169922,2.190673828125,86.15520477294922,86.15520477294922,,,,
3950,1783435231.7914622,,,26.851606369018555,26.851606369018555,89.66069793701172,66.45024871826172,2.321044921875,89.66069793701172,89.66069793701172,,,,
3955,1783435232.2094617,,,23.425378799438477,23.425378799438477,81.58280181884766,60.556190490722656,2.1026611328125,81.58280181884766,81.58280181884766,,,,
3960,1783435232.624913,,,23.840383529663086,23.840383529663086,84.5006332397461,63.691307067871094,2.0809326171875,84.5006332397461,84.5006332397461,,,,
3965,1783435233.0424912,,,25.483068466186523,25.483068466186523,87.73259735107422,66.66204071044922,2.1070556640625,87.73259735107422,87.73259735107422,,,,
3970,1783435233.4585626,,,25.207862854003906,25.207862854003906,78.52149963378906,57.43507766723633,2.108642578125,78.52149963378906,78.52149963378906,,,,
3975,1783435233.8736136,,,24.88502311706543,24.88502311706543,88.04849243164062,64.96499633789062,2.308349609375,88.04849243164062,88.04849243164062,,,,
3980,1783435234.289601,,,27.11864471435547,27.11864471435547,87.22191619873047,66.31737518310547,2.0904541015625,87.22191619873047,87.22191619873047,,,,
3985,1783435234.7058718,,,24.819515228271484,24.819515228271484,78.20629119873047,57.87670135498047,2.032958984375,78.20629119873047,78.20629119873047,,,,
3990,1783435235.122188,,,27.68937873840332,27.68937873840332,93.06365203857422,70.66619110107422,2.23974609375,93.06365203857422,93.06365203857422,,,,
3995,1783435235.538688,,,30.710342407226562,30.710342407226562,89.85152435302734,68.17427825927734,2.167724609375,89.85152435302734,89.85152435302734,,,,
4000,1783435235.9549828,,,26.888456344604492,26.888456344604492,89.63102722167969,68.14176940917969,2.14892578125,89.63102722167969,89.63102722167969,,,,
4005,1783435236.3713078,,,25.77463150024414,25.77463150024414,89.32804107666016,66.57413482666016,2.275390625,89.32804107666016,89.32804107666016,,,,
4010,1783435236.787179,,,27.839099884033203,27.839099884033203,87.7275161743164,67.2355728149414,2.0491943359375,87.7275161743164,87.7275161743164,,,,
4015,1783435237.2055345,,,25.853076934814453,25.853076934814453,88.93709564208984,67.79940032958984,2.11376953125,88.93709564208984,88.93709564208984,,,,
4020,1783435237.622936,,,28.678848266601562,28.678848266601562,86.0853271484375,64.4837646484375,2.16015625,86.0853271484375,86.0853271484375,,,,
4025,1783435238.038969,,,26.174367904663086,26.174367904663086,85.5067138671875,65.3455810546875,2.01611328125,85.5067138671875,85.5067138671875,,,,
4030,1783435238.4537237,,,26.226285934448242,26.226285934448242,93.27611541748047,70.91527557373047,2.236083984375,93.27611541748047,93.27611541748047,,,,
4035,1783435238.8708706,,,23.398693084716797,23.398693084716797,82.65362548828125,61.948062896728516,2.070556640625,82.65362548828125,82.65362548828125,,,,
4040,1783435239.2909448,,,27.436824798583984,27.436824798583984,85.35491180419922,63.50676727294922,2.184814453125,85.35491180419922,85.35491180419922,,,,
4045,1783435239.7073038,,,27.469310760498047,27.469310760498047,84.97479248046875,63.195011138916016,2.177978515625,84.97479248046875,84.97479248046875,,,,
4050,1783435240.1246188,,,27.32501792907715,27.32501792907715,91.05098724365234,70.13912200927734,2.0911865234375,91.05098724365234,91.05098724365234,,,,
4055,1783435240.5413454,,,29.304954528808594,29.304954528808594,91.55508422851562,69.24307250976562,2.231201171875,91.55508422851562,91.55508422851562,,,,
4060,1783435240.9569726,,,27.933345794677734,27.933345794677734,81.66928100585938,61.712005615234375,1.9957275390625,81.66928100585938,81.66928100585938,,,,
4065,1783435241.372985,,,28.478172302246094,28.478172302246094,87.55302429199219,67.71537780761719,1.9837646484375,87.55302429199219,87.55302429199219,,,,
4070,1783435241.7875009,,,26.29065704345703,26.29065704345703,85.5354995727539,63.440773010253906,2.20947265625,85.5354995727539,85.5354995727539,,,,
4075,1783435242.2091105,,,27.58673667907715,27.58673667907715,91.34563446044922,69.67327117919922,2.167236328125,91.34563446044922,91.34563446044922,,,,
4080,1783435242.6273508,,,23.308759689331055,23.308759689331055,81.12060546875,59.672855377197266,2.144775390625,81.12060546875,81.12060546875,,,,
4085,1783435243.047682,,,29.953792572021484,29.953792572021484,95.74008178710938,74.88436889648438,2.0855712890625,95.74008178710938,95.74008178710938,,,,
4090,1783435243.4637225,,,26.671987533569336,26.671987533569336,89.53507232666016,67.39884185791016,2.213623046875,89.53507232666016,89.53507232666016,,,,
4095,1783435243.8831198,,,27.092754364013672,27.092754364013672,90.49150848388672,67.19072723388672,2.330078125,90.49150848388672,90.49150848388672,,,,
4100,1783435244.3004613,,,26.195167541503906,26.195167541503906,86.97915649414062,64.05435180664062,2.29248046875,86.97915649414062,86.97915649414062,,,,
4105,1783435244.7190363,,,27.190284729003906,27.190284729003906,88.98299407958984,67.97469329833984,2.100830078125,88.98299407958984,88.98299407958984,,,,
4110,1783435245.1342204,,,26.6129207611084,26.6129207611084,89.15558624267578,66.46759796142578,2.268798828125,89.15558624267578,89.15558624267578,,,,
4115,1783435245.549022,,,26.90598487854004,26.90598487854004,84.93606567382812,63.10256576538086,2.183349609375,84.93606567382812,84.93606567382812,,,,
4120,1783435245.965147,,,27.725099563598633,27.725099563598633,88.57298278808594,65.84837341308594,2.2724609375,88.57298278808594,88.57298278808594,,,,
4125,1783435246.3814664,,,29.30315399169922,29.30315399169922,84.95108032226562,63.90371322631836,2.104736328125,84.95108032226562,84.95108032226562,,,,
4130,1783435246.7971697,,,24.957122802734375,24.957122802734375,91.37965393066406,69.42164611816406,2.19580078125,91.37965393066406,91.37965393066406,,,,
4135,1783435247.2161987,,,27.560993194580078,27.560993194580078,86.32810974121094,65.03294372558594,2.1295166015625,86.32810974121094,86.32810974121094,,,,
4140,1783435247.6291156,,,30.244977951049805,30.244977951049805,86.48627471923828,66.80731964111328,1.9678955078125,86.48627471923828,86.48627471923828,,,,
4145,1783435248.0447357,,,27.42673110961914,27.42673110961914,80.93235778808594,60.76023483276367,2.0172119140625,80.93235778808594,80.93235778808594,,,,
4150,1783435248.46128,,,30.31438446044922,30.31438446044922,82.24130249023438,61.588226318359375,2.0653076171875,82.24130249023438,82.24130249023438,,,,
4155,1783435248.8779356,,,27.403884887695312,27.403884887695312,88.350341796875,67.027099609375,2.13232421875,88.350341796875,88.350341796875,,,,
4160,1783435249.293875,,,26.58491325378418,26.58491325378418,85.27185821533203,64.61267852783203,2.06591796875,85.27185821533203,85.27185821533203,,,,
4165,1783435249.7074935,,,27.634937286376953,27.634937286376953,83.32390594482422,61.41228485107422,2.191162109375,83.32390594482422,83.32390594482422,,,,
4170,1783435250.124355,,,27.01986312866211,27.01986312866211,85.03422546386719,63.59135437011719,2.144287109375,85.03422546386719,85.03422546386719,,,,
4175,1783435250.540796,,,29.591936111450195,29.591936111450195,82.92471313476562,61.70156478881836,2.122314453125,82.92471313476562,82.92471313476562,,,,
4180,1783435250.9575417,,,27.63994598388672,27.63994598388672,82.11848449707031,62.11604690551758,2.000244140625,82.11848449707031,82.11848449707031,,,,
4185,1783435251.3727567,,,27.3230037689209,27.3230037689209,84.84188079833984,64.78450775146484,2.0057373046875,84.84188079833984,84.84188079833984,,,,
4190,1783435251.7854075,,,26.989917755126953,26.989917755126953,87.53089141845703,64.71839141845703,2.28125,87.53089141845703,87.53089141845703,,,,
4195,1783435252.2015433,,,30.302783966064453,30.302783966064453,79.18822479248047,57.29369354248047,2.189453125,79.18822479248047,79.18822479248047,,,,
4200,1783435252.6174579,,,26.436107635498047,26.436107635498047,93.01671600341797,70.39220428466797,2.262451171875,93.01671600341797,93.01671600341797,,,,
4205,1783435253.0328815,,,27.632272720336914,27.632272720336914,85.47833251953125,63.688785552978516,2.178955078125,85.47833251953125,85.47833251953125,,,,
4210,1783435253.4484706,,,33.66727066040039,33.66727066040039,83.50978088378906,64.00538635253906,1.950439453125,83.50978088378906,83.50978088378906,,,,
4215,1783435253.8640664,,,28.494937896728516,28.494937896728516,89.9818344116211,67.2621078491211,2.27197265625,89.9818344116211,89.9818344116211,,,,
4220,1783435254.2822144,,,27.831787109375,27.831787109375,85.33456420898438,63.628021240234375,2.170654296875,85.33456420898438,85.33456420898438,,,,
4225,1783435254.6982293,,,29.726343154907227,29.726343154907227,85.75572204589844,64.30796813964844,2.144775390625,85.75572204589844,85.75572204589844,,,,
4230,1783435255.1151865,,,29.873958587646484,29.873958587646484,82.19986724853516,60.461585998535156,2.173828125,82.19986724853516,82.19986724853516,,,,
4235,1783435255.5289073,,,26.633499145507812,26.633499145507812,94.53821563720703,72.44837188720703,2.208984375,94.53821563720703,94.53821563720703,,,,
4240,1783435255.9454901,,,30.54609489440918,30.54609489440918,82.875244140625,62.922847747802734,1.9952392578125,82.875244140625,82.875244140625,,,,
4245,1783435256.3632708,,,27.269134521484375,27.269134521484375,84.32006072998047,62.21556854248047,2.21044921875,84.32006072998047,84.32006072998047,,,,
4250,1783435256.783569,,,28.823028564453125,28.823028564453125,82.87651062011719,61.89262390136719,2.098388671875,82.87651062011719,82.87651062011719,,,,
4255,1783435257.2047684,,,27.577951431274414,27.577951431274414,84.09521484375,61.902828216552734,2.21923828125,84.09521484375,84.09521484375,,,,
4260,1783435257.6232753,,,24.893049240112305,24.893049240112305,85.9399642944336,65.1159896850586,2.0823974609375,85.9399642944336,85.9399642944336,,,,
4265,1783435258.0431564,,,28.513671875,28.513671875,83.58490753173828,62.05780792236328,2.1527099609375,83.58490753173828,83.58490753173828,,,,
4270,1783435258.4587188,,,27.66353988647461,27.66353988647461,83.093017578125,61.266849517822266,2.1826171875,83.093017578125,83.093017578125,,,,
4275,1783435258.87502,,,29.47268295288086,29.47268295288086,84.43769836425781,62.16962814331055,2.226806640625,84.43769836425781,84.43769836425781,,,,
4280,1783435259.2901845,,,27.742111206054688,27.742111206054688,81.20915222167969,60.40226364135742,2.0806884765625,81.20915222167969,81.20915222167969,,,,
4285,1783435259.703323,,,28.024547576904297,28.024547576904297,79.46284484863281,57.91743087768555,2.154541015625,79.46284484863281,79.46284484863281,,,,
4290,1783435260.11115,,,29.590240478515625,29.590240478515625,90.24797058105469,69.58634948730469,2.066162109375,90.24797058105469,90.24797058105469,,,,
4290,1783435261.179987,,,,,,,,,,225.7963847351074,591.6766401672363,1.5666542613506318,1.5666542613506318
4290,1783435261.7923708,609.4631009999603,259.1679334640503,,,,,,,,,,,
4295,1783435262.26184,,,28.96649742126465,28.96649742126465,83.39735412597656,61.63221740722656,2.176513671875,83.39735412597656,83.39735412597656,,,,
4300,1783435262.6764855,,,28.295881271362305,28.295881271362305,83.74176025390625,62.127986907958984,2.161376953125,83.74176025390625,83.74176025390625,,,,
4305,1783435263.0938087,,,27.337318420410156,27.337318420410156,89.5302734375,66.78857421875,2.274169921875,89.5302734375,89.5302734375,,,,
4310,1783435263.5087705,,,28.144163131713867,28.144163131713867,86.60625457763672,64.81304168701172,2.1793212890625,86.60625457763672,86.60625457763672,,,,
4315,1783435263.9240458,,,28.4495792388916,28.4495792388916,83.64393615722656,60.9779167175293,2.2666015625,83.64393615722656,83.64393615722656,,,,
4320,1783435264.3409317,,,29.530288696289062,29.530288696289062,82.18594360351562,60.946929931640625,2.1239013671875,82.18594360351562,82.18594360351562,,,,
4325,1783435264.7559092,,,29.13915252685547,29.13915252685547,88.66156005859375,65.32171630859375,2.333984375,88.66156005859375,88.66156005859375,,,,
4330,1783435265.1736076,,,28.80023956298828,28.80023956298828,92.88525390625,71.19091796875,2.16943359375,92.88525390625,92.88525390625,,,,
4335,1783435265.5881243,,,29.153079986572266,29.153079986572266,78.40196990966797,57.50719451904297,2.0894775390625,78.40196990966797,78.40196990966797,,,,
4340,1783435266.0035737,,,28.408653259277344,28.408653259277344,79.09065246582031,59.08943557739258,2.0001220703125,79.09065246582031,79.09065246582031,,,,
4345,1783435266.422916,,,27.970624923706055,27.970624923706055,86.14974212646484,65.40023040771484,2.074951171875,86.14974212646484,86.14974212646484,,,,
4350,1783435266.8380253,,,24.285451889038086,24.285451889038086,93.51000213623047,72.57982635498047,2.093017578125,93.51000213623047,93.51000213623047,,,,
4355,1783435267.256436,,,23.259885787963867,23.259885787963867,95.42725372314453,72.52686309814453,2.2900390625,95.42725372314453,95.42725372314453,,,,
4360,1783435267.6726558,,,30.217357635498047,30.217357635498047,81.8039779663086,60.270774841308594,2.1533203125,81.8039779663086,81.8039779663086,,,,
4365,1783435268.090826,,,32.29804229736328,32.29804229736328,83.50813293457031,63.28718948364258,2.0220947265625,83.50813293457031,83.50813293457031,,,,
4370,1783435268.507602,,,27.147756576538086,27.147756576538086,89.96508026123047,68.18773651123047,2.177734375,89.96508026123047,89.96508026123047,,,,
4375,1783435268.9214664,,,28.550052642822266,28.550052642822266,85.88832092285156,65.22547912597656,2.0662841796875,85.88832092285156,85.88832092285156,,,,
4380,1783435269.3414578,,,32.121700286865234,32.121700286865234,87.36602783203125,64.77325439453125,2.25927734375,87.36602783203125,87.36602783203125,,,,
4385,1783435269.7570622,,,26.6185302734375,26.6185302734375,90.71247863769531,67.63142395019531,2.30810546875,90.71247863769531,90.71247863769531,,,,
4390,1783435270.1763692,,,25.474964141845703,25.474964141845703,87.96311950683594,66.26268005371094,2.1700439453125,87.96311950683594,87.96311950683594,,,,
4395,1783435270.593376,,,31.473974227905273,31.473974227905273,86.0181655883789,64.9927749633789,2.1025390625,86.0181655883789,86.0181655883789,,,,
4400,1783435271.0107918,,,27.277528762817383,27.277528762817383,91.82151794433594,69.84153747558594,2.197998046875,91.82151794433594,91.82151794433594,,,,
4405,1783435271.4299607,,,25.526765823364258,25.526765823364258,89.17633819580078,67.54303741455078,2.163330078125,89.17633819580078,89.17633819580078,,,,
4410,1783435271.8454,,,26.621116638183594,26.621116638183594,91.28973388671875,69.68695068359375,2.1602783203125,91.28973388671875,91.28973388671875,,,,
4415,1783435272.268366,,,24.968339920043945,24.968339920043945,90.33724975585938,68.61361694335938,2.17236328125,90.33724975585938,90.33724975585938,,,,
4420,1783435272.6832874,,,26.551013946533203,26.551013946533203,88.20238494873047,67.38817596435547,2.0814208984375,88.20238494873047,88.20238494873047,,,,
4425,1783435273.1003306,,,29.13526153564453,29.13526153564453,83.33502960205078,62.01422882080078,2.132080078125,83.33502960205078,83.33502960205078,,,,
4430,1783435273.5163846,,,30.007259368896484,30.007259368896484,88.0553207397461,66.1266098022461,2.19287109375,88.0553207397461,88.0553207397461,,,,
4435,1783435273.932162,,,25.79498863220215,25.79498863220215,89.2888412475586,68.7590560913086,2.052978515625,89.2888412475586,89.2888412475586,,,,
4440,1783435274.3504503,,,30.722213745117188,30.722213745117188,89.82659149169922,68.59978485107422,2.1226806640625,89.82659149169922,89.82659149169922,,,,
4445,1783435274.7648823,,,24.204357147216797,24.204357147216797,85.01873016357422,62.95085906982422,2.206787109375,85.01873016357422,85.01873016357422,,,,
4450,1783435275.1804793,,,32.2010498046875,32.2010498046875,81.70034790039062,60.10855484008789,2.1591796875,81.70034790039062,81.70034790039062,,,,
4455,1783435275.5963585,,,27.646011352539062,27.646011352539062,81.55615997314453,59.67871856689453,2.187744140625,81.55615997314453,81.55615997314453,,,,
4460,1783435276.0133922,,,28.45191192626953,28.45191192626953,78.10391998291016,56.141029357910156,2.1962890625,78.10391998291016,78.10391998291016,,,,
4465,1783435276.4318473,,,25.846599578857422,25.846599578857422,82.34839630126953,61.42554473876953,2.09228515625,82.34839630126953,82.34839630126953,,,,
4470,1783435276.8479736,,,27.45517349243164,27.45517349243164,93.22106170654297,70.97985076904297,2.22412109375,93.22106170654297,93.22106170654297,,,,
4475,1783435277.2671213,,,30.173744201660156,30.173744201660156,84.46256256103516,61.860023498535156,2.26025390625,84.46256256103516,84.46256256103516,,,,
4480,1783435277.6830575,,,26.312816619873047,26.312816619873047,79.58616638183594,58.35325241088867,2.123291015625,79.58616638183594,79.58616638183594,,,,
4485,1783435278.0999396,,,29.997901916503906,29.997901916503906,89.010986328125,68.736328125,2.0274658203125,89.010986328125,89.010986328125,,,,
4490,1783435278.5161667,,,27.84441375732422,27.84441375732422,84.93280029296875,62.735538482666016,2.2197265625,84.93280029296875,84.93280029296875,,,,
4495,1783435278.9319732,,,30.253997802734375,30.253997802734375,84.93199157714844,63.63071823120117,2.130126953125,84.93199157714844,84.93199157714844,,,,
4500,1783435279.3498611,,,24.569530487060547,24.569530487060547,80.36979675292969,59.74723815917969,2.062255859375,80.36979675292969,80.36979675292969,,,,
4505,1783435279.7657275,,,24.00328254699707,24.00328254699707,94.6404800415039,72.9144058227539,2.172607421875,94.6404800415039,94.6404800415039,,,,
4510,1783435280.1818216,,,26.784088134765625,26.784088134765625,76.36105346679688,55.517547607421875,2.0843505859375,76.36105346679688,76.36105346679688,,,,
4515,1783435280.596411,,,28.12369155883789,28.12369155883789,91.57714080810547,70.56029510498047,2.1016845703125,91.57714080810547,91.57714080810547,,,,
4520,1783435281.0119433,,,29.29464340209961,29.29464340209961,78.95904541015625,59.271549224853516,1.96875,78.95904541015625,78.95904541015625,,,,
4525,1783435281.428538,,,27.091190338134766,27.091190338134766,81.17747497558594,59.49168395996094,2.1685791015625,81.17747497558594,81.17747497558594,,,,
4530,1783435281.8439589,,,29.935592651367188,29.935592651367188,94.35804748535156,73.44007873535156,2.091796875,94.35804748535156,94.35804748535156,,,,
4535,1783435282.2584932,,,25.419872283935547,25.419872283935547,85.34042358398438,63.43368148803711,2.190673828125,85.34042358398438,85.34042358398438,,,,
4540,1783435282.673316,,,29.983047485351562,29.983047485351562,85.26283264160156,63.8370475769043,2.142578125,85.26283264160156,85.26283264160156,,,,
4545,1783435283.0887609,,,27.61844253540039,27.61844253540039,83.26248168945312,61.37527084350586,2.188720703125,83.26248168945312,83.26248168945312,,,,
4550,1783435283.504025,,,28.391210556030273,28.391210556030273,88.97677612304688,67.85861206054688,2.11181640625,88.97677612304688,88.97677612304688,,,,
4555,1783435283.9182172,,,25.006399154663086,25.006399154663086,81.12200927734375,59.710880279541016,2.14111328125,81.12200927734375,81.12200927734375,,,,
4560,1783435284.33797,,,28.38927459716797,28.38927459716797,88.15129852294922,67.14788055419922,2.100341796875,88.15129852294922,88.15129852294922,,,,
4565,1783435284.7538214,,,27.571399688720703,27.571399688720703,88.73816680908203,67.27698516845703,2.1461181640625,88.73816680908203,88.73816680908203,,,,
4570,1783435285.1698108,,,27.272497177124023,27.272497177124023,94.30835723876953,73.43067169189453,2.0877685546875,94.30835723876953,94.30835723876953,,,,
4575,1783435285.5854883,,,26.623455047607422,26.623455047607422,88.84158325195312,65.87283325195312,2.296875,88.84158325195312,88.84158325195312,,,,
4580,1783435286.0041876,,,25.651296615600586,25.651296615600586,88.73829650878906,66.74366760253906,2.199462890625,88.73829650878906,88.73829650878906,,,,
4585,1783435286.4236283,,,29.45216178894043,29.45216178894043,84.52609252929688,62.69015884399414,2.18359375,84.52609252929688,84.52609252929688,,,,
4590,1783435286.8430476,,,26.016733169555664,26.016733169555664,87.47416687011719,64.33695983886719,2.313720703125,87.47416687011719,87.47416687011719,,,,
4595,1783435287.259288,,,29.614023208618164,29.614023208618164,80.69772338867188,58.10250473022461,2.259521484375,80.69772338867188,80.69772338867188,,,,
4600,1783435287.6767921,,,27.59079360961914,27.59079360961914,79.7874755859375,58.073604583740234,2.17138671875,79.7874755859375,79.7874755859375,,,,
4605,1783435288.0937526,,,29.508222579956055,29.508222579956055,83.35542297363281,63.19794845581055,2.0157470703125,83.35542297363281,83.35542297363281,,,,
4610,1783435288.5124817,,,28.1475772857666,28.1475772857666,83.68509674072266,62.195838928222656,2.14892578125,83.68509674072266,83.68509674072266,,,,
4615,1783435288.9300194,,,23.432985305786133,23.432985305786133,85.99424743652344,63.4673957824707,2.252685546875,85.99424743652344,85.99424743652344,,,,
4620,1783435289.347816,,,27.0320987701416,27.0320987701416,93.00016784667969,72.65104675292969,2.034912109375,93.00016784667969,93.00016784667969,,,,
4625,1783435289.7661088,,,28.693519592285156,28.693519592285156,90.75133514404297,68.37340545654297,2.23779296875,90.75133514404297,90.75133514404297,,,,
4630,1783435290.1823237,,,27.44984245300293,27.44984245300293,85.17945861816406,62.49879837036133,2.26806640625,85.17945861816406,85.17945861816406,,,,
4635,1783435290.603763,,,29.796979904174805,29.796979904174805,86.67157745361328,65.01386260986328,2.165771484375,86.67157745361328,86.67157745361328,,,,
4640,1783435291.0229008,,,25.796043395996094,25.796043395996094,89.2361068725586,65.9060287475586,2.3330078125,89.2361068725586,89.2361068725586,,,,
4645,1783435291.4442875,,,30.699811935424805,30.699811935424805,85.51129150390625,64.57379150390625,2.09375,85.51129150390625,85.51129150390625,,,,
4650,1783435291.8640301,,,28.288928985595703,28.288928985595703,91.47357177734375,68.84173583984375,2.26318359375,91.47357177734375,91.47357177734375,,,,
4655,1783435292.281945,,,28.744352340698242,28.744352340698242,89.35516357421875,67.52532958984375,2.1829833984375,89.35516357421875,89.35516357421875,,,,
4660,1783435292.700785,,,26.054759979248047,26.054759979248047,83.93677520751953,61.82740020751953,2.2109375,83.93677520751953,83.93677520751953,,,,
4665,1783435293.1197658,,,26.769268035888672,26.769268035888672,89.1194839477539,67.8963394165039,2.122314453125,89.1194839477539,89.1194839477539,,,,
4670,1783435293.5342288,,,25.412691116333008,25.412691116333008,88.01538848876953,65.95606231689453,2.2059326171875,88.01538848876953,88.01538848876953,,,,
4675,1783435293.9490256,,,26.570194244384766,26.570194244384766,85.9634017944336,65.8449935913086,2.0118408203125,85.9634017944336,85.9634017944336,,,,
4680,1783435294.354496,,,27.05524444580078,27.05524444580078,87.83157348632812,66.64871215820312,2.1182861328125,87.83157348632812,87.83157348632812,,,,
4680,1783435295.4083726,,,,,,,,,,187.5646363067627,700.9945191955567,1.5605485117435456,1.5605485117435456
4680,1783435296.1245599,713.2942070001036,259.1679334640503,,,,,,,,,,,
4685,1783435296.6096377,,,25.050886154174805,25.050886154174805,88.22581481933594,65.26438903808594,2.296142578125,88.22581481933594,88.22581481933594,,,,
4690,1783435297.0290656,,,28.31515884399414,28.31515884399414,86.58243560791016,67.47599029541016,1.91064453125,86.58243560791016,86.58243560791016,,,,
4695,1783435297.4482956,,,27.83007049560547,27.83007049560547,84.10546875,62.491695404052734,2.161376953125,84.10546875,84.10546875,,,,
4700,1783435297.867709,,,26.494232177734375,26.494232177734375,85.92766571044922,63.76702117919922,2.216064453125,85.92766571044922,85.92766571044922,,,,
4705,1783435298.2872624,,,26.66074562072754,26.66074562072754,101.27452850341797,80.36388397216797,2.091064453125,101.27452850341797,101.27452850341797,,,,
4710,1783435298.7109668,,,26.489015579223633,26.489015579223633,89.62382507324219,67.59989929199219,2.202392578125,89.62382507324219,89.62382507324219,,,,
4715,1783435299.137248,,,27.59461212158203,27.59461212158203,87.56830596923828,65.42719268798828,2.214111328125,87.56830596923828,87.56830596923828,,,,
4720,1783435299.5653358,,,25.21036148071289,25.21036148071289,81.9570083618164,60.770484924316406,2.11865234375,81.9570083618164,81.9570083618164,,,,
4725,1783435299.987249,,,26.459644317626953,26.459644317626953,82.60272216796875,62.093685150146484,2.0509033203125,82.60272216796875,82.60272216796875,,,,
4730,1783435300.4048235,,,27.171934127807617,27.171934127807617,81.35665893554688,59.40842056274414,2.19482421875,81.35665893554688,81.35665893554688,,,,
4735,1783435300.8225076,,,27.287742614746094,27.287742614746094,88.55270385742188,67.04269409179688,2.1510009765625,88.55270385742188,88.55270385742188,,,,
4740,1783435301.2388773,,,27.00235366821289,27.00235366821289,83.21810913085938,61.02328109741211,2.219482421875,83.21810913085938,83.21810913085938,,,,
4745,1783435301.655123,,,27.580734252929688,27.580734252929688,85.24897766113281,62.96870803833008,2.22802734375,85.24897766113281,85.24897766113281,,,,
4750,1783435302.0736713,,,27.366527557373047,27.366527557373047,85.32408142089844,62.11363220214844,2.321044921875,85.32408142089844,85.32408142089844,,,,
4755,1783435302.4903083,,,27.77703285217285,27.77703285217285,84.0535888671875,62.193241119384766,2.18603515625,84.0535888671875,84.0535888671875,,,,
4760,1783435302.9064445,,,27.708782196044922,27.708782196044922,90.32581329345703,67.31067657470703,2.301513671875,90.32581329345703,90.32581329345703,,,,
4765,1783435303.324609,,,27.427719116210938,27.427719116210938,85.48512268066406,64.53785705566406,2.0947265625,85.48512268066406,85.48512268066406,,,,
4770,1783435303.7416635,,,25.969655990600586,25.969655990600586,87.61002349853516,65.48111724853516,2.212890625,87.61002349853516,87.61002349853516,,,,
4775,1783435304.174604,,,27.675636291503906,27.675636291503906,83.66474151611328,61.29901885986328,2.236572265625,83.66474151611328,83.66474151611328,,,,
4780,1783435304.5901983,,,26.28154754638672,26.28154754638672,86.68817138671875,63.795108795166016,2.289306640625,86.68817138671875,86.68817138671875,,,,
4785,1783435305.0057228,,,26.400789260864258,26.400789260864258,87.4022216796875,65.7713623046875,2.1630859375,87.4022216796875,87.4022216796875,,,,
4790,1783435305.4230013,,,27.05034065246582,27.05034065246582,78.38690948486328,56.56562042236328,2.18212890625,78.38690948486328,78.38690948486328,,,,
4795,1783435305.8392465,,,26.56486701965332,26.56486701965332,91.03712463378906,68.68116760253906,2.235595703125,91.03712463378906,91.03712463378906,,,,
4800,1783435306.2542968,,,24.750898361206055,24.750898361206055,88.529296875,65.85595703125,2.267333984375,88.529296875,88.529296875,,,,
4805,1783435306.6715207,,,27.27703285217285,27.27703285217285,84.92559051513672,63.74272918701172,2.1182861328125,84.92559051513672,84.92559051513672,,,,
4810,1783435307.0883994,,,30.649635314941406,30.649635314941406,81.1135025024414,60.495826721191406,2.061767578125,81.1135025024414,81.1135025024414,,,,
4815,1783435307.5039291,,,26.12273406982422,26.12273406982422,86.09928131103516,64.94205474853516,2.11572265625,86.09928131103516,86.09928131103516,,,,
4820,1783435307.9206195,,,25.791536331176758,25.791536331176758,85.06912231445312,64.47708129882812,2.0592041015625,85.06912231445312,85.06912231445312,,,,
4825,1783435308.3366458,,,27.6530704498291,27.6530704498291,93.80366516113281,72.85273742675781,2.0950927734375,93.80366516113281,93.80366516113281,,,,
4830,1783435308.7512777,,,24.228622436523438,24.228622436523438,81.67401123046875,60.24578857421875,2.142822265625,81.67401123046875,81.67401123046875,,,,
4835,1783435309.1697302,,,30.65810203552246,30.65810203552246,84.86066436767578,63.77912139892578,2.108154296875,84.86066436767578,84.86066436767578,,,,
4840,1783435309.5855825,,,25.866546630859375,25.866546630859375,88.55513000488281,66.80464172363281,2.175048828125,88.55513000488281,88.55513000488281,,,,
4845,1783435310.0027301,,,24.590688705444336,24.590688705444336,88.17231750488281,65.27680969238281,2.28955078125,88.17231750488281,88.17231750488281,,,,
4850,1783435310.4197776,,,27.932880401611328,27.932880401611328,84.77528381347656,63.08460998535156,2.1690673828125,84.77528381347656,84.77528381347656,,,,
4855,1783435310.835915,,,26.776580810546875,26.776580810546875,85.75392150878906,62.98048782348633,2.27734375,85.75392150878906,85.75392150878906,,,,
4860,1783435311.2526515,,,25.82465171813965,25.82465171813965,90.57701110839844,68.09410095214844,2.248291015625,90.57701110839844,90.57701110839844,,,,
4865,1783435311.6696975,,,25.806642532348633,25.806642532348633,87.76327514648438,65.85897827148438,2.1904296875,87.76327514648438,87.76327514648438,,,,
4870,1783435312.0873146,,,27.950199127197266,27.950199127197266,82.34378051757812,60.831329345703125,2.1512451171875,82.34378051757812,82.34378051757812,,,,
4875,1783435312.5052373,,,27.22150421142578,27.22150421142578,91.92932891845703,70.18372344970703,2.174560546875,91.92932891845703,91.92932891845703,,,,
4880,1783435312.9218793,,,28.105796813964844,28.105796813964844,73.30772399902344,53.5897102355957,1.9718017578125,73.30772399902344,73.30772399902344,,,,
4885,1783435313.3389013,,,26.488994598388672,26.488994598388672,90.60415649414062,66.23892211914062,2.4365234375,90.60415649414062,90.60415649414062,,,,
4890,1783435313.7546303,,,31.481529235839844,31.481529235839844,81.6724853515625,60.3468017578125,2.132568359375,81.6724853515625,81.6724853515625,,,,
4895,1783435314.1692564,,,27.728199005126953,27.728199005126953,81.78661346435547,59.75048065185547,2.20361328125,81.78661346435547,81.78661346435547,,,,
4900,1783435314.5840364,,,25.814537048339844,25.814537048339844,80.03495788574219,59.37455749511719,2.0660400390625,80.03495788574219,80.03495788574219,,,,
4905,1783435314.9998085,,,30.235149383544922,30.235149383544922,89.71928405761719,68.02983093261719,2.1689453125,89.71928405761719,89.71928405761719,,,,
4910,1783435315.4156623,,,28.830373764038086,28.830373764038086,82.7131118774414,61.043190002441406,2.1669921875,82.7131118774414,82.7131118774414,,,,
4915,1783435315.8310487,,,28.27265167236328,28.27265167236328,87.7872314453125,66.0538330078125,2.17333984375,87.7872314453125,87.7872314453125,,,,
4920,1783435316.246861,,,28.47547149658203,28.47547149658203,86.98098754882812,64.32717895507812,2.265380859375,86.98098754882812,86.98098754882812,,,,
4925,1783435316.6633058,,,30.607431411743164,30.607431411743164,88.69315338134766,67.58353424072266,2.1109619140625,88.69315338134766,88.69315338134766,,,,
4930,1783435317.081523,,,26.669466018676758,26.669466018676758,81.21778106689453,60.41333770751953,2.0804443359375,81.21778106689453,81.21778106689453,,,,
4935,1783435317.4990876,,,28.26894760131836,28.26894760131836,79.20636749267578,57.67316436767578,2.1533203125,79.20636749267578,79.20636749267578,,,,
4940,1783435317.9177065,,,27.06895637512207,27.06895637512207,86.42977142333984,65.31771087646484,2.1112060546875,86.42977142333984,86.42977142333984,,,,
4945,1783435318.3347774,,,29.076753616333008,29.076753616333008,79.55268096923828,59.93842315673828,1.96142578125,79.55268096923828,79.55268096923828,,,,
4950,1783435318.7512207,,,29.018274307250977,29.018274307250977,86.99527740478516,64.94693756103516,2.204833984375,86.99527740478516,86.99527740478516,,,,
4955,1783435319.1668339,,,28.89006996154785,28.89006996154785,86.45367431640625,64.19781494140625,2.2255859375,86.45367431640625,86.45367431640625,,,,
4960,1783435319.5835102,,,24.583181381225586,24.583181381225586,78.0857162475586,57.856224060058594,2.02294921875,78.0857162475586,78.0857162475586,,,,
4965,1783435320.0013688,,,25.855491638183594,25.855491638183594,88.64591217041016,65.53800201416016,2.310791015625,88.64591217041016,88.64591217041016,,,,
4970,1783435320.420116,,,26.291248321533203,26.291248321533203,89.07278442382812,67.09036254882812,2.1982421875,89.07278442382812,89.07278442382812,,,,
4975,1783435320.8379045,,,27.071773529052734,27.071773529052734,90.94906616210938,69.41098022460938,2.15380859375,90.94906616210938,90.94906616210938,,,,
4980,1783435321.2559245,,,30.467222213745117,30.467222213745117,86.08036041259766,63.140907287597656,2.2939453125,86.08036041259766,86.08036041259766,,,,
4985,1783435321.671225,,,27.957563400268555,27.957563400268555,89.97696685791016,67.39640045166016,2.258056640625,89.97696685791016,89.97696685791016,,,,
4990,1783435322.084962,,,23.064464569091797,23.064464569091797,80.06779479980469,59.15105056762695,2.0916748046875,80.06779479980469,80.06779479980469,,,,
4995,1783435322.501045,,,25.152536392211914,25.152536392211914,83.11103820800781,63.07929992675781,2.003173828125,83.11103820800781,83.11103820800781,,,,
5000,1783435322.91644,,,28.752094268798828,28.752094268798828,85.9659423828125,64.3741455078125,2.1591796875,85.9659423828125,85.9659423828125,,,,
5005,1783435323.3323853,,,27.686525344848633,27.686525344848633,88.78433227539062,65.83511352539062,2.294921875,88.78433227539062,88.78433227539062,,,,
5010,1783435323.7492576,,,29.169273376464844,29.169273376464844,85.53041076660156,63.67006301879883,2.18603515625,85.53041076660156,85.53041076660156,,,,
5015,1783435324.1641622,,,27.34339714050293,27.34339714050293,87.41069030761719,64.05131530761719,2.3359375,87.41069030761719,87.41069030761719,,,,
5020,1783435324.580481,,,29.84712028503418,29.84712028503418,82.67813873291016,61.815101623535156,2.0863037109375,82.67813873291016,82.67813873291016,,,,
5025,1783435324.9975777,,,26.842477798461914,26.842477798461914,81.50599670410156,59.70424270629883,2.18017578125,81.50599670410156,81.50599670410156,,,,
5030,1783435325.414291,,,26.24432945251465,26.24432945251465,94.3552017211914,73.0856704711914,2.126953125,94.3552017211914,94.3552017211914,,,,
5035,1783435325.8288336,,,28.061622619628906,28.061622619628906,89.78604888916016,67.14200592041016,2.264404296875,89.78604888916016,89.78604888916016,,,,
5040,1783435326.2451298,,,26.70687484741211,26.70687484741211,87.802978515625,66.291748046875,2.151123046875,87.802978515625,87.802978515625,,,,
5045,1783435326.6609554,,,29.13399887084961,29.13399887084961,82.20860290527344,61.7874641418457,2.0421142578125,82.20860290527344,82.20860290527344,,,,
5050,1783435327.0780458,,,27.555728912353516,27.555728912353516,85.93851470947266,62.491249084472656,2.3447265625,85.93851470947266,85.93851470947266,,,,
5055,1783435327.4942966,,,26.549457550048828,26.549457550048828,88.65241241455078,66.58942413330078,2.206298828125,88.65241241455078,88.65241241455078,,,,
5060,1783435327.907944,,,25.878416061401367,25.878416061401367,87.61054992675781,66.11396789550781,2.149658203125,87.61054992675781,87.61054992675781,,,,
5065,1783435328.32213,,,28.858219146728516,28.858219146728516,86.86611938476562,65.07901000976562,2.1787109375,86.86611938476562,86.86611938476562,,,,
5070,1783435328.7277203,,,29.219663619995117,29.219663619995117,84.44853210449219,62.64677429199219,2.18017578125,84.44853210449219,84.44853210449219,,,,
5070,1783435329.7863526,,,,,,,,,,200.85167854309083,677.1162329101562,1.5644800353050232,1.5644800353050232
5070,1783435330.4344132,645.1322039999923,259.1679334640503,,,,,,,,,,,
