step,time_unix,learning_rate_discriminator,learning_rate_generator,runtime/checkpoint_save_time_ms,runtime/checkpoint_size_mb,train_discriminator_loss,train_discriminator_loss_period,train_discriminator_loss_resolution,train_discriminator_loss_total,train_generator_loss,train_generator_loss_adversarial_period,train_generator_loss_adversarial_resolution,train_generator_loss_feature_matching_period,train_generator_loss_feature_matching_resolution,train_generator_loss_mel,train_generator_loss_total,train_loss,val_loss,val_mel_l1
0,1783430192.6282942,,,,,,,,,,,,,,,,,0.7364746415615082,0.7364746415615082
5,1783430237.043024,9.999980000015998e-06,9.999980000015998e-06,,,3.137547492980957,2.023329496383667,1.1142178773880005,3.137547492980957,39.63179397583008,1.9049267768859863,1.2476775646209717,1.9957444667816162,1.5378844738006592,0.6535984873771667,39.63179397583008,39.63179397583008,,
10,1783430239.3020675,9.999960000071998e-06,9.999960000071998e-06,,,2.8009939193725586,1.709519624710083,1.0914744138717651,2.8009939193725586,37.61373519897461,2.3391823768615723,1.3465867042541504,2.293773651123047,1.492784023284912,0.585663378238678,37.61373519897461,37.61373519897461,,
15,1783430241.566568,9.999940000167997e-06,9.999940000167997e-06,,,2.5902371406555176,1.5819872617721558,1.0082499980926514,2.5902371406555176,35.016658782958984,2.3031771183013916,1.2700181007385254,2.4137232303619385,1.6332528591156006,0.5188779830932617,35.016658782958984,35.016658782958984,,
20,1783430243.8277254,9.999920000303995e-06,9.999920000303995e-06,,,2.4920997619628906,1.438735008239746,1.053364872932434,2.4920997619628906,33.97968673706055,2.5278971195220947,1.3215975761413574,2.672150135040283,1.4898768663406372,0.4845808744430542,33.97968673706055,33.97968673706055,,
25,1783430246.085894,9.999900000479994e-06,9.999900000479994e-06,,,2.381361484527588,1.330966830253601,1.0503947734832764,2.381361484527588,33.667354583740234,2.4564781188964844,1.299175500869751,2.9434027671813965,1.5864777565002441,0.4633764624595642,33.667354583740234,33.667354583740234,,
30,1783430248.348997,9.999880000695993e-06,9.999880000695993e-06,,,2.429921865463257,1.3575499057769775,1.0723719596862793,2.429921865463257,31.43439483642578,2.5489182472229004,1.2470725774765015,2.768113613128662,1.482102632522583,0.42528823018074036,31.43439483642578,31.43439483642578,,
35,1783430250.6188543,9.99986000095199e-06,9.99986000095199e-06,,,2.498702049255371,1.328536033630371,1.170166015625,2.498702049255371,31.595203399658203,2.4775702953338623,1.1861298084259033,2.921738624572754,1.4479947090148926,0.4264897108078003,31.595203399658203,31.595203399658203,,
40,1783430252.8804505,9.999840001247988e-06,9.999840001247988e-06,,,2.573460102081299,1.384310007095337,1.189150094985962,2.573460102081299,30.223825454711914,2.520576000213623,1.233471393585205,2.826547622680664,1.341385841369629,0.40297579765319824,30.223825454711914,30.223825454711914,,
45,1783430255.1369307,9.999820001583986e-06,9.999820001583986e-06,,,2.515684127807617,1.365335464477539,1.1503486633300781,2.515684127807617,30.193161010742188,2.544603109359741,1.1445680856704712,2.9796104431152344,1.3903369903564453,0.3947576582431793,30.193161010742188,30.193161010742188,,
50,1783430257.4014559,9.99980000195998e-06,9.99980000195998e-06,,,2.5721540451049805,1.4091811180114746,1.1629729270935059,2.5721540451049805,29.353078842163086,2.508679151535034,1.2283580303192139,2.869967460632324,1.430405855178833,0.3781176805496216,29.353078842163086,29.353078842163086,,
55,1783430259.668943,9.999780002375977e-06,9.999780002375977e-06,,,2.53085994720459,1.3604605197906494,1.1703994274139404,2.53085994720459,28.763517379760742,2.681774616241455,1.1811468601226807,2.9294703006744385,1.253339171409607,0.3674439787864685,28.763517379760742,28.763517379760742,,
60,1783430261.9275537,9.999760002831971e-06,9.999760002831971e-06,,,2.5724380016326904,1.410876750946045,1.1615612506866455,2.5724380016326904,28.770008087158203,2.5207903385162354,1.2228877544403076,2.829406499862671,1.3297767639160156,0.37128809094429016,28.770008087158203,28.770008087158203,,
65,1783430264.1888633,9.999740003327965e-06,9.999740003327965e-06,,,2.562338352203369,1.3994003534317017,1.162938117980957,2.562338352203369,28.623729705810547,2.6022353172302246,1.1867698431015015,2.8450310230255127,1.3786107301712036,0.364165335893631,28.623729705810547,28.623729705810547,,
70,1783430266.4478698,9.999720003863956e-06,9.999720003863956e-06,,,2.6504859924316406,1.495018482208252,1.1554673910140991,2.6504859924316406,28.76249122619629,2.379725694656372,1.1417701244354248,2.70635724067688,1.411280632019043,0.37790489196777344,28.76249122619629,28.76249122619629,,
75,1783430268.7139375,9.999700004439949e-06,9.999700004439949e-06,,,2.702261447906494,1.5591461658477783,1.1431151628494263,2.702261447906494,27.487808227539062,2.279783248901367,1.2004646062850952,2.606971263885498,1.3301355838775635,0.3585188090801239,27.487808227539062,27.487808227539062,,
80,1783430270.9710007,9.999680005055938e-06,9.999680005055938e-06,,,2.852874279022217,1.6582999229431152,1.1945744752883911,2.852874279022217,26.423988342285156,2.24069881439209,1.1443367004394531,2.5320346355438232,1.3135449886322021,0.3410620391368866,26.423988342285156,26.423988342285156,,
85,1783430273.2290645,9.999660005711927e-06,9.999660005711927e-06,,,2.8092145919799805,1.6471489667892456,1.1620656251907349,2.8092145919799805,26.957469940185547,2.18757963180542,1.158340573310852,2.5376780033111572,1.357404112815857,0.35158637166023254,26.957469940185547,26.957469940185547,,
90,1783430275.48915,9.999640006407914e-06,9.999640006407914e-06,,,2.8315329551696777,1.7034367322921753,1.128096103668213,2.8315329551696777,26.604248046875,2.1864967346191406,1.1615287065505981,2.586228132247925,1.425671100616455,0.3384982943534851,26.604248046875,26.604248046875,,
95,1783430277.7461047,9.9996200071439e-06,9.9996200071439e-06,,,2.9385910034179688,1.7971234321594238,1.1414676904678345,2.9385910034179688,26.23533058166504,2.1303844451904297,1.1917612552642822,2.3963518142700195,1.346282958984375,0.34284257888793945,26.23533058166504,26.23533058166504,,
100,1783430280.0069015,9.999600007919885e-06,9.999600007919885e-06,,,3.07556414604187,1.8652384281158447,1.2103257179260254,3.07556414604187,25.324722290039062,2.034168004989624,1.0946118831634521,2.282382011413574,1.2947652339935303,0.3342588245868683,25.324722290039062,25.324722290039062,,
105,1783430282.2702885,9.999580008735868e-06,9.999580008735868e-06,,,3.1246471405029297,1.9463350772857666,1.178312063217163,3.1246471405029297,26.024662017822266,1.9999345541000366,1.1749122142791748,2.216496467590332,1.406986117362976,0.3467300236225128,26.024662017822266,26.024662017822266,,
110,1783430284.530084,9.999560009591849e-06,9.999560009591849e-06,,,3.1166634559631348,1.9262648820877075,1.1903984546661377,3.1166634559631348,24.822284698486328,1.9283394813537598,1.151914358139038,2.2703795433044434,1.3741536140441895,0.3211769759654999,24.822284698486328,24.822284698486328,,
115,1783430286.794722,9.999540010487829e-06,9.999540010487829e-06,,,3.019638776779175,1.8312088251113892,1.1884299516677856,3.019638776779175,24.971162796020508,2.0487985610961914,1.1705431938171387,2.2264018058776855,1.2040742635726929,0.3309082090854645,24.971162796020508,24.971162796020508,,
120,1783430289.0596776,9.999520011423806e-06,9.999520011423806e-06,,,3.000725746154785,1.8228404521942139,1.1778854131698608,3.000725746154785,25.082366943359375,2.0544486045837402,1.1338648796081543,2.3755381107330322,1.3629237413406372,0.32038065791130066,25.082366943359375,25.082366943359375,,
125,1783430291.3214629,9.999500012399781e-06,9.999500012399781e-06,,,3.0518336296081543,1.8441048860549927,1.2077288627624512,3.0518336296081543,24.614381790161133,2.076040744781494,1.1281700134277344,2.3418729305267334,1.251615285873413,0.3160710036754608,24.614381790161133,24.614381790161133,,
130,1783430293.5843267,9.999480013415755e-06,9.999480013415755e-06,,,2.85672664642334,1.7428148984909058,1.1139118671417236,2.85672664642334,26.431293487548828,2.222728967666626,1.2117929458618164,2.415142059326172,1.4056200981140137,0.3412277102470398,26.431293487548828,26.431293487548828,,
135,1783430295.855007,9.999460014471728e-06,9.999460014471728e-06,,,3.078260898590088,1.8952701091766357,1.1829907894134521,3.078260898590088,25.217069625854492,2.037175416946411,1.1504956483840942,2.270355701446533,1.3580548763275146,0.3282794952392578,25.217069625854492,25.217069625854492,,
140,1783430298.1208534,9.999440015567697e-06,9.999440015567697e-06,,,3.0252766609191895,1.8275226354599,1.1977540254592896,3.0252766609191895,24.482227325439453,2.0447309017181396,1.1293308734893799,2.2930233478546143,1.2995504140853882,0.31384482979774475,24.482227325439453,24.482227325439453,,
145,1783430300.3887837,9.999420016703665e-06,9.999420016703665e-06,,,3.0495567321777344,1.8148860931396484,1.234670639038086,3.0495567321777344,23.91096305847168,2.039022922515869,1.1328575611114502,2.1713924407958984,1.1787694692611694,0.31197240948677063,23.91096305847168,23.91096305847168,,
150,1783430302.6535625,9.99940001787963e-06,9.99940001787963e-06,,,3.055835723876953,1.8612583875656128,1.1945773363113403,3.055835723876953,24.037551879882812,2.108461856842041,1.1189044713974,2.1648898124694824,1.247300148010254,0.3107956349849701,24.037551879882812,24.037551879882812,,
155,1783430304.9222276,9.999380019095594e-06,9.999380019095594e-06,,,2.9942197799682617,1.8534951210021973,1.140724778175354,2.9942197799682617,24.82149314880371,1.998118281364441,1.1932120323181152,2.2925705909729004,1.3573827743530273,0.3184501528739929,24.82149314880371,24.82149314880371,,
160,1783430307.1845586,9.999360020351554e-06,9.999360020351554e-06,,,3.082453727722168,1.9027818441390991,1.1796720027923584,3.082453727722168,25.324983596801758,1.974546194076538,1.1355791091918945,2.4370737075805664,1.4022761583328247,0.32302576303482056,25.324983596801758,25.324983596801758,,
165,1783430309.4529884,9.999340021647511e-06,9.999340021647511e-06,,,3.1259851455688477,1.9541716575622559,1.1718134880065918,3.1259851455688477,24.540760040283203,1.9044026136398315,1.1362695693969727,2.2258830070495605,1.3542455434799194,0.3186629116535187,24.540760040283203,24.540760040283203,,
170,1783430311.721528,9.999320022983466e-06,9.999320022983466e-06,,,3.0334019660949707,1.8409631252288818,1.1924388408660889,3.0334019660949707,23.765499114990234,2.0708749294281006,1.1953108310699463,2.142486333847046,1.2549934387207031,0.3045412003993988,23.765499114990234,23.765499114990234,,
175,1783430313.9876761,9.999300024359418e-06,9.999300024359418e-06,,,3.0665171146392822,1.8604176044464111,1.206099510192871,3.0665171146392822,23.22161865234375,2.0358614921569824,1.1024926900863647,2.1069023609161377,1.2312058210372925,0.2979343831539154,23.22161865234375,23.22161865234375,,
180,1783430316.2524693,9.999280025775368e-06,9.999280025775368e-06,,,3.0376505851745605,1.8112373352050781,1.2264132499694824,3.0376505851745605,23.839723587036133,2.0583653450012207,1.1123034954071045,2.238997220993042,1.2417117357254028,0.3046141266822815,23.839723587036133,23.839723587036133,,
185,1783430318.512631,9.999260027231315e-06,9.999260027231315e-06,,,3.174107074737549,1.9716531038284302,1.2024540901184082,3.174107074737549,23.251447677612305,1.914899230003357,1.1348505020141602,2.069772958755493,1.2633081674575806,0.3007896840572357,23.251447677612305,23.251447677612305,,
190,1783430320.771858,9.999240028727258e-06,9.999240028727258e-06,,,3.074765682220459,1.8628933429718018,1.2118724584579468,3.074765682220459,23.02228546142578,2.0893704891204834,1.1158442497253418,2.1079506874084473,1.1554350852966309,0.295339971780777,23.02228546142578,23.02228546142578,,
195,1783430323.0390494,9.999220030263198e-06,9.999220030263198e-06,,,3.069125175476074,1.8393278121948242,1.2297972440719604,3.069125175476074,23.79985237121582,2.1032919883728027,1.115391492843628,2.2140049934387207,1.1708446741104126,0.3069215714931488,23.79985237121582,23.79985237121582,,
200,1783430325.306503,9.999200031839136e-06,9.999200031839136e-06,,,3.1658084392547607,1.954543113708496,1.2112653255462646,3.1658084392547607,23.685237884521484,1.949923038482666,1.1197636127471924,2.215365171432495,1.3613855838775635,0.29915666580200195,23.685237884521484,23.685237884521484,,
205,1783430327.569135,9.99918003345507e-06,9.99918003345507e-06,,,3.1785264015197754,1.9314066171646118,1.2471197843551636,3.1785264015197754,22.720752716064453,1.9115608930587769,1.0839945077896118,2.1429898738861084,1.2243373394012451,0.28867870569229126,22.720752716064453,22.720752716064453,,
210,1783430329.8420722,9.999160035111001e-06,9.999160035111001e-06,,,3.1674652099609375,1.9819884300231934,1.1854766607284546,3.1674652099609375,23.670169830322266,2.0030007362365723,1.1451315879821777,2.1403772830963135,1.3206093311309814,0.3022236227989197,23.670169830322266,23.670169830322266,,
215,1783430332.110602,9.999140036806929e-06,9.999140036806929e-06,,,3.0807366371154785,1.8858994245529175,1.194837212562561,3.0807366371154785,23.03622817993164,2.0239312648773193,1.136065125465393,2.1315159797668457,1.219976544380188,0.29273882508277893,23.03622817993164,23.03622817993164,,
220,1783430334.3774517,9.999120038542854e-06,9.999120038542854e-06,,,3.1672191619873047,1.9742274284362793,1.192991852760315,3.1672191619873047,23.419357299804688,1.9503127336502075,1.1854126453399658,2.1286842823028564,1.3985192775726318,0.29398277401924133,23.419357299804688,23.419357299804688,,
225,1783430336.6460316,9.999100040318776e-06,9.999100040318776e-06,,,3.1894760131835938,1.9574878215789795,1.2319883108139038,3.1894760131835938,23.337909698486328,1.9659441709518433,1.1141482591629028,2.118433952331543,1.2272922992706299,0.30147477984428406,23.337909698486328,23.337909698486328,,
230,1783430338.9214776,9.999080042134693e-06,9.999080042134693e-06,,,3.073071002960205,1.8877582550048828,1.1853127479553223,3.073071002960205,24.10089111328125,1.9938769340515137,1.149469017982483,2.2564475536346436,1.3230550289154053,0.30663421750068665,24.10089111328125,24.10089111328125,,
235,1783430341.1893764,9.999060043990606e-06,9.999060043990606e-06,,,3.195786476135254,1.9836537837982178,1.2121326923370361,3.195786476135254,22.44419288635254,1.9880592823028564,1.103933572769165,2.02097749710083,1.1686158180236816,0.2882891893386841,22.44419288635254,22.44419288635254,,
240,1783430343.461449,9.999040045886515e-06,9.999040045886515e-06,,,3.1144533157348633,1.9279742240905762,1.1864789724349976,3.1144533157348633,23.251544952392578,2.0191755294799805,1.1455596685409546,2.050245523452759,1.2630497217178345,0.29911595582962036,23.251544952392578,23.251544952392578,,
245,1783430345.7273045,9.999020047822421e-06,9.999020047822421e-06,,,3.1449739933013916,1.9525911808013916,1.1923828125,3.1449739933013916,22.667661666870117,1.9050648212432861,1.1587409973144531,2.0535402297973633,1.2790623903274536,0.28752556443214417,22.667661666870117,22.667661666870117,,
250,1783430348.0005288,9.999000049798324e-06,9.999000049798324e-06,,,3.1403937339782715,1.9128153324127197,1.2275784015655518,3.1403937339782715,23.004430770874023,2.045328140258789,1.1261084079742432,2.2335004806518555,1.263336181640625,0.2853182554244995,23.004430770874023,23.004430770874023,,
255,1783430350.2679536,9.998980051814222e-06,9.998980051814222e-06,,,3.215292453765869,1.9974710941314697,1.2178212404251099,3.215292453765869,21.920028686523438,1.911961555480957,1.1321748495101929,1.831883192062378,1.1142733097076416,0.28852397203445435,21.920028686523438,21.920028686523438,,
260,1783430352.5352476,9.998960053870116e-06,9.998960053870116e-06,,,3.207789897918701,1.990074872970581,1.2177149057388306,3.207789897918701,22.831865310668945,1.8808355331420898,1.114164113998413,2.098203659057617,1.274627447128296,0.2909156382083893,22.831865310668945,22.831865310668945,,
265,1783430354.8086388,9.998940055966006e-06,9.998940055966006e-06,,,3.1928043365478516,2.0055861473083496,1.1872180700302124,3.1928043365478516,22.54282569885254,1.8482778072357178,1.1496310234069824,1.9985002279281616,1.2358115911483765,0.2905842959880829,22.54282569885254,22.54282569885254,,
270,1783430357.07719,9.998920058101891e-06,9.998920058101891e-06,,,3.2544655799865723,2.027642011642456,1.2268235683441162,3.2544655799865723,21.705204010009766,1.9320499897003174,1.0672235488891602,1.9214754104614258,1.1762980222702026,0.27800852060317993,21.705204010009766,21.705204010009766,,
275,1783430359.3465543,9.998900060277773e-06,9.998900060277773e-06,,,3.195073127746582,1.9831175804138184,1.2119555473327637,3.195073127746582,22.242372512817383,1.864159345626831,1.1329618692398071,1.9704155921936035,1.215081810951233,0.2860945761203766,22.242372512817383,22.242372512817383,,
280,1783430361.610772,9.99888006249365e-06,9.99888006249365e-06,,,3.2307639122009277,2.0076045989990234,1.2231593132019043,3.2307639122009277,22.364229202270508,1.8847647905349731,1.113681435585022,2.0693984031677246,1.2724016904830933,0.28182628750801086,22.364229202270508,22.364229202270508,,
285,1783430363.8789845,9.998860064749523e-06,9.998860064749523e-06,,,3.1581454277038574,1.9334142208099365,1.2247313261032104,3.1581454277038574,21.619709014892578,1.884591817855835,1.1261687278747559,1.9943068027496338,1.1928952932357788,0.27187877893447876,21.619709014892578,21.619709014892578,,
290,1783430366.143326,9.998840067045391e-06,9.998840067045391e-06,,,3.313305616378784,2.081068515777588,1.2322371006011963,3.313305616378784,22.008573532104492,1.8715717792510986,1.0705320835113525,1.8989826440811157,1.2322862148284912,0.2845318019390106,22.008573532104492,22.008573532104492,,
295,1783430368.4085042,9.998820069381254e-06,9.998820069381254e-06,,,3.2724902629852295,2.023763418197632,1.2487268447875977,3.2724902629852295,21.39905548095703,1.8608959913253784,1.0842177867889404,1.9637941122055054,1.1505486965179443,0.2716723680496216,21.39905548095703,21.39905548095703,,
300,1783430370.6720064,9.998800071757113e-06,9.998800071757113e-06,,,3.1686792373657227,1.9498236179351807,1.2188557386398315,3.1686792373657227,22.45720100402832,1.869268774986267,1.0757728815078735,2.1481847763061523,1.3012511730194092,0.2802952826023102,22.45720100402832,22.45720100402832,,
305,1783430372.9344027,9.998780074172968e-06,9.998780074172968e-06,,,3.1912899017333984,1.9767866134643555,1.2145034074783325,3.1912899017333984,22.672637939453125,1.9293835163116455,1.141188144683838,2.0770511627197266,1.260894775390625,0.2872483432292938,22.672637939453125,22.672637939453125,,
310,1783430375.2024457,9.998760076628816e-06,9.998760076628816e-06,,,3.218259811401367,2.007957935333252,1.2103018760681152,3.218259811401367,21.23351287841797,1.7687510251998901,1.0900050401687622,1.8847347497940063,1.1970703601837158,0.27135878801345825,21.23351287841797,21.23351287841797,,
315,1783430377.4699178,9.99874007912466e-06,9.99874007912466e-06,,,3.2456917762756348,2.019808530807495,1.2258832454681396,3.2456917762756348,21.917232513427734,1.8514732122421265,1.1092503070831299,2.063066244125366,1.2441811561584473,0.2742669880390167,21.917232513427734,21.917232513427734,,
320,1783430379.7414331,9.9987200816605e-06,9.9987200816605e-06,,,3.2505788803100586,1.9864153861999512,1.2641634941101074,3.2505788803100586,21.765438079833984,1.8626469373703003,1.1016323566436768,2.0071845054626465,1.1979492902755737,0.2753531336784363,21.765438079833984,21.765438079833984,,
325,1783430382.0125957,9.998700084236334e-06,9.998700084236334e-06,,,3.251297950744629,2.0321006774902344,1.219197154045105,3.251297950744629,21.348731994628906,1.8715028762817383,1.0890159606933594,1.8530049324035645,1.1909955739974976,0.27333807945251465,21.348731994628906,21.348731994628906,,
330,1783430384.281416,9.998680086852161e-06,9.998680086852161e-06,,,3.237344741821289,1.9982973337173462,1.2390472888946533,3.237344741821289,21.8198184967041,1.8699266910552979,1.1351449489593506,1.911141037940979,1.1685078144073486,0.28123217821121216,21.8198184967041,21.8198184967041,,
335,1783430386.5558627,9.998660089507986e-06,9.998660089507986e-06,,,3.150451421737671,1.9611228704452515,1.1893285512924194,3.150451421737671,22.464061737060547,1.9065656661987305,1.1527496576309204,2.031409978866577,1.2362744808197021,0.28598615527153015,22.464061737060547,22.464061737060547,,
340,1783430388.823171,9.998640092203804e-06,9.998640092203804e-06,,,3.2324271202087402,2.0240910053253174,1.2083361148834229,3.2324271202087402,22.456100463867188,1.8776099681854248,1.1222034692764282,2.067911148071289,1.2702579498291016,0.28399884700775146,22.456100463867188,22.456100463867188,,
345,1783430391.0901206,9.998620094939618e-06,9.998620094939618e-06,,,3.3019485473632812,2.043867588043213,1.258081078529358,3.3019485473632812,21.650516510009766,1.7903900146484375,1.0817511081695557,2.0176830291748047,1.2039754390716553,0.27411240339279175,21.650516510009766,21.650516510009766,,
350,1783430393.358855,9.998600097715424e-06,9.998600097715424e-06,,,3.1764323711395264,1.9638351202011108,1.2125972509384155,3.1764323711395264,22.054645538330078,1.8964908123016357,1.1249754428863525,2.0304083824157715,1.2469123601913452,0.2773008346557617,22.054645538330078,22.054645538330078,,
355,1783430395.6313028,9.998580100531225e-06,9.998580100531225e-06,,,3.237917900085449,2.0119669437408447,1.225950837135315,3.237917900085449,22.067096710205078,1.8415238857269287,1.1094083786010742,2.1069791316986084,1.2959911823272705,0.2735605239868164,22.067096710205078,22.067096710205078,,
360,1783430397.9003077,9.99856010338702e-06,9.99856010338702e-06,,,3.3248496055603027,2.0857534408569336,1.2390960454940796,3.3248496055603027,21.533985137939453,1.8685739040374756,1.1163849830627441,1.8483389616012573,1.1515604257583618,0.27887171506881714,21.533985137939453,21.533985137939453,,
365,1783430400.1734216,9.99854010628281e-06,9.99854010628281e-06,,,3.252147674560547,2.0209271907806396,1.2312203645706177,3.252147674560547,21.567707061767578,1.8364298343658447,1.0887830257415771,1.9694339036941528,1.1996928453445435,0.2734275758266449,21.567707061767578,21.567707061767578,,
370,1783430402.4485383,9.998520109218592e-06,9.998520109218592e-06,,,3.2080585956573486,2.0001351833343506,1.207923412322998,3.2080585956573486,22.110595703125,1.8402702808380127,1.1541882753372192,1.9571077823638916,1.2609021663665771,0.2817803621292114,22.110595703125,22.110595703125,,
375,1783430404.7220485,9.99850011219437e-06,9.99850011219437e-06,,,3.174126625061035,1.9714186191558838,1.2027078866958618,3.174126625061035,23.04498863220215,1.932579517364502,1.1425223350524902,2.076875686645508,1.3326926231384277,0.29223892092704773,23.04498863220215,23.04498863220215,,
380,1783430406.9868739,9.998480115210141e-06,9.998480115210141e-06,,,3.230123996734619,2.0113770961761475,1.2187469005584717,3.230123996734619,21.98442840576172,1.864734172821045,1.1364680528640747,2.011747360229492,1.2277249097824097,0.2778729498386383,21.98442840576172,21.98442840576172,,
385,1783430409.2499359,9.998460118265906e-06,9.998460118265906e-06,,,3.194302558898926,1.9856107234954834,1.2086917161941528,3.194302558898926,22.270931243896484,1.88791024684906,1.1051779985427856,2.0752415657043457,1.2855992317199707,0.2790257930755615,22.270931243896484,22.270931243896484,,
390,1783430417.1594968,9.998440121361666e-06,9.998440121361666e-06,,,3.143245220184326,1.932041883468628,1.2112034559249878,3.143245220184326,22.284807205200195,1.9342559576034546,1.1104347705841064,2.055664300918579,1.2068983316421509,0.28255537152290344,22.284807205200195,22.284807205200195,,
390,1783430425.2868218,,,,,,,,,,,,,,,,,0.26264228984713556,0.26264228984713556
390,1783430427.0279605,,,1735.728631000029,688.2658433914185,,,,,,,,,,,,,,
390,1783430428.5762947,,,1540.9536360000402,688.2658433914185,,,,,,,,,,,,,,
395,1783430430.9727387,9.99842012449742e-06,9.99842012449742e-06,,,3.257066488265991,2.020707368850708,1.2363591194152832,3.257066488265991,21.7002010345459,1.8469229936599731,1.120958924293518,1.9785500764846802,1.1754348278045654,0.2760966122150421,21.7002010345459,21.7002010345459,,
400,1783430433.2394505,9.998400127673167e-06,9.998400127673167e-06,,,3.204735279083252,1.9885131120681763,1.2162221670150757,3.204735279083252,22.404584884643555,1.9087589979171753,1.0997004508972168,2.079559087753296,1.2384077310562134,0.2835598289966583,22.404584884643555,22.404584884643555,,
405,1783430435.5088441,9.998380130888909e-06,9.998380130888909e-06,,,3.1889894008636475,2.0047619342803955,1.184227466583252,3.1889894008636475,22.10225486755371,1.8767849206924438,1.1732699871063232,1.972666621208191,1.2285159826278687,0.28110745549201965,22.10225486755371,22.10225486755371,,
410,1783430437.7893174,9.998360134144645e-06,9.998360134144645e-06,,,3.161306858062744,1.925408124923706,1.235898733139038,3.161306858062744,22.44522476196289,1.9390559196472168,1.1306089162826538,2.1815598011016846,1.2774487733840942,0.27683427929878235,22.44522476196289,22.44522476196289,,
415,1783430440.057528,9.998340137440374e-06,9.998340137440374e-06,,,3.2166781425476074,2.010448932647705,1.2062292098999023,3.2166781425476074,22.027347564697266,1.8646020889282227,1.1450108289718628,2.018026351928711,1.2557495832443237,0.27711519598960876,22.027347564697266,22.027347564697266,,
420,1783430442.3218272,9.998320140776095e-06,9.998320140776095e-06,,,3.2693798542022705,2.0464205741882324,1.222959280014038,3.2693798542022705,21.31178092956543,1.827514410018921,1.1059060096740723,1.9129537343978882,1.2117969989776611,0.2695302367210388,21.31178092956543,21.31178092956543,,
425,1783430444.5877051,9.99830014415181e-06,9.99830014415181e-06,,,3.2348833084106445,2.015876293182373,1.219007134437561,3.2348833084106445,21.779624938964844,1.8678308725357056,1.1163772344589233,1.98406183719635,1.2117615938186646,0.2756393253803253,21.779624938964844,21.779624938964844,,
430,1783430446.8520453,9.99828014756752e-06,9.99828014756752e-06,,,3.2472829818725586,2.031506061553955,1.2157769203186035,3.2472829818725586,21.294857025146484,1.801687479019165,1.1257046461105347,1.9273886680603027,1.2248902320861816,0.2680646479129791,21.294857025146484,21.294857025146484,,
435,1783430449.1146348,9.99826015102322e-06,9.99826015102322e-06,,,3.2468178272247314,2.0221610069274902,1.2246568202972412,3.2468178272247314,21.243671417236328,1.8773237466812134,1.0889513492584229,1.906033992767334,1.1845799684524536,0.26880374550819397,21.243671417236328,21.243671417236328,,
440,1783430451.38024,9.998240154518914e-06,9.998240154518914e-06,,,3.2460761070251465,2.003305673599243,1.2427704334259033,3.2460761070251465,21.280500411987305,1.8971209526062012,1.1282843351364136,1.9412331581115723,1.169785499572754,0.2674012780189514,21.280500411987305,21.280500411987305,,
445,1783430453.6440156,9.998220158054601e-06,9.998220158054601e-06,,,3.2067573070526123,1.9688782691955566,1.2378790378570557,3.2067573070526123,21.587486267089844,1.9012459516525269,1.114356517791748,2.089404582977295,1.2245570421218872,0.2654213607311249,21.587486267089844,21.587486267089844,,
450,1783430455.9100223,9.998200161630282e-06,9.998200161630282e-06,,,3.231602191925049,1.997935175895691,1.2336668968200684,3.231602191925049,21.790573120117188,1.8151103258132935,1.1163899898529053,2.094219446182251,1.273985505104065,0.26939254999160767,21.790573120117188,21.790573120117188,,
455,1783430458.1754045,9.998180165245956e-06,9.998180165245956e-06,,,3.1733241081237793,1.958709955215454,1.2146140336990356,3.1733241081237793,22.46550750732422,1.9185826778411865,1.129533290863037,2.1944406032562256,1.3352385759353638,0.27462294697761536,22.46550750732422,22.46550750732422,,
460,1783430460.438747,9.998160168901621e-06,9.998160168901621e-06,,,3.125633716583252,1.911001205444336,1.214632511138916,3.125633716583252,22.29656410217285,1.9793362617492676,1.091418981552124,2.153447151184082,1.239830493927002,0.27642786502838135,22.29656410217285,22.29656410217285,,
465,1783430462.7256749,9.99814017259728e-06,9.99814017259728e-06,,,3.2520668506622314,2.0255205631256104,1.226546287536621,3.2520668506622314,21.63227081298828,1.8936800956726074,1.084947109222412,2.04233980178833,1.2448076009750366,0.2684299647808075,21.63227081298828,21.63227081298828,,
470,1783430464.98683,9.998120176332932e-06,9.998120176332932e-06,,,3.2611114978790283,2.026433229446411,1.2346782684326172,3.2611114978790283,21.177410125732422,1.8770878314971924,1.1034388542175293,1.9925642013549805,1.1859266757965088,0.2631089389324188,21.177410125732422,21.177410125732422,,
475,1783430467.2507746,9.998100180108575e-06,9.998100180108575e-06,,,3.2986440658569336,2.06898832321167,1.2296558618545532,3.2986440658569336,21.25867462158203,1.8135690689086914,1.1637685298919678,1.9167029857635498,1.2022879123687744,0.2676301598548889,21.25867462158203,21.25867462158203,,
480,1783430469.5147498,9.998080183924211e-06,9.998080183924211e-06,,,3.148519515991211,1.9465045928955078,1.2020150423049927,3.148519515991211,21.780712127685547,1.9096271991729736,1.1438401937484741,1.9839293956756592,1.2019104957580566,0.2745681405067444,21.780712127685547,21.780712127685547,,
485,1783430471.7789927,9.99806018777984e-06,9.99806018777984e-06,,,3.2075648307800293,2.0006654262542725,1.2068994045257568,3.2075648307800293,21.86174201965332,1.810765266418457,1.1235318183898926,2.0696566104888916,1.2855219841003418,0.27149084210395813,21.86174201965332,21.86174201965332,,
490,1783430474.0432162,9.998040191675461e-06,9.998040191675461e-06,,,3.289360523223877,2.0605690479278564,1.22879159450531,3.289360523223877,21.608627319335938,1.8065482378005981,1.158066987991333,1.9653898477554321,1.2213290929794312,0.2726794183254242,21.608627319335938,21.608627319335938,,
495,1783430476.3039742,9.998020195611073e-06,9.998020195611073e-06,,,3.2789595127105713,2.0216612815856934,1.257298231124878,3.2789595127105713,20.929584503173828,1.9153879880905151,1.1003847122192383,1.9471358060836792,1.1607229709625244,0.25995761156082153,20.929584503173828,20.929584503173828,,
500,1783430478.5732615,9.998000199586678e-06,9.998000199586678e-06,,,3.148045301437378,1.9538805484771729,1.194164752960205,3.148045301437378,22.55223846435547,1.8706297874450684,1.1248403787612915,2.181766986846924,1.330659031867981,0.27848702669143677,22.55223846435547,22.55223846435547,,
505,1783430480.839614,9.997980203602275e-06,9.997980203602275e-06,,,3.309206485748291,2.0726377964019775,1.2365686893463135,3.309206485748291,21.574045181274414,1.8587766885757446,1.1094430685043335,1.9008210897445679,1.2274812459945679,0.2744271159172058,21.574045181274414,21.574045181274414,,
510,1783430483.1084368,9.997960207657864e-06,9.997960207657864e-06,,,3.2384471893310547,2.028949499130249,1.2094976902008057,3.2384471893310547,21.63454818725586,1.8356882333755493,1.1121149063110352,1.999338150024414,1.24692964553833,0.27098244428634644,21.63454818725586,21.63454818725586,,
515,1783430485.371079,9.997940211753445e-06,9.997940211753445e-06,,,3.122756004333496,1.9202626943588257,1.2024933099746704,3.122756004333496,22.542802810668945,1.9317398071289062,1.1360009908676147,2.1198863983154297,1.2848608493804932,0.2814570367336273,22.542802810668945,22.542802810668945,,
520,1783430487.6331403,9.997920215889018e-06,9.997920215889018e-06,,,3.207134246826172,1.9923229217529297,1.2148113250732422,3.207134246826172,22.0588321685791,1.8752660751342773,1.1170562505722046,2.131737470626831,1.3182084560394287,0.2703692615032196,22.0588321685791,22.0588321685791,,
525,1783430489.9006743,9.997900220064582e-06,9.997900220064582e-06,,,3.272864818572998,2.0113000869750977,1.2615647315979004,3.272864818572998,20.99837303161621,1.8764925003051758,1.1143139600753784,2.0245954990386963,1.2060441970825195,0.25658413767814636,20.99837303161621,20.99837303161621,,
530,1783430492.167782,9.997880224280138e-06,9.997880224280138e-06,,,3.2542543411254883,2.003535509109497,1.2507187128067017,3.2542543411254883,20.938413619995117,1.8110709190368652,1.0771992206573486,1.9316425323486328,1.1881122589111328,0.26245853304862976,20.938413619995117,20.938413619995117,,
535,1783430494.4339428,9.997860228535685e-06,9.997860228535685e-06,,,3.3018202781677246,2.0536444187164307,1.248175859451294,3.3018202781677246,20.880355834960938,1.8231240510940552,1.0654962062835693,1.9954451322555542,1.2283705472946167,0.2565356492996216,20.880355834960938,20.880355834960938,,
540,1783430496.700865,9.997840232831224e-06,9.997840232831224e-06,,,3.2306790351867676,2.0189082622528076,1.21177077293396,3.2306790351867676,21.269580841064453,1.8447599411010742,1.1386104822158813,1.9756752252578735,1.2055846452713013,0.26497092843055725,21.269580841064453,21.269580841064453,,
545,1783430498.9626875,9.997820237166754e-06,9.997820237166754e-06,,,3.2205491065979004,2.0157361030578613,1.2048131227493286,3.2205491065979004,21.948427200317383,1.8809021711349487,1.093961238861084,2.067445993423462,1.3172317743301392,0.2712046504020691,21.948427200317383,21.948427200317383,,
550,1783430501.2288055,9.997800241542276e-06,9.997800241542276e-06,,,3.2804620265960693,2.050652265548706,1.2298097610473633,3.2804620265960693,21.427989959716797,1.8369598388671875,1.1050748825073242,1.9464646577835083,1.2483272552490234,0.2688082158565521,21.427989959716797,21.427989959716797,,
555,1783430503.4947276,9.99778024595779e-06,9.99778024595779e-06,,,3.3383641242980957,2.0852677822113037,1.253096342086792,3.3383641242980957,21.108909606933594,1.7785065174102783,1.1298789978027344,1.9845552444458008,1.2270489931106567,0.26171809434890747,21.108909606933594,21.108909606933594,,
560,1783430505.7627254,9.997760250413293e-06,9.997760250413293e-06,,,3.2451682090759277,2.0310449600219727,1.2141231298446655,3.2451682090759277,21.353891372680664,1.8240691423416138,1.1168807744979858,2.0324103832244873,1.2912449836730957,0.26145845651626587,21.353891372680664,21.353891372680664,,
565,1783430508.0332737,9.997740254908787e-06,9.997740254908787e-06,,,3.212486743927002,1.9974250793457031,1.2150616645812988,3.212486743927002,21.656352996826172,1.8877861499786377,1.1319392919540405,2.0437278747558594,1.224241852760315,0.2689042091369629,21.656352996826172,21.656352996826172,,
570,1783430510.3050513,9.997720259444273e-06,9.997720259444273e-06,,,3.147559642791748,1.928126335144043,1.219433307647705,3.147559642791748,21.69905662536621,1.8850526809692383,1.1400617361068726,2.054478883743286,1.221413493156433,0.2693813145160675,21.69905662536621,21.69905662536621,,
575,1783430512.5751014,9.99770026401975e-06,9.99770026401975e-06,,,3.2504477500915527,2.041696786880493,1.2087509632110596,3.2504477500915527,22.237863540649414,1.8257488012313843,1.1082022190093994,2.124976634979248,1.3178377151489258,0.27596190571784973,22.237863540649414,22.237863540649414,,
580,1783430514.8402872,9.997680268635218e-06,9.997680268635218e-06,,,3.2724428176879883,2.039358139038086,1.233084797859192,3.2724428176879883,21.659690856933594,1.855726718902588,1.0664829015731812,2.0445587635040283,1.237793207168579,0.2705061733722687,21.659690856933594,21.659690856933594,,
585,1783430517.1105986,9.997660273290677e-06,9.997660273290677e-06,,,3.2303342819213867,1.9766411781311035,1.2536931037902832,3.2303342819213867,21.28467559814453,1.8598719835281372,1.068359375,2.110995292663574,1.240024447441101,0.2589867413043976,21.28467559814453,21.28467559814453,,
590,1783430519.3761473,9.997640277986127e-06,9.997640277986127e-06,,,3.2590270042419434,2.049887180328369,1.2091398239135742,3.2590270042419434,21.961545944213867,1.8508230447769165,1.1291816234588623,2.0505688190460205,1.2707188129425049,0.2741992175579071,21.961545944213867,21.961545944213867,,
595,1783430521.6428044,9.997620282721566e-06,9.997620282721566e-06,,,3.302995204925537,2.0707335472106934,1.2322615385055542,3.302995204925537,21.216432571411133,1.7827568054199219,1.1020393371582031,1.908645749092102,1.2286628484725952,0.26793375611305237,21.216432571411133,21.216432571411133,,
600,1783430523.9105084,9.997600287496996e-06,9.997600287496996e-06,,,3.222168445587158,2.0104198455810547,1.211748719215393,3.222168445587158,21.548269271850586,1.8677184581756592,1.1142983436584473,1.983346700668335,1.2799348831176758,0.2675486207008362,21.548269271850586,21.548269271850586,,
605,1783430526.1738074,9.997580292312418e-06,9.997580292312418e-06,,,3.286451816558838,2.038980007171631,1.247471809387207,3.286451816558838,20.63714599609375,1.8386008739471436,1.0844151973724365,1.9076181650161743,1.1646350622177124,0.25710272789001465,20.63714599609375,20.63714599609375,,
610,1783430528.4407969,9.99756029716783e-06,9.99756029716783e-06,,,3.2503743171691895,2.0268311500549316,1.2235430479049683,3.2503743171691895,21.086530685424805,1.8952953815460205,1.1052145957946777,1.976357340812683,1.2167675495147705,0.2599949538707733,21.086530685424805,21.086530685424805,,
615,1783430530.7047567,9.997540302063231e-06,9.997540302063231e-06,,,3.139676094055176,1.97072434425354,1.1689517498016357,3.139676094055176,22.643077850341797,1.8779343366622925,1.1798954010009766,2.1235110759735107,1.3793485164642334,0.2795450985431671,22.643077850341797,22.643077850341797,,
620,1783430532.9648921,9.997520306998622e-06,9.997520306998622e-06,,,3.1895318031311035,1.9668742418289185,1.2226574420928955,3.1895318031311035,21.73305892944336,1.8328075408935547,1.167171835899353,1.916197657585144,1.2206039428710938,0.2768772542476654,21.73305892944336,21.73305892944336,,
625,1783430535.232353,9.997500311974002e-06,9.997500311974002e-06,,,3.2396957874298096,2.0212740898132324,1.2184216976165771,3.2396957874298096,21.175838470458984,1.842537760734558,1.0970791578292847,1.9733316898345947,1.2195470333099365,0.2633436620235443,21.175838470458984,21.175838470458984,,
630,1783430537.4982116,9.997480316989374e-06,9.997480316989374e-06,,,3.2334837913513184,2.0025386810302734,1.230945110321045,3.2334837913513184,21.667434692382812,1.9684205055236816,1.1361384391784668,2.033268451690674,1.1830226182937622,0.26956209540367126,21.667434692382812,21.667434692382812,,
635,1783430539.770605,9.997460322044736e-06,9.997460322044736e-06,,,3.189603090286255,1.9790152311325073,1.2105878591537476,3.189603090286255,21.143346786499023,1.8759782314300537,1.1230826377868652,1.9061764478683472,1.146011233329773,0.26755353808403015,21.143346786499023,21.143346786499023,,
640,1783430542.0414484,9.997440327140087e-06,9.997440327140087e-06,,,3.2398886680603027,2.02144193649292,1.2184468507766724,3.2398886680603027,21.445648193359375,1.8509360551834106,1.111976981163025,2.011960983276367,1.2444543838500977,0.26599788665771484,21.445648193359375,21.445648193359375,,
645,1783430544.3039901,9.997420332275428e-06,9.997420332275428e-06,,,3.241023540496826,2.0155375003814697,1.225486159324646,3.241023540496826,21.703140258789062,1.8268864154815674,1.1354188919067383,1.9783365726470947,1.255536675453186,0.2727352976799011,21.703140258789062,21.703140258789062,,
650,1783430546.564967,9.997400337450759e-06,9.997400337450759e-06,,,3.2910377979278564,2.074781894683838,1.2162559032440186,3.2910377979278564,21.14661979675293,1.8188449144363403,1.1018481254577637,1.905934453010559,1.251969337463379,0.2646693289279938,21.14661979675293,21.14661979675293,,
655,1783430548.8302295,9.997380342666078e-06,9.997380342666078e-06,,,3.1871557235717773,1.9548566341400146,1.2322990894317627,3.1871557235717773,21.62730598449707,1.8777512311935425,1.1465158462524414,2.0795655250549316,1.2396429777145386,0.2658804953098297,21.62730598449707,21.62730598449707,,
660,1783430551.0957763,9.997360347921388e-06,9.997360347921388e-06,,,3.231173276901245,2.018906354904175,1.2122669219970703,3.231173276901245,21.884174346923828,1.912889003753662,1.097754955291748,2.078397750854492,1.2698725461959839,0.2705998122692108,21.884174346923828,21.884174346923828,,
665,1783430553.36044,9.997340353216687e-06,9.997340353216687e-06,,,3.23748779296875,2.015183925628662,1.2223039865493774,3.23748779296875,21.167461395263672,1.8460769653320312,1.0761380195617676,2.026454448699951,1.264461636543274,0.2591870129108429,21.167461395263672,21.167461395263672,,
670,1783430555.6302838,9.997320358551977e-06,9.997320358551977e-06,,,3.241548538208008,2.0237908363342285,1.2177577018737793,3.241548538208008,21.610158920288086,1.8842982053756714,1.1150482892990112,1.9935356378555298,1.2624342441558838,0.26886382699012756,21.610158920288086,21.610158920288086,,
675,1783430557.9046104,9.997300363927255e-06,9.997300363927255e-06,,,3.224883556365967,2.0005366802215576,1.2243467569351196,3.224883556365967,20.995685577392578,1.8195278644561768,1.0813957452774048,1.991532325744629,1.1855049133300781,0.2609041631221771,20.995685577392578,20.995685577392578,,
680,1783430560.169294,9.997280369342522e-06,9.997280369342522e-06,,,3.1573734283447266,1.9639403820037842,1.1934329271316528,3.1573734283447266,21.859134674072266,1.9330569505691528,1.1284865140914917,2.08443021774292,1.2725266218185425,0.26852619647979736,21.859134674072266,21.859134674072266,,
685,1783430562.4365304,9.997260374797778e-06,9.997260374797778e-06,,,3.227552890777588,1.9917089939117432,1.2358440160751343,3.227552890777588,21.371868133544922,1.8481563329696655,1.1116087436676025,2.107395648956299,1.2946953773498535,0.25795382261276245,21.371868133544922,21.371868133544922,,
690,1783430564.7073233,9.997240380293024e-06,9.997240380293024e-06,,,3.203138589859009,2.00504469871521,1.1980938911437988,3.203138589859009,21.666728973388672,1.8428233861923218,1.1150277853012085,2.0544919967651367,1.2734580039978027,0.26784396171569824,21.666728973388672,21.666728973388672,,
695,1783430566.9714332,9.997220385828257e-06,9.997220385828257e-06,,,3.244062900543213,1.9983986616134644,1.245664119720459,3.244062900543213,20.76430892944336,1.936874508857727,1.0934820175170898,1.9550373554229736,1.1618047952651978,0.2555615305900574,20.76430892944336,20.76430892944336,,
700,1783430569.2334566,9.99720039140348e-06,9.99720039140348e-06,,,3.2840871810913086,2.0502264499664307,1.233860731124878,3.2840871810913086,21.085926055908203,1.8070087432861328,1.096341848373413,2.019341230392456,1.2315267324447632,0.25957420468330383,21.085926055908203,21.085926055908203,,
705,1783430571.4924715,9.997180397018693e-06,9.997180397018693e-06,,,3.257002353668213,1.995214581489563,1.2617876529693604,3.257002353668213,20.1021785736084,1.8295717239379883,1.0813841819763184,1.812671184539795,1.074758768081665,0.2536969780921936,20.1021785736084,20.1021785736084,,
710,1783430573.7553036,9.997160402673893e-06,9.997160402673893e-06,,,3.2743282318115234,2.0238358974456787,1.2504924535751343,3.2743282318115234,20.474660873413086,1.8469691276550293,1.0278383493423462,1.9459528923034668,1.153988242149353,0.2533327043056488,20.474660873413086,20.474660873413086,,
715,1783430576.0183249,9.997140408369082e-06,9.997140408369082e-06,,,3.292137622833252,2.0510551929473877,1.2410823106765747,3.292137622833252,20.289949417114258,1.7962079048156738,1.1207952499389648,1.8559772968292236,1.1701574325561523,0.25157058238983154,20.289949417114258,20.289949417114258,,
720,1783430578.2820537,9.99712041410426e-06,9.99712041410426e-06,,,3.2462081909179688,1.9793020486831665,1.2669061422348022,3.2462081909179688,20.5490779876709,1.8815219402313232,1.0973469018936157,1.952911138534546,1.1451430320739746,0.2527577877044678,20.5490779876709,20.5490779876709,,
725,1783430580.5443993,9.997100419879426e-06,9.997100419879426e-06,,,3.258314371109009,1.9758896827697754,1.2824246883392334,3.258314371109009,20.355899810791016,1.85853910446167,1.0346159934997559,1.869947910308838,1.0973734855651855,0.2561800479888916,20.355899810791016,20.355899810791016,,
730,1783430582.8080626,9.99708042569458e-06,9.99708042569458e-06,,,3.2079949378967285,1.9947216510772705,1.213273286819458,3.2079949378967285,20.912521362304688,1.844779133796692,1.1197669506072998,2.026141881942749,1.2332539558410645,0.2539818584918976,20.912521362304688,20.912521362304688,,
735,1783430585.0684426,9.997060431549722e-06,9.997060431549722e-06,,,3.179426670074463,1.9497408866882324,1.2296857833862305,3.179426670074463,21.219648361206055,1.8882501125335693,1.0861891508102417,2.0404064655303955,1.2269957065582275,0.26023122668266296,21.219648361206055,21.219648361206055,,
740,1783430587.331,9.997040437444853e-06,9.997040437444853e-06,,,3.2388134002685547,2.012263059616089,1.2265504598617554,3.2388134002685547,21.010154724121094,1.8904136419296265,1.0951051712036133,1.9255516529083252,1.1617636680603027,0.26333343982696533,21.010154724121094,21.010154724121094,,
745,1783430589.5990713,9.997020443379973e-06,9.997020443379973e-06,,,3.2600765228271484,2.006284713745117,1.2537919282913208,3.2600765228271484,20.73335838317871,1.8827197551727295,1.1073288917541504,1.9052742719650269,1.1276800632476807,0.2594977617263794,20.73335838317871,20.73335838317871,,
750,1783430591.8665779,9.997000449355081e-06,9.997000449355081e-06,,,3.2452614307403564,2.0071496963500977,1.2381117343902588,3.2452614307403564,20.752239227294922,1.8568611145019531,1.0856106281280518,1.905983567237854,1.1430975198745728,0.26025789976119995,20.752239227294922,20.752239227294922,,
755,1783430594.141295,9.996980455370177e-06,9.996980455370177e-06,,,3.2635488510131836,1.9936145544052124,1.2699344158172607,3.2635488510131836,21.345956802368164,1.7685227394104004,1.0714131593704224,2.121232271194458,1.2258232831954956,0.26248690485954285,21.345956802368164,21.345956802368164,,
760,1783430596.4111042,9.996960461425262e-06,9.996960461425262e-06,,,3.2825918197631836,2.024111747741699,1.258480191230774,3.2825918197631836,20.23080062866211,1.844146490097046,1.1052106618881226,1.7734675407409668,1.1062029600143433,0.25604677200317383,20.23080062866211,20.23080062866211,,
765,1783430598.67361,9.996940467520333e-06,9.996940467520333e-06,,,3.323089599609375,2.073521375656128,1.249568223953247,3.323089599609375,20.63422203063965,1.7828565835952759,1.0634084939956665,2.00468111038208,1.1782779693603516,0.25382304191589355,20.63422203063965,20.63422203063965,,
770,1783430600.9332545,9.996920473655393e-06,9.996920473655393e-06,,,3.2642879486083984,2.0183629989624023,1.2459250688552856,3.2642879486083984,20.702877044677734,1.8264307975769043,1.0574851036071777,1.9896748065948486,1.2488799095153809,0.25204116106033325,20.702877044677734,20.702877044677734,,
775,1783430603.19535,9.99690047983044e-06,9.99690047983044e-06,,,3.196378707885742,1.9808534383773804,1.2155251502990723,3.196378707885742,21.225006103515625,1.803950309753418,1.1454670429229736,2.0684680938720703,1.2176144123077393,0.260076105594635,21.225006103515625,21.225006103515625,,
780,1783430605.3707478,9.996880486045475e-06,9.996880486045475e-06,,,3.215080976486206,1.9892596006393433,1.2258213758468628,3.215080976486206,21.799991607666016,1.9154092073440552,1.133238673210144,2.0841495990753174,1.3231803178787231,0.26525965332984924,21.799991607666016,21.799991607666016,,
780,1783430611.17446,,,,,,,,,,,,,,,,,0.24653343871235847,0.24653343871235847
780,1783430612.733791,,,1554.2056750000484,688.2660264968872,,,,,,,,,,,,,,
780,1783430614.9966178,,,2256.0119139999415,688.2660264968872,,,,,,,,,,,,,,
785,1783430617.3713758,9.996860492300497e-06,9.996860492300497e-06,,,3.2333714962005615,1.9773776531219482,1.2559938430786133,3.2333714962005615,21.492647171020508,1.9348065853118896,1.0991132259368896,2.120894432067871,1.2354788780212402,0.26102179288864136,21.492647171020508,21.492647171020508,,
790,1783430619.6351764,9.996840498595506e-06,9.996840498595506e-06,,,3.2340753078460693,2.0192506313323975,1.2148246765136719,3.2340753078460693,21.58879852294922,1.8086249828338623,1.0995357036590576,2.011185646057129,1.2983791828155518,0.268033504486084,21.58879852294922,21.58879852294922,,
795,1783430621.8996916,9.996820504930503e-06,9.996820504930503e-06,,,3.1869397163391113,1.9538029432296753,1.2331368923187256,3.1869397163391113,21.198816299438477,1.8566563129425049,1.0818302631378174,1.996744155883789,1.1480822563171387,0.26601508259773254,21.198816299438477,21.198816299438477,,
800,1783430624.1654682,9.996800511305488e-06,9.996800511305488e-06,,,3.2800137996673584,2.028470516204834,1.2515432834625244,3.2800137996673584,20.654102325439453,1.8308756351470947,1.1141973733901978,1.9076381921768188,1.1542153358459473,0.257451593875885,20.654102325439453,20.654102325439453,,
805,1783430626.4761686,9.99678051772046e-06,9.99678051772046e-06,,,3.2974963188171387,2.042106866836548,1.2553895711898804,3.2974963188171387,20.85247230529785,1.8397117853164673,1.1172500848770142,1.9703649282455444,1.1805638074874878,0.257636696100235,20.85247230529785,20.85247230529785,,
810,1783430628.7489173,9.996760524175419e-06,9.996760524175419e-06,,,3.261784076690674,2.0474679470062256,1.2143160104751587,3.261784076690674,22.205509185791016,1.869872808456421,1.1364598274230957,2.1768598556518555,1.3354840278625488,0.270544171333313,22.205509185791016,22.205509185791016,,
815,1783430631.0211837,9.996740530670365e-06,9.996740530670365e-06,,,3.2219417095184326,2.024503231048584,1.1974384784698486,3.2219417095184326,21.565303802490234,1.8182048797607422,1.1274901628494263,2.0727505683898926,1.2641043663024902,0.2654643952846527,21.565303802490234,21.565303802490234,,
820,1783430633.2883234,9.996720537205297e-06,9.996720537205297e-06,,,3.30935001373291,2.062084913253784,1.2472652196884155,3.30935001373291,21.09687614440918,1.8745242357254028,1.0767121315002441,2.0092756748199463,1.2249150276184082,0.2594946324825287,21.09687614440918,21.09687614440918,,
825,1783430635.5550807,9.996700543780216e-06,9.996700543780216e-06,,,3.308851480484009,2.06693696975708,1.2419145107269287,3.308851480484009,20.618032455444336,1.7370295524597168,1.1058560609817505,1.9457640647888184,1.1823196411132812,0.2559773325920105,20.618032455444336,20.618032455444336,,
830,1783430637.8225067,9.996680550395123e-06,9.996680550395123e-06,,,3.317979335784912,2.076263904571533,1.2417155504226685,3.317979335784912,20.23311996459961,1.7715191841125488,1.0868756771087646,1.8529797792434692,1.1493679285049438,0.2526673376560211,20.23311996459961,20.23311996459961,,
835,1783430640.089752,9.996660557050018e-06,9.996660557050018e-06,,,3.189793109893799,1.983975887298584,1.2058172225952148,3.189793109893799,21.35804557800293,1.887366533279419,1.1374082565307617,2.010908365249634,1.2401522397994995,0.2629144489765167,21.35804557800293,21.35804557800293,,
840,1783430642.3578157,9.996640563744897e-06,9.996640563744897e-06,,,3.3350741863250732,2.0973052978515625,1.2377688884735107,3.3350741863250732,20.98126220703125,1.7443768978118896,1.0862209796905518,1.9925036430358887,1.2625513076782227,0.25867897272109985,20.98126220703125,20.98126220703125,,
845,1783430644.6327024,9.996620570479763e-06,9.996620570479763e-06,,,3.2254536151885986,2.0005624294281006,1.224891185760498,3.2254536151885986,21.576642990112305,1.9179410934448242,1.1071840524673462,2.048552989959717,1.1982389688491821,0.2679540812969208,21.576642990112305,21.576642990112305,,
850,1783430646.9000714,9.996600577254616e-06,9.996600577254616e-06,,,3.3204920291900635,2.073655366897583,1.2468366622924805,3.3204920291900635,20.453285217285156,1.866640567779541,1.0924679040908813,1.9629510641098022,1.1711461544036865,0.24946628510951996,20.453285217285156,20.453285217285156,,
855,1783430649.1675742,9.996580584069455e-06,9.996580584069455e-06,,,3.206733226776123,1.988555908203125,1.2181771993637085,3.206733226776123,21.748796463012695,1.855865716934204,1.1233153343200684,2.0923218727111816,1.237313985824585,0.2691187560558319,21.748796463012695,21.748796463012695,,
860,1783430651.433208,9.996560590924281e-06,9.996560590924281e-06,,,3.286749839782715,2.0543324947357178,1.2324172258377075,3.286749839782715,20.60474395751953,1.7540147304534912,1.0848309993743896,1.9267535209655762,1.1814755201339722,0.25665420293807983,20.60474395751953,20.60474395751953,,
865,1783430653.7000992,9.996540597819092e-06,9.996540597819092e-06,,,3.26314115524292,2.030392646789551,1.2327485084533691,3.26314115524292,21.37505340576172,1.8534002304077148,1.122071385383606,2.095576286315918,1.2955442667007446,0.25816312432289124,21.37505340576172,21.37505340576172,,
870,1783430655.9669023,9.99652060475389e-06,9.99652060475389e-06,,,3.2203116416931152,1.998569369316101,1.2217423915863037,3.2203116416931152,21.256277084350586,1.8106248378753662,1.106076717376709,2.0097153186798096,1.2264143228530884,0.2637181282043457,21.256277084350586,21.256277084350586,,
875,1783430658.2313397,9.996500611728675e-06,9.996500611728675e-06,,,3.2866740226745605,2.0729918479919434,1.2136820554733276,3.2866740226745605,21.048255920410156,1.8810901641845703,1.1134206056594849,1.998407244682312,1.2794543504714966,0.2555115818977356,21.048255920410156,21.048255920410156,,
880,1783430660.4929626,9.996480618743445e-06,9.996480618743445e-06,,,3.158299684524536,1.929466962814331,1.228832721710205,3.158299684524536,21.39593505859375,1.9874024391174316,1.1515679359436035,2.058176040649414,1.170974612236023,0.2621925175189972,21.39593505859375,21.39593505859375,,
885,1783430662.7521229,9.9964606257982e-06,9.9964606257982e-06,,,3.2854723930358887,2.046943426132202,1.238528847694397,3.2854723930358887,21.188064575195312,1.8559507131576538,1.0838829278945923,2.0920417308807373,1.21049165725708,0.2587369978427887,21.188064575195312,21.188064575195312,,
890,1783430665.0156264,9.996440632892943e-06,9.996440632892943e-06,,,3.2759828567504883,2.017176866531372,1.2588061094284058,3.2759828567504883,20.37311553955078,1.8589808940887451,1.0719949007034302,1.9117226600646973,1.1453189849853516,0.25173458456993103,20.37311553955078,20.37311553955078,,
895,1783430667.2845025,9.996420640027671e-06,9.996420640027671e-06,,,3.33740234375,2.0865821838378906,1.2508200407028198,3.33740234375,20.852190017700195,1.7705316543579102,1.0887398719787598,1.993783950805664,1.2191760540008545,0.25704440474510193,20.852190017700195,20.852190017700195,,
900,1783430669.5519235,9.996400647202384e-06,9.996400647202384e-06,,,3.2753043174743652,2.027160406112671,1.2481440305709839,3.2753043174743652,20.01127815246582,1.8509180545806885,1.064057469367981,1.7963370084762573,1.0738505125045776,0.2523539364337921,20.01127815246582,20.01127815246582,,
905,1783430671.818059,9.996380654417084e-06,9.996380654417084e-06,,,3.3141655921936035,2.117337226867676,1.1968283653259277,3.3141655921936035,21.651262283325195,1.7191646099090576,1.1048635244369507,2.0313243865966797,1.27312171459198,0.2715187072753906,21.651262283325195,21.651262283325195,,
910,1783430674.0858421,9.99636066167177e-06,9.99636066167177e-06,,,3.223459243774414,2.01993727684021,1.2035218477249146,3.223459243774414,21.010995864868164,1.817976951599121,1.11208176612854,1.918770432472229,1.1903084516525269,0.26361730694770813,21.010995864868164,21.010995864868164,,
915,1783430676.3529963,9.996340668966438e-06,9.996340668966438e-06,,,3.2818684577941895,2.051894187927246,1.2299741506576538,3.2818684577941895,21.28502655029297,1.8463786840438843,1.132129192352295,2.035175323486328,1.2476451396942139,0.2609083950519562,21.28502655029297,21.28502655029297,,
920,1783430678.6248589,9.996320676301094e-06,9.996320676301094e-06,,,3.3704309463500977,2.1161389350891113,1.2542921304702759,3.3704309463500977,20.240137100219727,1.785348892211914,1.0814684629440308,1.907278299331665,1.1793437004089355,0.24889054894447327,20.240137100219727,20.240137100219727,,
925,1783430680.8878832,9.996300683675734e-06,9.996300683675734e-06,,,3.258232593536377,2.0102381706237793,1.2479944229125977,3.258232593536377,20.78400421142578,1.8261604309082031,1.0980262756347656,2.0244979858398438,1.2417842149734497,0.2517167329788208,20.78400421142578,20.78400421142578,,
930,1783430683.1456156,9.99628069109036e-06,9.99628069109036e-06,,,3.2453699111938477,1.9931870698928833,1.2521828413009644,3.2453699111938477,20.256446838378906,1.8502073287963867,1.087120771408081,1.9371399879455566,1.1798256635665894,0.24633750319480896,20.256446838378906,20.256446838378906,,
935,1783430685.405216,9.996260698544972e-06,9.996260698544972e-06,,,3.207552433013916,1.9908039569854736,1.2167483568191528,3.207552433013916,21.596527099609375,1.8694988489151,1.0986894369125366,2.076352119445801,1.2518490552902222,0.2660430073738098,21.596527099609375,21.596527099609375,,
940,1783430687.6760411,9.996240706039567e-06,9.996240706039567e-06,,,3.299851655960083,2.0765278339385986,1.2233238220214844,3.299851655960083,20.405378341674805,1.8452702760696411,1.1103363037109375,1.8345500230789185,1.1367063522338867,0.25571686029434204,20.405378341674805,20.405378341674805,,
945,1783430689.9418728,9.996220713574149e-06,9.996220713574149e-06,,,3.242882251739502,1.991093635559082,1.2517887353897095,3.242882251739502,21.07870864868164,1.898926019668579,1.0952874422073364,2.160822868347168,1.2872729301452637,0.24862898886203766,21.07870864868164,21.07870864868164,,
950,1783430692.2205997,9.996200721148716e-06,9.996200721148716e-06,,,3.2337489128112793,2.03072452545166,1.2030243873596191,3.2337489128112793,21.44510841369629,1.8745042085647583,1.13218092918396,1.9744665622711182,1.2851076126098633,0.2648727595806122,21.44510841369629,21.44510841369629,,
955,1783430694.4918244,9.996180728763266e-06,9.996180728763266e-06,,,3.244382858276367,2.0080878734588623,1.2362951040267944,3.244382858276367,20.25149154663086,1.7891476154327393,1.0679963827133179,1.919171690940857,1.1259803771972656,0.25120094418525696,20.25149154663086,20.25149154663086,,
960,1783430696.7530484,9.996160736417803e-06,9.996160736417803e-06,,,3.33035945892334,2.075796127319336,1.2545634508132935,3.33035945892334,20.660085678100586,1.7771910429000854,1.0663923025131226,2.003883123397827,1.20480215549469,0.2533140182495117,20.660085678100586,20.660085678100586,,
965,1783430699.0227592,9.996140744112322e-06,9.996140744112322e-06,,,3.285407543182373,2.0771710872650146,1.208236575126648,3.285407543182373,21.344085693359375,1.8487948179244995,1.1544482707977295,1.8816617727279663,1.2198877334594727,0.2697276175022125,21.344085693359375,21.344085693359375,,
970,1783430701.2947059,9.996120751846829e-06,9.996120751846829e-06,,,3.265040397644043,2.0236618518829346,1.241378664970398,3.265040397644043,20.934101104736328,1.8316857814788818,1.0895951986312866,2.0844154357910156,1.1914584636688232,0.2546904981136322,20.934101104736328,20.934101104736328,,
975,1783430703.5676324,9.996100759621316e-06,9.996100759621316e-06,,,3.2544684410095215,2.00911021232605,1.2453583478927612,3.2544684410095215,21.225177764892578,1.9069327116012573,1.0874245166778564,2.176919460296631,1.2487738132476807,0.25287628173828125,21.225177764892578,21.225177764892578,,
980,1783430705.836589,9.996080767435792e-06,9.996080767435792e-06,,,3.2654900550842285,2.0306284427642822,1.2348616123199463,3.2654900550842285,20.468488693237305,1.8455417156219482,1.1104950904846191,1.8481775522232056,1.1396238803863525,0.25637438893318176,20.468488693237305,20.468488693237305,,
985,1783430708.1071808,9.996060775290249e-06,9.996060775290249e-06,,,3.318787097930908,2.068709135055542,1.2500780820846558,3.318787097930908,20.414323806762695,1.7836148738861084,1.0935207605361938,1.9314533472061157,1.191210389137268,0.25093021988868713,20.414323806762695,20.414323806762695,,
990,1783430710.3694189,9.996040783184693e-06,9.996040783184693e-06,,,3.2043700218200684,1.961405873298645,1.2429641485214233,3.2043700218200684,20.706695556640625,1.8617115020751953,1.0667814016342163,1.995124340057373,1.185250997543335,0.25372114777565,20.706695556640625,20.706695556640625,,
995,1783430712.6396608,9.996020791119118e-06,9.996020791119118e-06,,,3.210231304168701,1.9873052835464478,1.2229259014129639,3.210231304168701,21.472484588623047,1.8783408403396606,1.116729736328125,2.058583974838257,1.2547789812088013,0.2633485794067383,21.472484588623047,21.472484588623047,,
1000,1783430714.9018528,9.99600079909353e-06,9.99600079909353e-06,,,3.3360164165496826,2.0835511684417725,1.2524652481079102,3.3360164165496826,20.27462387084961,1.7570306062698364,1.1009787321090698,1.8614661693572998,1.1643850803375244,0.2525536119937897,20.27462387084961,20.27462387084961,,
1005,1783430717.1638713,9.995980807107923e-06,9.995980807107923e-06,,,3.2677345275878906,2.0686309337615967,1.1991037130355835,3.2677345275878906,22.10858726501465,1.8340635299682617,1.1132577657699585,2.208756446838379,1.3577853441238403,0.26729294657707214,22.10858726501465,22.10858726501465,,
1010,1783430719.427131,9.995960815162304e-06,9.995960815162304e-06,,,3.3418514728546143,2.07035493850708,1.2714965343475342,3.3418514728546143,20.28522491455078,1.8597679138183594,1.0632247924804688,1.9136433601379395,1.1532350778579712,0.24952168762683868,20.28522491455078,20.28522491455078,,
1015,1783430721.689364,9.995940823256664e-06,9.995940823256664e-06,,,3.2897660732269287,2.054495096206665,1.2352709770202637,3.2897660732269287,20.80854034423828,1.835889220237732,1.0665918588638306,1.9718818664550781,1.2185790538787842,0.2561141848564148,20.80854034423828,20.80854034423828,,
1020,1783430723.956453,9.995920831391013e-06,9.995920831391013e-06,,,3.198145627975464,1.9830327033996582,1.2151129245758057,3.198145627975464,21.50595474243164,1.9006047248840332,1.1193033456802368,2.058507204055786,1.2489182949066162,0.2638043165206909,21.50595474243164,21.50595474243164,,
1025,1783430726.2251952,9.995900839565342e-06,9.995900839565342e-06,,,3.2078113555908203,1.9868375062942505,1.2209737300872803,3.2078113555908203,21.063976287841797,1.8860753774642944,1.1171423196792603,1.9324997663497925,1.1751933097839355,0.26323050260543823,21.063976287841797,21.063976287841797,,
1030,1783430728.491704,9.995880847779657e-06,9.995880847779657e-06,,,3.2453765869140625,1.997145175933838,1.2482315301895142,3.2453765869140625,20.64876937866211,1.7796971797943115,1.0740549564361572,1.9169012308120728,1.0913610458374023,0.26174429059028625,20.64876937866211,20.64876937866211,,
1035,1783430730.7532446,9.995860856033954e-06,9.995860856033954e-06,,,3.2342944145202637,2.028066635131836,1.2062277793884277,3.2342944145202637,22.027359008789062,1.8695135116577148,1.1487408876419067,2.1658029556274414,1.3726098537445068,0.26516178250312805,22.027359008789062,22.027359008789062,,
1040,1783430733.0175343,9.995840864328233e-06,9.995840864328233e-06,,,3.2690773010253906,2.0177295207977295,1.2513476610183716,3.2690773010253906,21.41680908203125,1.854578971862793,1.1081328392028809,2.108604669570923,1.2369023561477661,0.26140186190605164,21.41680908203125,21.41680908203125,,
1045,1783430735.2843015,9.995820872662499e-06,9.995820872662499e-06,,,3.245777130126953,2.0285444259643555,1.2172328233718872,3.245777130126953,20.85088539123535,1.8011713027954102,1.1327787637710571,1.9637056589126587,1.2110090255737305,0.25705569982528687,20.85088539123535,20.85088539123535,,
1050,1783430737.5502658,9.995800881036744e-06,9.995800881036744e-06,,,3.29465913772583,2.044271469116211,1.2503875494003296,3.29465913772583,20.700809478759766,1.7850923538208008,1.092292070388794,2.002204418182373,1.229066014289856,0.25246408581733704,20.700809478759766,20.700809478759766,,
1055,1783430739.8179245,9.995780889450977e-06,9.995780889450977e-06,,,3.260256767272949,2.074108123779297,1.1861486434936523,3.260256767272949,20.99958038330078,1.7672755718231201,1.1102555990219116,1.9293924570083618,1.2548168897628784,0.26119178533554077,20.99958038330078,20.99958038330078,,
1060,1783430742.085185,9.995760897905191e-06,9.995760897905191e-06,,,3.308495044708252,2.052386522293091,1.2561084032058716,3.308495044708252,20.045297622680664,1.725256323814392,1.0420143604278564,1.9306888580322266,1.1660436391830444,0.2463236153125763,20.045297622680664,20.045297622680664,,
1065,1783430744.3507323,9.995740906399385e-06,9.995740906399385e-06,,,3.208496570587158,1.9793965816497803,1.2290998697280884,3.208496570587158,20.645740509033203,1.8328601121902466,1.121890902519226,1.980884075164795,1.1533942222595215,0.2538318634033203,20.645740509033203,20.645740509033203,,
1070,1783430746.6182232,9.995720914933568e-06,9.995720914933568e-06,,,3.1976161003112793,1.926076054573059,1.2715399265289307,3.1976161003112793,21.020957946777344,2.011708974838257,1.0940914154052734,2.079110860824585,1.1450769901275635,0.254817396402359,21.020957946777344,21.020957946777344,,
1075,1783430748.8855665,9.99570092350773e-06,9.99570092350773e-06,,,3.271371841430664,2.0336759090423584,1.2376960515975952,3.271371841430664,20.910083770751953,1.881354808807373,1.0759656429290771,2.026350736618042,1.2064006328582764,0.25527241826057434,20.910083770751953,20.910083770751953,,
1080,1783430751.1553655,9.995680932121874e-06,9.995680932121874e-06,,,3.319136142730713,2.0458781719207764,1.2732579708099365,3.319136142730713,20.56707191467285,1.8392099142074585,1.0949681997299194,1.9346659183502197,1.1210147142410278,0.25603407621383667,20.56707191467285,20.56707191467285,,
1085,1783430753.4236944,9.995660940776005e-06,9.995660940776005e-06,,,3.3173208236694336,2.077305793762207,1.2400150299072266,3.3173208236694336,21.095645904541016,1.7920681238174438,1.121093511581421,2.021937847137451,1.19171941280365,0.26122596859931946,21.095645904541016,21.095645904541016,,
1090,1783430755.6920455,9.995640949470116e-06,9.995640949470116e-06,,,3.1798882484436035,1.9276092052459717,1.2522789239883423,3.1798882484436035,20.93429946899414,1.9731507301330566,1.094760775566101,2.1255791187286377,1.1963950395584106,0.24938754737377167,20.93429946899414,20.93429946899414,,
1095,1783430757.9558804,9.995620958204207e-06,9.995620958204207e-06,,,3.371614933013916,2.0638885498046875,1.3077263832092285,3.371614933013916,20.155895233154297,1.8354957103729248,1.03035306930542,1.9700946807861328,1.1490780115127563,0.2455933392047882,20.155895233154297,20.155895233154297,,
1100,1783430760.216632,9.995600966978286e-06,9.995600966978286e-06,,,3.233308792114258,1.9792271852493286,1.2540817260742188,3.233308792114258,20.522525787353516,1.941489815711975,1.0541508197784424,2.0704221725463867,1.181874394416809,0.24493980407714844,20.522525787353516,20.522525787353516,,
1105,1783430762.479186,9.995580975792345e-06,9.995580975792345e-06,,,3.1822452545166016,1.948487639427185,1.233757734298706,3.1822452545166016,21.275432586669922,1.9555727243423462,1.0988492965698242,2.1833367347717285,1.2549645900726318,0.2520979642868042,21.275432586669922,21.275432586669922,,
1110,1783430764.7460582,9.995560984646384e-06,9.995560984646384e-06,,,3.271702766418457,1.9678627252578735,1.3038400411605835,3.271702766418457,20.450538635253906,1.981819987297058,1.0553934574127197,2.0078160762786865,1.1172802448272705,0.248069629073143,20.450538635253906,20.450538635253906,,
1115,1783430767.0041678,9.995540993540406e-06,9.995540993540406e-06,,,3.245258092880249,2.034550905227661,1.210707187652588,3.245258092880249,21.36982536315918,1.8372259140014648,1.0977957248687744,2.0377049446105957,1.277506947517395,0.26231953501701355,21.36982536315918,21.36982536315918,,
1120,1783430769.2704437,9.995521002474414e-06,9.995521002474414e-06,,,3.284457206726074,2.086456775665283,1.198000431060791,3.284457206726074,20.871177673339844,1.8242096900939941,1.112709641456604,1.916673183441162,1.2432104349136353,0.258099764585495,20.871177673339844,20.871177673339844,,
1125,1783430771.5333526,9.995501011448401e-06,9.995501011448401e-06,,,3.205930709838867,1.98996102809906,1.2159698009490967,3.205930709838867,21.39299774169922,1.9432927370071411,1.1247586011886597,2.0540082454681396,1.2446976900100708,0.2606118619441986,21.39299774169922,21.39299774169922,,
1130,1783430773.7975097,9.995481020462369e-06,9.995481020462369e-06,,,3.3325483798980713,2.0957489013671875,1.2367994785308838,3.3325483798980713,20.78116798400879,1.8289318084716797,1.0475879907608032,2.0878829956054688,1.3100041151046753,0.24686387181282043,20.78116798400879,20.78116798400879,,
1135,1783430776.057647,9.99546102951632e-06,9.99546102951632e-06,,,3.347294807434082,2.1077072620391846,1.239587664604187,3.347294807434082,20.108463287353516,1.8217341899871826,1.0666018724441528,1.878176212310791,1.1422181129455566,0.24842974543571472,20.108463287353516,20.108463287353516,,
1140,1783430778.3278155,9.995441038610255e-06,9.995441038610255e-06,,,3.3073670864105225,2.0404746532440186,1.266892433166504,3.3073670864105225,20.383424758911133,1.8716683387756348,1.0569487810134888,1.945168137550354,1.119423747062683,0.25168049335479736,20.383424758911133,20.383424758911133,,
1145,1783430780.5941656,9.99542104774417e-06,9.99542104774417e-06,,,3.237423896789551,2.001272201538086,1.2361515760421753,3.237423896789551,22.03636932373047,1.83832585811615,1.1549447774887085,2.1922693252563477,1.3354543447494507,0.26639223098754883,22.03636932373047,22.03636932373047,,
1150,1783430782.8542864,9.995401056918066e-06,9.995401056918066e-06,,,3.2405378818511963,1.9788943529129028,1.2616435289382935,3.2405378818511963,20.97577476501465,1.961010217666626,1.1025004386901855,2.0679962635040283,1.1657164096832275,0.25432974100112915,20.97577476501465,20.97577476501465,,
1155,1783430785.116758,9.995381066131942e-06,9.995381066131942e-06,,,3.2389492988586426,2.0004329681396484,1.2385163307189941,3.2389492988586426,20.846969604492188,1.8967851400375366,1.0751603841781616,1.9621250629425049,1.1768947839736938,0.2577107846736908,20.846969604492188,20.846969604492188,,
1160,1783430787.3746796,9.995361075385801e-06,9.995361075385801e-06,,,3.1353111267089844,1.9104771614074707,1.2248339653015137,3.1353111267089844,21.313098907470703,1.9151992797851562,1.0736194849014282,2.1984124183654785,1.2925184965133667,0.25205370783805847,21.313098907470703,21.313098907470703,,
1165,1783430789.6323943,9.995341084679645e-06,9.995341084679645e-06,,,3.2459912300109863,1.9945851564407349,1.2514060735702515,3.2459912300109863,21.006162643432617,1.8641932010650635,1.1108471155166626,2.058946132659912,1.2256839275360107,0.25470805168151855,21.006162643432617,21.006162643432617,,
1170,1783430791.7994328,9.995321094013469e-06,9.995321094013469e-06,,,3.25966215133667,1.9958467483520508,1.2638154029846191,3.25966215133667,21.256591796875,1.8431648015975952,1.1155072450637817,2.122987985610962,1.2887369394302368,0.25498825311660767,21.256591796875,21.256591796875,,
1170,1783430797.6004055,,,,,,,,,,,,,,,,,0.24045377135276794,0.24045377135276794
1170,1783430799.0979354,,,1492.9829210000207,688.2660264968872,,,,,,,,,,,,,,
1170,1783430801.1561823,,,2052.561128000093,688.2660264968872,,,,,,,,,,,,,,
1175,1783430803.5071564,9.995301103387273e-06,9.995301103387273e-06,,,3.2284445762634277,1.964525580406189,1.2639189958572388,3.2284445762634277,20.972232818603516,1.912909984588623,1.0514752864837646,2.067880153656006,1.1793546676635742,0.2558528184890747,20.972232818603516,20.972232818603516,,
1180,1783430805.7598925,9.995281112801057e-06,9.995281112801057e-06,,,3.279611349105835,2.0443191528320312,1.2352921962738037,3.279611349105835,21.3016357421875,1.746302604675293,1.1387345790863037,2.054105520248413,1.264736294746399,0.261753648519516,21.3016357421875,21.3016357421875,,
1185,1783430808.013444,9.99526112225482e-06,9.99526112225482e-06,,,3.3047475814819336,2.0656723976135254,1.2390753030776978,3.3047475814819336,20.767669677734375,1.8465214967727661,1.0680450201034546,2.005377769470215,1.1847964525222778,0.2549501359462738,20.767669677734375,20.767669677734375,,
1190,1783430810.2723618,9.995241131748564e-06,9.995241131748564e-06,,,3.2428030967712402,2.0001332759857178,1.242669701576233,3.2428030967712402,20.9648494720459,1.8051458597183228,1.126064419746399,2.07420015335083,1.1528908014297485,0.257321298122406,20.9648494720459,20.9648494720459,,
1195,1783430812.5355372,9.995221141282295e-06,9.995221141282295e-06,,,3.3186657428741455,2.113964557647705,1.2047011852264404,3.3186657428741455,20.816463470458984,1.781886100769043,1.1376090049743652,1.8668692111968994,1.1989734172821045,0.26145073771476746,20.816463470458984,20.816463470458984,,
1200,1783430814.7972145,9.995201150856007e-06,9.995201150856007e-06,,,3.2955689430236816,2.005079746246338,1.2904891967773438,3.2955689430236816,20.66254997253418,1.935973882675171,1.038895606994629,2.025225877761841,1.1601042747497559,0.2514893412590027,20.66254997253418,20.66254997253418,,
1205,1783430817.0534167,9.995181160469699e-06,9.995181160469699e-06,,,3.2723922729492188,2.057980537414551,1.214411735534668,3.2723922729492188,22.009159088134766,1.810624122619629,1.126906394958496,2.1322097778320312,1.3255643844604492,0.2701351046562195,22.009159088134766,22.009159088134766,,
1210,1783430819.3122785,9.995161170123371e-06,9.995161170123371e-06,,,3.289346694946289,2.04062557220459,1.2487212419509888,3.289346694946289,20.395484924316406,1.7422676086425781,1.0797650814056396,1.9422786235809326,1.1867910623550415,0.25145137310028076,20.395484924316406,20.395484924316406,,
1215,1783430821.568236,9.995141179817023e-06,9.995141179817023e-06,,,3.2969143390655518,2.0855565071105957,1.211357831954956,3.2969143390655518,20.814960479736328,1.7747700214385986,1.0823688507080078,1.9392812252044678,1.234363079071045,0.2580118477344513,20.814960479736328,20.814960479736328,,
1220,1783430823.8231485,9.995121189550655e-06,9.995121189550655e-06,,,3.2783684730529785,2.0542941093444824,1.2240742444992065,3.2783684730529785,20.88591194152832,1.805509090423584,1.0946054458618164,2.024399518966675,1.2702176570892334,0.2532569468021393,20.88591194152832,20.88591194152832,,
1225,1783430826.0751615,9.995101199324267e-06,9.995101199324267e-06,,,3.361811637878418,2.1342692375183105,1.227542519569397,3.361811637878418,20.58118438720703,1.751492977142334,1.1170414686203003,1.9257261753082275,1.2180016040802002,0.2538932263851166,20.58118438720703,20.58118438720703,,
1230,1783430828.330139,9.995081209137859e-06,9.995081209137859e-06,,,3.281527042388916,2.062833309173584,1.218693733215332,3.281527042388916,21.763647079467773,1.7818225622177124,1.1032077074050903,2.147860527038574,1.3030606508255005,0.2661505341529846,21.763647079467773,21.763647079467773,,
1235,1783430830.586804,9.99506121899143e-06,9.99506121899143e-06,,,3.403291702270508,2.133152961730957,1.2701387405395508,3.403291702270508,19.38658905029297,1.7447692155838013,1.0621534585952759,1.8061975240707397,1.0979620218276978,0.23936323821544647,19.38658905029297,19.38658905029297,,
1240,1783430832.8428743,9.995041228884983e-06,9.995041228884983e-06,,,3.3407468795776367,2.054576873779297,1.2861700057983398,3.3407468795776367,20.655349731445312,1.8077160120010376,1.0590450763702393,2.0786375999450684,1.2975317239761353,0.24524998664855957,20.655349731445312,20.655349731445312,,
1245,1783430835.093674,9.995021238818514e-06,9.995021238818514e-06,,,3.237109661102295,2.0188591480255127,1.2182503938674927,3.237109661102295,21.386838912963867,1.8311798572540283,1.1091034412384033,2.1198220252990723,1.2740997076034546,0.25908252596855164,21.386838912963867,21.386838912963867,,
1250,1783430837.3483696,9.995001248792026e-06,9.995001248792026e-06,,,3.3223891258239746,2.041996955871582,1.280392050743103,3.3223891258239746,20.37139129638672,1.8724124431610107,1.0732133388519287,2.0478017330169678,1.1921626329421997,0.24324080348014832,20.37139129638672,20.37139129638672,,
1255,1783430839.606791,9.994981258805518e-06,9.994981258805518e-06,,,3.1901073455810547,1.9610192775726318,1.2290880680084229,3.1901073455810547,21.80628204345703,1.9467252492904663,1.0797524452209473,2.088252305984497,1.3075330257415771,0.2664051651954651,21.80628204345703,21.80628204345703,,
1260,1783430841.8650126,9.99496126885899e-06,9.99496126885899e-06,,,3.2439842224121094,2.051069498062134,1.1929147243499756,3.2439842224121094,21.526390075683594,1.9174489974975586,1.1164865493774414,2.0260369777679443,1.2424626350402832,0.2656767964363098,21.526390075683594,21.526390075683594,,
1265,1783430844.1141424,9.994941278952441e-06,9.994941278952441e-06,,,3.267233371734619,2.0049259662628174,1.2623074054718018,3.267233371734619,20.73543357849121,1.9179232120513916,1.111364722251892,1.9895961284637451,1.2077605724334717,0.25136515498161316,20.73543357849121,20.73543357849121,,
1270,1783430846.371598,9.994921289085872e-06,9.994921289085872e-06,,,3.314216375350952,2.0504212379455566,1.2637951374053955,3.314216375350952,19.926441192626953,1.860970377922058,1.0560894012451172,1.874402642250061,1.1113650798797607,0.24528548121452332,19.926441192626953,19.926441192626953,,
1275,1783430848.6255252,9.994901299259284e-06,9.994901299259284e-06,,,3.347201347351074,2.096788167953491,1.250413179397583,3.347201347351074,20.298856735229492,1.7572404146194458,1.0895977020263672,1.9319566488265991,1.1546692848205566,0.25063928961753845,20.298856735229492,20.298856735229492,,
1280,1783430850.8781335,9.994881309472675e-06,9.994881309472675e-06,,,3.2039074897766113,1.9800891876220703,1.2238181829452515,3.2039074897766113,21.025405883789062,1.9184935092926025,1.1029272079467773,2.05570387840271,1.1894543170928955,0.25585928559303284,21.025405883789062,21.025405883789062,,
1285,1783430853.1289277,9.994861319726047e-06,9.994861319726047e-06,,,3.2980740070343018,2.0534474849700928,1.244626522064209,3.2980740070343018,20.709232330322266,1.7921228408813477,1.0726845264434814,2.0475597381591797,1.2727805376052856,0.2489721179008484,20.709232330322266,20.709232330322266,,
1290,1783430855.3807154,9.994841330019398e-06,9.994841330019398e-06,,,3.3493895530700684,2.113065242767334,1.2363243103027344,3.3493895530700684,20.20284080505371,1.7680355310440063,1.1051920652389526,1.839585304260254,1.2038516998291016,0.24983863532543182,20.20284080505371,20.20284080505371,,
1295,1783430857.6335664,9.99482134035273e-06,9.99482134035273e-06,,,3.2509286403656006,2.031534433364868,1.2193942070007324,3.2509286403656006,21.119783401489258,1.8941786289215088,1.1109963655471802,1.9397733211517334,1.1819908618927002,0.26380178332328796,21.119783401489258,21.119783401489258,,
1300,1783430859.8876588,9.99480135072604e-06,9.99480135072604e-06,,,3.2998011112213135,2.0768516063690186,1.222949504852295,3.2998011112213135,20.57883071899414,1.764183759689331,1.1019256114959717,1.9456002712249756,1.1781878471374512,0.25478097796440125,20.57883071899414,20.57883071899414,,
1305,1783430862.1378624,9.994781361139332e-06,9.994781361139332e-06,,,3.3295583724975586,2.068596363067627,1.260961890220642,3.3295583724975586,20.59004020690918,1.765777826309204,1.0868394374847412,1.993322491645813,1.1872824430465698,0.2528047561645508,20.59004020690918,20.59004020690918,,
1310,1783430864.3916914,9.994761371592603e-06,9.994761371592603e-06,,,3.212306022644043,1.9695172309875488,1.2427887916564941,3.212306022644043,21.468843460083008,1.8689749240875244,1.112674593925476,2.1647000312805176,1.2664927244186401,0.2583290934562683,21.468843460083008,21.468843460083008,,
1315,1783430866.6445305,9.994741382085854e-06,9.994741382085854e-06,,,3.19888973236084,1.963498830795288,1.2353907823562622,3.19888973236084,21.611722946166992,1.964465618133545,1.0723285675048828,2.1531403064727783,1.2636648416519165,0.26091817021369934,21.611722946166992,21.611722946166992,,
1320,1783430868.901457,9.99472139261908e-06,9.99472139261908e-06,,,3.2802350521087646,2.033796787261963,1.2464382648468018,3.2802350521087646,20.85102081298828,1.8479065895080566,1.0684921741485596,1.9864211082458496,1.2065337896347046,0.2566380500793457,20.85102081298828,20.85102081298828,,
1325,1783430871.1533067,9.994701403192283e-06,9.994701403192283e-06,,,3.2013943195343018,1.9461538791656494,1.2552404403686523,3.2013943195343018,20.70768928527832,1.990234136581421,1.0631628036499023,2.097598075866699,1.1784931421279907,0.24671359360218048,20.70768928527832,20.70768928527832,,
1330,1783430873.4049866,9.994681413805465e-06,9.994681413805465e-06,,,3.312056064605713,1.997680425643921,1.3143757581710815,3.312056064605713,19.78798484802246,1.855507254600525,1.035525918006897,1.9763495922088623,1.0960912704467773,0.23893488943576813,19.78798484802246,19.78798484802246,,
1335,1783430875.663772,9.994661424458628e-06,9.994661424458628e-06,,,3.1563808917999268,1.9157472848892212,1.2406336069107056,3.1563808917999268,20.96139907836914,1.9476685523986816,1.1327787637710571,2.0838050842285156,1.189307451248169,0.2518828213214874,20.96139907836914,20.96139907836914,,
1340,1783430877.924821,9.99464143515177e-06,9.99464143515177e-06,,,3.1897265911102295,1.9467151165008545,1.243011474609375,3.1897265911102295,20.640399932861328,2.0142128467559814,1.091220498085022,2.0229198932647705,1.1581648588180542,0.24828438460826874,20.640399932861328,20.640399932861328,,
1345,1783430880.1712408,9.994621445884893e-06,9.994621445884893e-06,,,3.2049851417541504,1.9460276365280151,1.2589573860168457,3.2049851417541504,20.914501190185547,1.9833478927612305,1.0739336013793945,2.022519826889038,1.1569595336914062,0.255516916513443,20.914501190185547,20.914501190185547,,
1350,1783430882.424501,9.994601456657995e-06,9.994601456657995e-06,,,3.2383151054382324,1.9994359016418457,1.2388793230056763,3.2383151054382324,21.2071475982666,1.8868995904922485,1.0497766733169556,2.1235673427581787,1.2303133010864258,0.25694912672042847,21.2071475982666,21.2071475982666,,
1355,1783430884.6785152,9.99458146747107e-06,9.99458146747107e-06,,,3.237035036087036,2.0455431938171387,1.1914918422698975,3.237035036087036,21.041446685791016,1.8145629167556763,1.1275148391723633,1.9296258687973022,1.2676024436950684,0.26010915637016296,21.041446685791016,21.041446685791016,,
1360,1783430886.9304783,9.994561478324124e-06,9.994561478324124e-06,,,3.2649691104888916,2.038546323776245,1.2264227867126465,3.2649691104888916,20.901744842529297,1.8009520769119263,1.0937882661819458,1.9904111623764038,1.1906712055206299,0.2587742209434509,20.901744842529297,20.901744842529297,,
1365,1783430889.1795218,9.994541489217158e-06,9.994541489217158e-06,,,3.270749807357788,1.9746932983398438,1.2960565090179443,3.270749807357788,19.859073638916016,1.8791475296020508,1.0377581119537354,1.9120261669158936,1.0504664182662964,0.2448262721300125,19.859073638916016,19.859073638916016,,
1370,1783430891.4336143,9.994521500150172e-06,9.994521500150172e-06,,,3.219639301300049,1.9440339803695679,1.275605320930481,3.219639301300049,20.0820255279541,1.9968695640563965,1.0672155618667603,1.9683167934417725,1.063823938369751,0.24341464042663574,20.0820255279541,20.0820255279541,,
1375,1783430893.693155,9.994501511123165e-06,9.994501511123165e-06,,,3.2381796836853027,2.0025765895843506,1.2356029748916626,3.2381796836853027,21.028976440429688,1.8800711631774902,1.0784213542938232,2.076824903488159,1.2469147443771362,0.25384455919265747,21.028976440429688,21.028976440429688,,
1380,1783430895.9495454,9.99448152213613e-06,9.99448152213613e-06,,,3.2064616680145264,1.9694852828979492,1.2369763851165771,3.2064616680145264,20.935962677001953,1.8604501485824585,1.0465275049209595,2.0547990798950195,1.1743556261062622,0.257126122713089,20.935962677001953,20.935962677001953,,
1385,1783430898.1980646,9.994461533189075e-06,9.994461533189075e-06,,,3.286876678466797,2.0246946811676025,1.2621821165084839,3.286876678466797,20.00106430053711,1.9614765644073486,1.0505156517028809,1.9321119785308838,1.1508480310440063,0.24051450192928314,20.00106430053711,20.00106430053711,,
1390,1783430900.4489725,9.994441544282e-06,9.994441544282e-06,,,3.3793725967407227,2.140244722366333,1.2391278743743896,3.3793725967407227,20.59728240966797,1.7747023105621338,1.053876519203186,1.9154142141342163,1.2454495429992676,0.25437721610069275,20.59728240966797,20.59728240966797,,
1395,1783430902.7048926,9.994421555414905e-06,9.994421555414905e-06,,,3.305910110473633,2.055737018585205,1.2501732110977173,3.305910110473633,20.61688995361328,1.8151092529296875,1.063109278678894,2.0105338096618652,1.1712472438812256,0.25278016924858093,20.61688995361328,20.61688995361328,,
1400,1783430904.958784,9.994401566587782e-06,9.994401566587782e-06,,,3.29555344581604,2.0677199363708496,1.2278335094451904,3.29555344581604,21.180864334106445,1.7863303422927856,1.096838116645813,1.9816652536392212,1.1887893676757812,0.2657063901424408,21.180864334106445,21.180864334106445,,
1405,1783430907.206705,9.994381577800638e-06,9.994381577800638e-06,,,3.334169864654541,2.069305896759033,1.2648639678955078,3.334169864654541,20.59795570373535,1.8408775329589844,1.053598165512085,2.0602383613586426,1.224405288696289,0.24742648005485535,20.59795570373535,20.59795570373535,,
1410,1783430909.45503,9.994361589053475e-06,9.994361589053475e-06,,,3.324673652648926,2.0308938026428223,1.2937798500061035,3.324673652648926,20.126039505004883,1.8206357955932617,1.0778627395629883,2.0356948375701904,1.1672699451446533,0.24048025906085968,20.126039505004883,20.126039505004883,,
1415,1783430911.70433,9.994341600346288e-06,9.994341600346288e-06,,,3.2932376861572266,2.0653200149536133,1.2279175519943237,3.2932376861572266,20.491666793823242,1.7785484790802002,1.0677216053009033,2.022815465927124,1.2274717092514038,0.2476627081632614,20.491666793823242,20.491666793823242,,
1420,1783430913.9537954,9.994321611679076e-06,9.994321611679076e-06,,,3.3472914695739746,2.0687928199768066,1.2784985303878784,3.3472914695739746,20.65038299560547,1.8185720443725586,1.0742948055267334,1.9800440073013306,1.1711132526397705,0.25456005334854126,20.65038299560547,20.65038299560547,,
1425,1783430916.2046084,9.994301623051843e-06,9.994301623051843e-06,,,3.292621374130249,2.04689359664917,1.245727777481079,3.292621374130249,20.03862762451172,1.7647935152053833,1.1321666240692139,1.8513782024383545,1.1319851875305176,0.24833203852176666,20.03862762451172,20.03862762451172,,
1430,1783430918.4535782,9.99428163446459e-06,9.99428163446459e-06,,,3.299860954284668,2.0734972953796387,1.2263635396957397,3.299860954284668,21.177833557128906,1.8404871225357056,1.151918888092041,1.9501200914382935,1.2331874370574951,0.2626403272151947,21.177833557128906,21.177833557128906,,
1435,1783430920.706377,9.994261645917309e-06,9.994261645917309e-06,,,3.2854063510894775,1.9892387390136719,1.2961676120758057,3.2854063510894775,20.609649658203125,1.9112316370010376,1.0744483470916748,2.0998036861419678,1.1724534034729004,0.24621012806892395,20.609649658203125,20.609649658203125,,
1440,1783430922.9614003,9.994241657410008e-06,9.994241657410008e-06,,,3.3325271606445312,2.0485944747924805,1.2839326858520508,3.3325271606445312,19.38421630859375,1.7547752857208252,1.0454072952270508,1.7455368041992188,1.0397013425827026,0.24474570155143738,19.38421630859375,19.38421630859375,,
1445,1783430925.2104647,9.994221668942684e-06,9.994221668942684e-06,,,3.2657196521759033,2.042858600616455,1.2228610515594482,3.2657196521759033,21.180818557739258,1.872166395187378,1.063492774963379,2.1186556816101074,1.2524490356445312,0.2556211054325104,21.180818557739258,21.180818557739258,,
1450,1783430927.4563644,9.994201680515334e-06,9.994201680515334e-06,,,3.2876174449920654,2.042975902557373,1.2446415424346924,3.2876174449920654,20.393749237060547,1.7947885990142822,1.0851207971572876,1.9513341188430786,1.1916329860687256,0.2495090216398239,20.393749237060547,20.393749237060547,,
1455,1783430929.7076435,9.994181692127965e-06,9.994181692127965e-06,,,3.313277244567871,2.0160908699035645,1.2971863746643066,3.313277244567871,20.726886749267578,1.9073368310928345,1.063483476638794,2.0563178062438965,1.1942994594573975,0.2501073479652405,20.726886749267578,20.726886749267578,,
1460,1783430931.9600854,9.99416170378057e-06,9.99416170378057e-06,,,3.3238086700439453,2.047255754470825,1.2765530347824097,3.3238086700439453,20.062129974365234,1.9371089935302734,1.049139380455017,2.054013967514038,1.1636688709259033,0.23645591735839844,20.062129974365234,20.062129974365234,,
1465,1783430934.2175276,9.994141715473152e-06,9.994141715473152e-06,,,3.2455360889434814,1.9927914142608643,1.2527446746826172,3.2455360889434814,20.78019905090332,1.8556232452392578,1.088690996170044,2.0231611728668213,1.2053556442260742,0.252863347530365,20.78019905090332,20.78019905090332,,
1470,1783430936.4737804,9.994121727205712e-06,9.994121727205712e-06,,,3.2256226539611816,1.9820045232772827,1.2436180114746094,3.2256226539611816,20.58598518371582,1.8995827436447144,1.060747742652893,2.01894474029541,1.1440768241882324,0.251102477312088,20.58598518371582,20.58598518371582,,
1475,1783430938.7372472,9.994101738978246e-06,9.994101738978246e-06,,,3.293118476867676,2.02536678314209,1.267751693725586,3.293118476867676,20.32101821899414,1.8137375116348267,1.0786758661270142,1.988218069076538,1.1913602352142334,0.24598772823810577,20.32101821899414,20.32101821899414,,
1480,1783430941.0009894,9.99408175079076e-06,9.99408175079076e-06,,,3.2675743103027344,1.9943633079528809,1.2732110023498535,3.2675743103027344,20.046119689941406,1.9030883312225342,1.0590462684631348,1.922335147857666,1.100545048713684,0.24529390037059784,20.046119689941406,20.046119689941406,,
1485,1783430943.2586067,9.994061762643246e-06,9.994061762643246e-06,,,3.3068721294403076,2.0460567474365234,1.2608153820037842,3.3068721294403076,20.104074478149414,1.8637895584106445,1.08177649974823,1.946561574935913,1.1309114694595337,0.24452359974384308,20.104074478149414,20.104074478149414,,
1490,1783430945.513328,9.99404177453571e-06,9.99404177453571e-06,,,3.330429792404175,2.068373441696167,1.2620563507080078,3.330429792404175,19.571157455444336,1.7499816417694092,1.0447423458099365,1.8355244398117065,1.118744134902954,0.2415088266134262,19.571157455444336,19.571157455444336,,
1495,1783430947.7690573,9.994021786468152e-06,9.994021786468152e-06,,,3.346907138824463,2.097158908843994,1.2497482299804688,3.346907138824463,19.713775634765625,1.7522976398468018,1.0825605392456055,1.8365510702133179,1.1555171012878418,0.24210627377033234,19.713775634765625,19.713775634765625,,
1500,1783430950.027374,9.994001798440568e-06,9.994001798440568e-06,,,3.2908740043640137,2.0553855895996094,1.2354885339736938,3.2908740043640137,20.313671112060547,1.7597894668579102,1.088948369026184,1.913623332977295,1.1540602445602417,0.2517681419849396,20.313671112060547,20.313671112060547,,
1505,1783430952.2900817,9.993981810452963e-06,9.993981810452963e-06,,,3.2891347408294678,2.0013484954833984,1.2877862453460693,3.2891347408294678,20.20574378967285,1.9001544713974,1.0689060688018799,2.021888256072998,1.133109450340271,0.24281525611877441,20.20574378967285,20.20574378967285,,
1510,1783430954.5460598,9.99396182250533e-06,9.99396182250533e-06,,,3.260608196258545,2.021791934967041,1.238816261291504,3.260608196258545,21.53192138671875,1.8520286083221436,1.0942381620407104,2.1132619380950928,1.2276415824890137,0.2645299732685089,21.53192138671875,21.53192138671875,,
1515,1783430956.8030336,9.993941834597677e-06,9.993941834597677e-06,,,3.2385969161987305,2.030738353729248,1.207858681678772,3.2385969161987305,21.300195693969727,1.8447575569152832,1.1036767959594727,2.047466516494751,1.2452805042266846,0.2614726126194,21.300195693969727,21.300195693969727,,
1520,1783430959.0611587,9.993921846729996e-06,9.993921846729996e-06,,,3.2648706436157227,1.9937254190444946,1.2711451053619385,3.2648706436157227,20.15116310119629,1.8903449773788452,1.0449479818344116,1.980621576309204,1.0796010494232178,0.24656496942043304,20.15116310119629,20.15116310119629,,
1525,1783430961.318263,9.993901858902293e-06,9.993901858902293e-06,,,3.3246726989746094,2.0659446716308594,1.2587279081344604,3.3246726989746094,20.190996170043945,1.7592726945877075,1.0691782236099243,1.9168503284454346,1.1583698987960815,0.2491578608751297,20.190996170043945,20.190996170043945,,
1530,1783430963.5769851,9.993881871114564e-06,9.993881871114564e-06,,,3.2459371089935303,2.0086233615875244,1.2373137474060059,3.2459371089935303,20.575389862060547,1.858737587928772,1.082252860069275,2.012010335922241,1.199946403503418,0.24912190437316895,20.575389862060547,20.575389862060547,,
1535,1783430965.8351078,9.993861883366813e-06,9.993861883366813e-06,,,3.2926902770996094,2.06536865234375,1.2273215055465698,3.2926902770996094,20.83121109008789,1.8065568208694458,1.1092631816864014,1.9823832511901855,1.2296327352523804,0.2553635239601135,20.83121109008789,20.83121109008789,,
1540,1783430968.0924687,9.993841895659035e-06,9.993841895659035e-06,,,3.338128089904785,2.08766770362854,1.2504605054855347,3.338128089904785,20.256900787353516,1.8341619968414307,1.1071478128433228,1.9014968872070312,1.1812610626220703,0.2477794587612152,20.256900787353516,20.256900787353516,,
1545,1783430970.3528762,9.993821907991233e-06,9.993821907991233e-06,,,3.297842264175415,2.094304084777832,1.203538179397583,3.297842264175415,20.887468338012695,1.7467737197875977,1.1387524604797363,1.951298475265503,1.2673686742782593,0.25699126720428467,20.887468338012695,20.887468338012695,,
1550,1783430972.6086447,9.993801920363407e-06,9.993801920363407e-06,,,3.3579494953155518,2.0995380878448486,1.2584114074707031,3.3579494953155518,20.214956283569336,1.7315306663513184,1.0839412212371826,1.941422462463379,1.1757628917694092,0.24811363220214844,20.214956283569336,20.214956283569336,,
1555,1783430974.861627,9.993781932775555e-06,9.993781932775555e-06,,,3.3201985359191895,2.059605121612549,1.260593295097351,3.3201985359191895,21.012203216552734,1.7954750061035156,1.0610874891281128,2.0893588066101074,1.257236361503601,0.25472113490104675,21.012203216552734,21.012203216552734,,
1560,1783430977.0275335,9.99376194522768e-06,9.99376194522768e-06,,,3.3788511753082275,2.1205129623413086,1.258338212966919,3.3788511753082275,19.913658142089844,1.7380943298339844,1.0771939754486084,1.8903194665908813,1.1388015747070312,0.24533617496490479,19.913658142089844,19.913658142089844,,
1560,1783430982.8524797,,,,,,,,,,,,,,,,,0.23883392304182052,0.23883392304182052
1560,1783430984.446044,,,1588.8060370000403,688.2660264968872,,,,,,,,,,,,,,
1560,1783430986.2616515,,,1809.029023999983,688.2660264968872,,,,,,,,,,,,,,
1565,1783430988.6300957,9.993741957719778e-06,9.993741957719778e-06,,,3.299192190170288,2.0284676551818848,1.2707245349884033,3.299192190170288,19.844345092773438,1.8183246850967407,1.0300308465957642,1.8965911865234375,1.137477159500122,0.24284116923809052,19.844345092773438,19.844345092773438,,
1570,1783430990.8920236,9.993721970251853e-06,9.993721970251853e-06,,,3.362903118133545,2.1163034439086914,1.2465996742248535,3.362903118133545,20.235464096069336,1.7199885845184326,1.0708041191101074,1.954534649848938,1.2427771091461182,0.24555659294128418,20.235464096069336,20.235464096069336,,
1575,1783430993.1469128,9.9937019828239e-06,9.9937019828239e-06,,,3.2856926918029785,2.0284347534179688,1.2572580575942993,3.2856926918029785,20.40915298461914,1.8025109767913818,1.0779165029525757,1.9786880016326904,1.176475167274475,0.24929770827293396,20.40915298461914,20.40915298461914,,
1580,1783430995.3998961,9.993681995435925e-06,9.993681995435925e-06,,,3.342136859893799,2.102168321609497,1.2399684190750122,3.342136859893799,20.567846298217773,1.753851056098938,1.0695607662200928,2.0240097045898438,1.2208008766174316,0.2501069903373718,20.567846298217773,20.567846298217773,,
1585,1783430997.655255,9.993662008087925e-06,9.993662008087925e-06,,,3.275639533996582,2.0118637084960938,1.2637757062911987,3.275639533996582,20.535146713256836,1.754894495010376,1.0808240175247192,2.0402863025665283,1.2178035974502563,0.24851660430431366,20.535146713256836,20.535146713256836,,
1590,1783430999.906771,9.993642020779897e-06,9.993642020779897e-06,,,3.2740001678466797,2.045741558074951,1.228258728981018,3.2740001678466797,20.67220115661621,1.7608091831207275,1.1150035858154297,2.040609359741211,1.234330415725708,0.24992240965366364,20.67220115661621,20.67220115661621,,
1595,1783431002.1610594,9.993622033511846e-06,9.993622033511846e-06,,,3.3724231719970703,2.101213216781616,1.271209955215454,3.3724231719970703,20.393230438232422,1.8045158386230469,1.0814095735549927,2.026027202606201,1.238957405090332,0.2439408004283905,20.393230438232422,20.393230438232422,,
1600,1783431004.4170606,9.993602046283768e-06,9.993602046283768e-06,,,3.330665349960327,2.0845260620117188,1.2461392879486084,3.330665349960327,20.46085548400879,1.8257801532745361,1.1118724346160889,1.9355186223983765,1.1536978483200073,0.2521059811115265,20.46085548400879,20.46085548400879,,
1605,1783431006.6691413,9.993582059095664e-06,9.993582059095664e-06,,,3.140634298324585,1.967962622642517,1.1726716756820679,3.140634298324585,21.614774703979492,1.891525387763977,1.1451058387756348,2.117082118988037,1.2798676490783691,0.2618720829486847,21.614774703979492,21.614774703979492,,
1610,1783431008.9215446,9.993562071947536e-06,9.993562071947536e-06,,,3.3366494178771973,2.086280345916748,1.2503691911697388,3.3366494178771973,20.40546226501465,1.7821787595748901,1.058620810508728,1.973049283027649,1.149797797203064,0.2515326142311096,20.40546226501465,20.40546226501465,,
1615,1783431011.1732712,9.99354208483938e-06,9.99354208483938e-06,,,3.3023769855499268,2.045253276824951,1.2571237087249756,3.3023769855499268,20.512699127197266,1.8276374340057373,1.0925599336624146,1.947124719619751,1.1904152631759644,0.251498281955719,20.512699127197266,20.512699127197266,,
1620,1783431013.4289045,9.993522097771199e-06,9.993522097771199e-06,,,3.2539029121398926,2.0115132331848145,1.2423897981643677,3.2539029121398926,20.91249656677246,1.9581835269927979,1.0963053703308105,1.9728041887283325,1.1656079292297363,0.2573596239089966,20.91249656677246,20.91249656677246,,
1625,1783431015.6833687,9.993502110742992e-06,9.993502110742992e-06,,,3.378312349319458,2.111468553543091,1.2668437957763672,3.378312349319458,20.446836471557617,1.7577719688415527,1.096256136894226,1.977935791015625,1.2187494039535522,0.2488764077425003,20.446836471557617,20.446836471557617,,
1630,1783431017.9369993,9.99348212375476e-06,9.99348212375476e-06,,,3.243884325027466,2.0222504138946533,1.2216339111328125,3.243884325027466,21.058597564697266,1.7530852556228638,1.1136664152145386,2.061514139175415,1.299492597579956,0.254885196685791,21.058597564697266,21.058597564697266,,
1635,1783431020.1852176,9.993462136806502e-06,9.993462136806502e-06,,,3.2240002155303955,1.9462913274765015,1.277708888053894,3.2240002155303955,20.16100311279297,1.9330837726593018,1.0412521362304688,1.9722577333450317,1.0390464067459106,0.24809016287326813,20.16100311279297,20.16100311279297,,
1640,1783431022.436967,9.993442149898218e-06,9.993442149898218e-06,,,3.215116024017334,1.9914342164993286,1.223681926727295,3.215116024017334,20.999919891357422,1.916905164718628,1.0958433151245117,2.022610664367676,1.2038593292236328,0.25631624460220337,20.999919891357422,20.999919891357422,,
1645,1783431024.6891963,9.993422163029907e-06,9.993422163029907e-06,,,3.3452656269073486,2.079249620437622,1.2660160064697266,3.3452656269073486,20.405982971191406,1.7749011516571045,1.092150092124939,1.9897234439849854,1.2134206295013428,0.24739211797714233,20.405982971191406,20.405982971191406,,
1650,1783431026.9451764,9.99340217620157e-06,9.99340217620157e-06,,,3.3175368309020996,2.049271821975708,1.2682650089263916,3.3175368309020996,20.532350540161133,1.839431643486023,1.0243022441864014,2.0883595943450928,1.2528154850006104,0.24413923919200897,20.532350540161133,20.532350540161133,,
1655,1783431029.1970503,9.993382189413205e-06,9.993382189413205e-06,,,3.2668683528900146,2.0138192176818848,1.2530491352081299,3.2668683528900146,20.644742965698242,1.9035078287124634,1.0536853075027466,2.061049222946167,1.2585790157318115,0.24551765620708466,20.644742965698242,20.644742965698242,,
1660,1783431031.45016,9.993362202664816e-06,9.993362202664816e-06,,,3.300846815109253,2.0087623596191406,1.2920844554901123,3.300846815109253,20.08354949951172,1.8598923683166504,1.0145418643951416,2.0622291564941406,1.1329352855682373,0.2404175102710724,20.08354949951172,20.08354949951172,,
1665,1783431033.7033799,9.9933422159564e-06,9.9933422159564e-06,,,3.3649380207061768,2.0931968688964844,1.2717411518096924,3.3649380207061768,19.426498413085938,1.799816608428955,1.0673940181732178,1.8652763366699219,1.131865382194519,0.23477786779403687,19.426498413085938,19.426498413085938,,
1670,1783431035.9568372,9.993322229287956e-06,9.993322229287956e-06,,,3.188140392303467,1.9383963346481323,1.2497440576553345,3.188140392303467,20.774763107299805,1.871837854385376,1.1033117771148682,2.006877899169922,1.1502467393875122,0.2552303075790405,20.774763107299805,20.774763107299805,,
1675,1783431038.2084506,9.993302242659486e-06,9.993302242659486e-06,,,3.1878976821899414,1.954062819480896,1.233834981918335,3.1878976821899414,21.142181396484375,1.9206163883209229,1.10483717918396,2.111351490020752,1.1982120275497437,0.25550222396850586,21.142181396484375,21.142181396484375,,
1680,1783431040.466168,9.99328225607099e-06,9.99328225607099e-06,,,3.324671745300293,2.0522496700286865,1.2724220752716064,3.324671745300293,20.428333282470703,1.8489773273468018,1.0518890619277954,1.9933640956878662,1.1590232849121094,0.24939315021038055,20.428333282470703,20.428333282470703,,
1685,1783431042.7238777,9.993262269522466e-06,9.993262269522466e-06,,,3.375439167022705,2.1091763973236084,1.2662626504898071,3.375439167022705,19.675479888916016,1.7344127893447876,1.0187374353408813,1.8625221252441406,1.1160563230514526,0.2436704933643341,19.675479888916016,19.675479888916016,,
1690,1783431044.9784772,9.993242283013916e-06,9.993242283013916e-06,,,3.217304229736328,1.989262342453003,1.2280417680740356,3.217304229736328,21.181962966918945,1.8697192668914795,1.148072600364685,2.136321783065796,1.2628858089447021,0.25257235765457153,21.181962966918945,21.181962966918945,,
1695,1783431047.2348232,9.993222296545338e-06,9.993222296545338e-06,,,3.313396453857422,2.032644033432007,1.2807523012161255,3.313396453857422,20.420080184936523,1.8424055576324463,1.0220181941986084,2.097011089324951,1.2436755895614624,0.2416507452726364,20.420080184936523,20.420080184936523,,
1700,1783431049.4869087,9.993202310116733e-06,9.993202310116733e-06,,,3.1657586097717285,1.9310870170593262,1.2346715927124023,3.1657586097717285,20.927791595458984,1.9495644569396973,1.064515233039856,2.026390314102173,1.1459945440292358,0.2570876181125641,20.927791595458984,20.927791595458984,,
1705,1783431051.737036,9.9931823237281e-06,9.9931823237281e-06,,,3.221302032470703,1.997098445892334,1.2242037057876587,3.221302032470703,21.52195167541504,1.887552261352539,1.0931339263916016,2.1299819946289062,1.3003195524215698,0.25957027077674866,21.52195167541504,21.52195167541504,,
1710,1783431053.991193,9.99316233737944e-06,9.99316233737944e-06,,,3.255185604095459,2.011939764022827,1.2432458400726318,3.255185604095459,20.69501304626465,1.7925505638122559,1.1070752143859863,1.9744837284088135,1.1615756750106812,0.25607264041900635,20.69501304626465,20.69501304626465,,
1715,1783431056.2451894,9.993142351070754e-06,9.993142351070754e-06,,,3.2263824939727783,1.994735836982727,1.2316466569900513,3.2263824939727783,20.971267700195312,1.9310989379882812,1.1284708976745605,2.0553596019744873,1.2658355236053467,0.25042903423309326,20.971267700195312,20.971267700195312,,
1720,1783431058.4981427,9.993122364802041e-06,9.993122364802041e-06,,,3.278397798538208,2.044588327407837,1.233809471130371,3.278397798538208,20.572784423828125,1.871572494506836,1.060701608657837,2.0157980918884277,1.1985970735549927,0.249149352312088,20.572784423828125,20.572784423828125,,
1725,1783431060.7520669,9.9931023785733e-06,9.9931023785733e-06,,,3.1839449405670166,1.9717918634414673,1.2121530771255493,3.1839449405670166,21.67022705078125,1.8968195915222168,1.096308946609497,2.2261600494384766,1.3147695064544678,0.257671982049942,21.67022705078125,21.67022705078125,,
1730,1783431063.0109038,9.993082392384532e-06,9.993082392384532e-06,,,3.269087791442871,2.038087844848633,1.2309998273849487,3.269087791442871,20.491073608398438,1.7967971563339233,1.1080955266952515,1.9265804290771484,1.161534070968628,0.2535545229911804,20.491073608398438,20.491073608398438,,
1735,1783431065.2637565,9.993062406235735e-06,9.993062406235735e-06,,,3.2890067100524902,2.032391309738159,1.256615400314331,3.2890067100524902,20.720500946044922,1.9175574779510498,1.0963078737258911,2.116166591644287,1.2560614347457886,0.2436039298772812,20.720500946044922,20.720500946044922,,
1740,1783431067.5160284,9.993042420126911e-06,9.993042420126911e-06,,,3.2669408321380615,2.0424187183380127,1.2245221138000488,3.2669408321380615,20.90212631225586,1.82774817943573,1.0734246969223022,2.054823160171509,1.262903094291687,0.25256672501564026,20.90212631225586,20.90212631225586,,
1745,1783431069.7653525,9.993022434058059e-06,9.993022434058059e-06,,,3.363649606704712,2.0768027305603027,1.2868468761444092,3.363649606704712,19.751123428344727,1.830200433731079,1.0878812074661255,1.8667070865631104,1.066987156867981,0.2436811774969101,19.751123428344727,19.751123428344727,,
1750,1783431072.019987,9.993002448029178e-06,9.993002448029178e-06,,,3.315882682800293,2.058238983154297,1.2576435804367065,3.315882682800293,20.71126937866211,1.8128206729888916,1.076599359512329,2.1024327278137207,1.2376620769500732,0.24759244918823242,20.71126937866211,20.71126937866211,,
1755,1783431074.2719312,9.99298246204027e-06,9.99298246204027e-06,,,3.3145337104797363,2.0550005435943604,1.2595330476760864,3.3145337104797363,20.13745880126953,1.9561307430267334,1.0657079219818115,1.942583441734314,1.1130657196044922,0.24454043805599213,20.13745880126953,20.13745880126953,,
1760,1783431076.523072,9.992962476091334e-06,9.992962476091334e-06,,,3.23960542678833,1.9759552478790283,1.2636501789093018,3.23960542678833,20.535078048706055,1.9262053966522217,1.0564286708831787,2.0855233669281006,1.1710221767425537,0.24531897902488708,20.535078048706055,20.535078048706055,,
1765,1783431078.7795126,9.99294249018237e-06,9.99294249018237e-06,,,3.307394504547119,2.06208872795105,1.2453057765960693,3.307394504547119,20.54790496826172,1.7994675636291504,1.0755701065063477,1.9995862245559692,1.236636996269226,0.2488982081413269,20.54790496826172,20.54790496826172,,
1770,1783431081.0332441,9.992922504313378e-06,9.992922504313378e-06,,,3.3474769592285156,2.106477737426758,1.2409991025924683,3.3474769592285156,21.196887969970703,1.7923117876052856,1.108769416809082,2.020787000656128,1.2352312803268433,0.26186156272888184,21.196887969970703,21.196887969970703,,
1775,1783431083.2859142,9.992902518484359e-06,9.992902518484359e-06,,,3.21933650970459,1.978624939918518,1.2407114505767822,3.21933650970459,21.265419006347656,1.974724531173706,1.0909897089004517,2.167306900024414,1.213897466659546,0.25416216254234314,21.265419006347656,21.265419006347656,,
1780,1783431085.5398169,9.99288253269531e-06,9.99288253269531e-06,,,3.2755939960479736,2.021641731262207,1.2539522647857666,3.2755939960479736,20.541685104370117,1.882590651512146,1.0925809144973755,1.9939765930175781,1.2133601903915405,0.24781863391399384,20.541685104370117,20.541685104370117,,
1785,1783431087.7946327,9.992862546946233e-06,9.992862546946233e-06,,,3.3182411193847656,2.0703420639038086,1.2478989362716675,3.3182411193847656,20.84084701538086,1.7649288177490234,1.0370339155197144,2.123014211654663,1.2713932991027832,0.25000154972076416,20.84084701538086,20.84084701538086,,
1790,1783431090.0502253,9.992842561237128e-06,9.992842561237128e-06,,,3.346867561340332,2.0546302795410156,1.2922371625900269,3.346867561340332,20.310489654541016,1.7797213792800903,1.0379530191421509,2.123885154724121,1.216553807258606,0.24026526510715485,20.310489654541016,20.310489654541016,,
1795,1783431092.3057668,9.992822575567994e-06,9.992822575567994e-06,,,3.265778064727783,1.9950685501098633,1.2707093954086304,3.265778064727783,20.317577362060547,1.8282887935638428,1.1008449792861938,2.017115354537964,1.1905765533447266,0.24384574592113495,20.317577362060547,20.317577362060547,,
1800,1783431094.5641005,9.992802589938831e-06,9.992802589938831e-06,,,3.329212188720703,2.0433809757232666,1.285831093788147,3.329212188720703,20.76846694946289,1.8768242597579956,1.0479960441589355,2.0957775115966797,1.1722548007965088,0.2512796223163605,20.76846694946289,20.76846694946289,,
1805,1783431096.824886,9.992782604349639e-06,9.992782604349639e-06,,,3.2664170265197754,2.0212676525115967,1.2451494932174683,3.2664170265197754,20.560728073120117,1.874025821685791,1.0436575412750244,2.0315256118774414,1.171400785446167,0.2497154027223587,20.560728073120117,20.560728073120117,,
1810,1783431099.0801423,9.992762618800417e-06,9.992762618800417e-06,,,3.304617404937744,2.0545623302459717,1.250054955482483,3.304617404937744,20.504005432128906,1.8921144008636475,1.0795793533325195,2.02414608001709,1.1974725723266602,0.2464239001274109,20.504005432128906,20.504005432128906,,
1815,1783431101.3336468,9.992742633291168e-06,9.992742633291168e-06,,,3.23610782623291,1.99155592918396,1.2445520162582397,3.23610782623291,20.780887603759766,1.9091110229492188,1.0997563600540161,2.071566104888916,1.2168221473693848,0.2487832009792328,20.780887603759766,20.780887603759766,,
1820,1783431103.592033,9.99272264782189e-06,9.99272264782189e-06,,,3.292750120162964,2.041086435317993,1.2516636848449707,3.292750120162964,21.252357482910156,1.8262042999267578,1.1002289056777954,2.0857629776000977,1.2791221141815186,0.2576923072338104,21.252357482910156,21.252357482910156,,
1825,1783431105.8453264,9.992702662392581e-06,9.992702662392581e-06,,,3.3099358081817627,2.0504934787750244,1.2594423294067383,3.3099358081817627,19.878936767578125,1.7746682167053223,1.036352515220642,1.9561514854431152,1.1285196542739868,0.24219053983688354,19.878936767578125,19.878936767578125,,
1830,1783431108.1036925,9.992682677003244e-06,9.992682677003244e-06,,,3.296630382537842,2.0511648654937744,1.2454655170440674,3.296630382537842,20.587928771972656,1.8200560808181763,1.0802229642868042,1.932220458984375,1.1777714490890503,0.2548370361328125,20.587928771972656,20.587928771972656,,
1835,1783431110.360971,9.992662691653878e-06,9.992662691653878e-06,,,3.3067386150360107,2.0165560245513916,1.2901825904846191,3.3067386150360107,20.61141586303711,1.9058825969696045,1.0596728324890137,2.067415952682495,1.174477458000183,0.24804610013961792,20.61141586303711,20.61141586303711,,
1840,1783431112.6176493,9.992642706344483e-06,9.992642706344483e-06,,,3.298617362976074,2.0481038093566895,1.2505135536193848,3.298617362976074,20.401386260986328,1.904068946838379,1.047873854637146,1.9878178834915161,1.2125017642974854,0.24552901089191437,20.401386260986328,20.401386260986328,,
1845,1783431114.8761759,9.992622721075057e-06,9.992622721075057e-06,,,3.2712292671203613,2.024472713470459,1.2467564344406128,3.2712292671203613,20.681236267089844,1.896591305732727,1.066001296043396,2.018078088760376,1.1748034954071045,0.25184178352355957,20.681236267089844,20.681236267089844,,
1850,1783431117.1377587,9.992602735845602e-06,9.992602735845602e-06,,,3.221280097961426,2.0074374675750732,1.2138426303863525,3.221280097961426,21.229961395263672,1.8057730197906494,1.1247856616973877,1.9810335636138916,1.2590832710266113,0.26264819502830505,21.229961395263672,21.229961395263672,,
1855,1783431119.3928096,9.992582750656118e-06,9.992582750656118e-06,,,3.319188117980957,2.0860331058502197,1.2331548929214478,3.319188117980957,20.96282958984375,1.7854281663894653,1.1171228885650635,2.0414061546325684,1.2251861095428467,0.25615763664245605,20.96282958984375,20.96282958984375,,
1860,1783431121.6512666,9.992562765506605e-06,9.992562765506605e-06,,,3.2482645511627197,2.0086817741394043,1.2395827770233154,3.2482645511627197,20.7293701171875,1.7973003387451172,1.0707999467849731,2.003152847290039,1.2158337831497192,0.2538510859012604,20.7293701171875,20.7293701171875,,
1865,1783431123.9241717,9.992542780397061e-06,9.992542780397061e-06,,,3.342376708984375,2.085815906524658,1.2565609216690063,3.342376708984375,20.166093826293945,1.8314186334609985,1.0666263103485107,2.0178916454315186,1.193631649017334,0.24100004136562347,20.166093826293945,20.166093826293945,,
1870,1783431126.1806557,9.992522795327488e-06,9.992522795327488e-06,,,3.230741500854492,2.0033798217773438,1.2273616790771484,3.230741500854492,20.661849975585938,1.8556022644042969,1.0905358791351318,1.9607881307601929,1.2089399099349976,0.2528056800365448,20.661849975585938,20.661849975585938,,
1875,1783431128.4365506,9.992502810297886e-06,9.992502810297886e-06,,,3.2998600006103516,2.05027437210083,1.249585509300232,3.2998600006103516,21.13287353515625,1.9268516302108765,1.0951714515686035,2.0917930603027344,1.236368179321289,0.25454506278038025,21.13287353515625,21.13287353515625,,
1880,1783431130.691411,9.992482825308252e-06,9.992482825308252e-06,,,3.314864158630371,2.0631251335144043,1.2517391443252563,3.314864158630371,20.98021125793457,1.7860554456710815,1.1166408061981201,2.091526985168457,1.256743311882019,0.2529105246067047,20.98021125793457,20.98021125793457,,
1885,1783431132.9538178,9.992462840358588e-06,9.992462840358588e-06,,,3.2187130451202393,1.9941543340682983,1.224558711051941,3.2187130451202393,20.822765350341797,1.8805352449417114,1.0770955085754395,2.066311836242676,1.2270641326904297,0.2506307363510132,20.822765350341797,20.822765350341797,,
1890,1783431135.2144787,9.992442855448895e-06,9.992442855448895e-06,,,3.259045124053955,2.008265256881714,1.2507798671722412,3.259045124053955,20.688051223754883,1.8942679166793823,1.0693708658218384,2.0026144981384277,1.1719069480895996,0.2527860105037689,20.688051223754883,20.688051223754883,,
1895,1783431137.4731884,9.992422870579172e-06,9.992422870579172e-06,,,3.310026168823242,2.0717573165893555,1.2382689714431763,3.310026168823242,20.014751434326172,1.7859565019607544,1.0866892337799072,1.9229447841644287,1.1839748620986938,0.24285033345222473,20.014751434326172,20.014751434326172,,
1900,1783431139.7374735,9.992402885749419e-06,9.992402885749419e-06,,,3.2110023498535156,1.9801816940307617,1.230820655822754,3.2110023498535156,20.771438598632812,1.867326259613037,1.1301403045654297,1.9521403312683105,1.205260992050171,0.2546481788158417,20.771438598632812,20.771438598632812,,
1905,1783431141.992514,9.992382900959634e-06,9.992382900959634e-06,,,3.286329746246338,2.0041017532348633,1.2822279930114746,3.286329746246338,20.541093826293945,1.839984655380249,1.0943822860717773,2.027616500854492,1.1713647842407227,0.24908368289470673,20.541093826293945,20.541093826293945,,
1910,1783431144.2503219,9.992362916209819e-06,9.992362916209819e-06,,,3.225210189819336,1.9860475063323975,1.2391626834869385,3.225210189819336,20.946298599243164,1.9135124683380127,1.0524907112121582,2.1528310775756836,1.2504962682724,0.2483031153678894,20.946298599243164,20.946298599243164,,
1915,1783431146.5118806,9.992342931499973e-06,9.992342931499973e-06,,,3.271272659301758,2.0273685455322266,1.2439041137695312,3.271272659301758,20.462909698486328,1.9538536071777344,1.0740324258804321,2.0065579414367676,1.1985503435134888,0.24499575793743134,20.462909698486328,20.462909698486328,,
1920,1783431148.7701714,9.992322946830097e-06,9.992322946830097e-06,,,3.267033100128174,2.0167858600616455,1.2502472400665283,3.267033100128174,20.383651733398438,1.8043807744979858,1.1140687465667725,2.045139789581299,1.2069406509399414,0.24357867240905762,20.383651733398438,20.383651733398438,,
1925,1783431151.0320864,9.99230296220019e-06,9.99230296220019e-06,,,3.2522196769714355,1.9757767915725708,1.2764427661895752,3.2522196769714355,20.81812858581543,1.829149842262268,1.0395959615707397,2.2338271141052246,1.2254375219345093,0.24513009190559387,20.81812858581543,20.81812858581543,,
1930,1783431153.2891552,9.992282977610252e-06,9.992282977610252e-06,,,3.2933459281921387,2.0341928005218506,1.259153127670288,3.2933459281921387,20.604999542236328,1.8359119892120361,1.0751283168792725,2.0386953353881836,1.175412654876709,0.25034984946250916,20.604999542236328,20.604999542236328,,
1935,1783431155.5488648,9.992262993060284e-06,9.992262993060284e-06,,,3.284961700439453,2.0525734424591064,1.2323882579803467,3.284961700439453,20.436046600341797,1.807520866394043,1.0690667629241943,1.9852510690689087,1.2215157747268677,0.24768726527690887,20.436046600341797,20.436046600341797,,
1940,1783431157.8072352,9.992243008550286e-06,9.992243008550286e-06,,,3.2822325229644775,2.025627613067627,1.2566049098968506,3.2822325229644775,20.1428165435791,1.8297356367111206,1.0695034265518188,2.007819175720215,1.1784509420394897,0.241578608751297,20.1428165435791,20.1428165435791,,
1945,1783431160.0602999,9.992223024080256e-06,9.992223024080256e-06,,,3.255215644836426,2.007023811340332,1.2481919527053833,3.255215644836426,19.990222930908203,1.8283965587615967,1.0596163272857666,1.9041997194290161,1.0907645225524902,0.24693961441516876,19.990222930908203,19.990222930908203,,
1950,1783431162.2300034,9.992203039650194e-06,9.992203039650194e-06,,,3.3053476810455322,2.042346954345703,1.263000726699829,3.3053476810455322,20.82181739807129,1.857466220855713,1.0937519073486328,2.0931975841522217,1.216034173965454,0.2500474750995636,20.82181739807129,20.82181739807129,,
1950,1783431168.0854807,,,,,,,,,,,,,,,,,0.23618340566754342,0.23618340566754342
1950,1783431169.7262654,,,1636.6827570000169,688.2660264968872,,,,,,,,,,,,,,
1950,1783431171.540478,,,1807.8569799999968,688.2660264968872,,,,,,,,,,,,,,
1955,1783431173.917269,9.992183055260102e-06,9.992183055260102e-06,,,3.2987594604492188,2.0446250438690186,1.2541345357894897,3.2987594604492188,20.775503158569336,1.8496164083480835,1.0544555187225342,2.116440773010254,1.2332812547683716,0.24826639890670776,20.775503158569336,20.775503158569336,,
1960,1783431176.182212,9.992163070909978e-06,9.992163070909978e-06,,,3.183934211730957,1.9849084615707397,1.1990257501602173,3.183934211730957,22.00101661682129,1.8671828508377075,1.1304271221160889,2.1638894081115723,1.3352702856063843,0.26677969098091125,22.00101661682129,22.00101661682129,,
1965,1783431178.4523547,9.992143086599823e-06,9.992143086599823e-06,,,3.305692672729492,2.056790351867676,1.2489023208618164,3.305692672729492,19.909292221069336,1.7879283428192139,1.0445665121078491,1.9377334117889404,1.1454002857208252,0.24245624244213104,19.909292221069336,19.909292221069336,,
1970,1783431180.7167294,9.992123102329637e-06,9.992123102329637e-06,,,3.2707886695861816,2.0194900035858154,1.2512986660003662,3.2707886695861816,20.368000030517578,1.9326750040054321,1.0654270648956299,1.9874382019042969,1.1330022811889648,0.24731148779392242,20.368000030517578,20.368000030517578,,
1975,1783431182.9884794,9.992103118099419e-06,9.992103118099419e-06,,,3.270106077194214,2.0370616912841797,1.2330443859100342,3.270106077194214,20.63881492614746,1.8170167207717896,1.0969593524932861,2.0635159015655518,1.2209436893463135,0.2479093372821808,20.63881492614746,20.63881492614746,,
1980,1783431185.2577255,9.992083133909169e-06,9.992083133909169e-06,,,3.311908483505249,2.0204315185546875,1.2914769649505615,3.311908483505249,20.22820472717285,1.8298189640045166,1.0281422138214111,2.1392581462860107,1.2274363040924072,0.23637451231479645,20.22820472717285,20.22820472717285,,
1985,1783431187.5211074,9.992063149758889e-06,9.992063149758889e-06,,,3.235166549682617,1.9777637720108032,1.257402777671814,3.235166549682617,20.23775291442871,1.9394593238830566,1.0911058187484741,1.9808666706085205,1.164621353149414,0.2425824999809265,20.23775291442871,20.23775291442871,,
1990,1783431189.785627,9.992043165648575e-06,9.992043165648575e-06,,,3.1894593238830566,1.969956874847412,1.219502568244934,3.1894593238830566,21.15195655822754,1.9565709829330444,1.1016895771026611,2.048732042312622,1.1757805347442627,0.2587704658508301,21.15195655822754,21.15195655822754,,
1995,1783431192.0443249,9.99202318157823e-06,9.99202318157823e-06,,,3.319758892059326,2.053032398223877,1.2667264938354492,3.319758892059326,20.516756057739258,1.8404464721679688,1.063234806060791,2.047016143798828,1.2236632108688354,0.24603810906410217,20.516756057739258,20.516756057739258,,
2000,1783431194.3135989,9.992003197547853e-06,9.992003197547853e-06,,,3.2891063690185547,2.032768487930298,1.2563380002975464,3.2891063690185547,20.520038604736328,1.8538602590560913,1.0824644565582275,1.9959588050842285,1.1702784299850464,0.25002753734588623,20.520038604736328,20.520038604736328,,
2005,1783431196.5838695,9.991983213557445e-06,9.991983213557445e-06,,,3.359097957611084,2.1113345623016357,1.2477635145187378,3.359097957611084,20.4444580078125,1.7665724754333496,1.108978271484375,1.9716202020645142,1.1663624048233032,0.250954270362854,20.4444580078125,20.4444580078125,,
2010,1783431198.8512003,9.991963229607006e-06,9.991963229607006e-06,,,3.2981791496276855,2.0368032455444336,1.261375904083252,3.2981791496276855,19.836843490600586,1.7984750270843506,1.0551000833511353,1.8985317945480347,1.144113540649414,0.24217727780342102,19.836843490600586,19.836843490600586,,
2015,1783431201.1084437,9.991943245696532e-06,9.991943245696532e-06,,,3.3385324478149414,2.1033387184143066,1.2351937294006348,3.3385324478149414,20.86036491394043,1.8529361486434937,1.095773696899414,2.036454677581787,1.2540817260742188,0.25179070234298706,20.86036491394043,20.86036491394043,,
2020,1783431203.3740041,9.991923261826029e-06,9.991923261826029e-06,,,3.383706569671631,2.1080551147460938,1.2756513357162476,3.383706569671631,19.418743133544922,1.8562045097351074,1.0567430257797241,1.8385820388793945,1.0931459665298462,0.2364964634180069,19.418743133544922,19.418743133544922,,
2025,1783431205.6375775,9.991903277995491e-06,9.991903277995491e-06,,,3.292266368865967,2.06408429145813,1.228182077407837,3.292266368865967,20.942466735839844,1.903248906135559,1.0965576171875,2.0130982398986816,1.239341139793396,0.2541729211807251,20.942466735839844,20.942466735839844,,
2030,1783431207.903217,9.991883294204922e-06,9.991883294204922e-06,,,3.2781267166137695,2.026780843734741,1.2513457536697388,3.2781267166137695,20.655868530273438,1.8252429962158203,1.076807975769043,2.050875186920166,1.2176704406738281,0.2492605596780777,20.655868530273438,20.655868530273438,,
2035,1783431210.1674771,9.99186331045432e-06,9.99186331045432e-06,,,3.18038010597229,1.9815629720687866,1.1988171339035034,3.18038010597229,21.943363189697266,1.8335041999816895,1.1523147821426392,2.139211654663086,1.3019616603851318,0.2683377265930176,21.943363189697266,21.943363189697266,,
2040,1783431212.4243119,9.991843326743685e-06,9.991843326743685e-06,,,3.269993782043457,2.0223426818847656,1.2476511001586914,3.269993782043457,21.434093475341797,1.8239924907684326,1.0963636636734009,2.1565184593200684,1.2422914505004883,0.26035812497138977,21.434093475341797,21.434093475341797,,
2045,1783431214.681786,9.991823343073019e-06,9.991823343073019e-06,,,3.2644433975219727,2.009104013442993,1.255339503288269,3.2644433975219727,20.819860458374023,1.8493295907974243,1.0710550546646118,2.045597791671753,1.1873594522476196,0.254079133272171,20.819860458374023,20.819860458374023,,
2050,1783431216.93983,9.991803359442319e-06,9.991803359442319e-06,,,3.3531882762908936,2.0735433101654053,1.2796449661254883,3.3531882762908936,20.452939987182617,1.8860087394714355,1.0842244625091553,1.931173324584961,1.1320475339889526,0.2523614168167114,20.452939987182617,20.452939987182617,,
2055,1783431219.191919,9.991783375851587e-06,9.991783375851587e-06,,,3.321164846420288,2.092759847640991,1.2284049987792969,3.321164846420288,20.46847152709961,1.8121880292892456,1.0601837635040283,1.9832913875579834,1.1853276491165161,0.2501969337463379,20.46847152709961,20.46847152709961,,
2060,1783431221.466045,9.991763392300821e-06,9.991763392300821e-06,,,3.288215160369873,2.0649030208587646,1.2233120203018188,3.288215160369873,20.512449264526367,1.7272865772247314,1.1314228773117065,1.9712238311767578,1.2240502834320068,0.25029313564300537,20.512449264526367,20.512449264526367,,
2065,1783431223.7209554,9.991743408790024e-06,9.991743408790024e-06,,,3.2200965881347656,1.9932613372802734,1.2268352508544922,3.2200965881347656,20.781490325927734,1.8803750276565552,1.1110488176345825,2.024204730987549,1.1836625337600708,0.25276291370391846,20.781490325927734,20.781490325927734,,
2070,1783431225.9762192,9.991723425319193e-06,9.991723425319193e-06,,,3.2430293560028076,2.024977207183838,1.2180521488189697,3.2430293560028076,21.26184844970703,1.7795451879501343,1.1106650829315186,2.1374289989471436,1.3138785362243652,0.25486719608306885,21.26184844970703,21.26184844970703,,
2075,1783431228.2316086,9.991703441888328e-06,9.991703441888328e-06,,,3.2336606979370117,2.003283977508545,1.2303767204284668,3.2336606979370117,21.085622787475586,1.889229655265808,1.0853999853134155,2.03851318359375,1.1853991746902466,0.25918149948120117,21.085622787475586,21.085622787475586,,
2080,1783431230.4850993,9.991683458497431e-06,9.991683458497431e-06,,,3.302464008331299,2.0216987133026123,1.280765414237976,3.302464008331299,20.266361236572266,1.8893288373947144,1.0492408275604248,1.9849610328674316,1.1176340579986572,0.2471689134836197,20.266361236572266,20.266361236572266,,
2085,1783431232.7421978,9.9916634751465e-06,9.9916634751465e-06,,,3.2602767944335938,2.0234062671661377,1.2368704080581665,3.2602767944335938,20.778156280517578,1.8062512874603271,1.084087610244751,2.05757212638855,1.149215817451477,0.25498315691947937,20.778156280517578,20.778156280517578,,
2090,1783431235.0087543,9.991643491835536e-06,9.991643491835536e-06,,,3.2962958812713623,2.0283443927764893,1.267951488494873,3.2962958812713623,20.089393615722656,1.816739559173584,1.0347226858139038,1.9785155057907104,1.156320333480835,0.24373912811279297,20.089393615722656,20.089393615722656,,
2095,1783431237.2634816,9.991623508564538e-06,9.991623508564538e-06,,,3.319051504135132,2.086683750152588,1.232367753982544,3.319051504135132,20.685087203979492,1.7583448886871338,1.104364275932312,2.0197393894195557,1.2321746349334717,0.25152334570884705,20.685087203979492,20.685087203979492,,
2100,1783431239.5232992,9.991603525333508e-06,9.991603525333508e-06,,,3.2805469036102295,2.0098342895507812,1.2707126140594482,3.2805469036102295,20.180341720581055,1.8909425735473633,1.0730849504470825,1.9504269361495972,1.0956846475601196,0.24720202386379242,20.180341720581055,20.180341720581055,,
2105,1783431241.7802215,9.991583542142443e-06,9.991583542142443e-06,,,3.286348342895508,2.053591728210449,1.2327567338943481,3.286348342895508,20.497663497924805,1.814400553703308,1.1134347915649414,2.0094778537750244,1.188210129737854,0.24832114577293396,20.497663497924805,20.497663497924805,,
2110,1783431244.0370166,9.991563558991343e-06,9.991563558991343e-06,,,3.145537853240967,1.897383451461792,1.2481545209884644,3.145537853240967,21.248916625976562,1.9758448600769043,1.0522454977035522,2.266728639602661,1.2156540155410767,0.2501347064971924,21.248916625976562,21.248916625976562,,
2115,1783431246.3036904,9.991543575880211e-06,9.991543575880211e-06,,,3.217538595199585,1.9983159303665161,1.2192226648330688,3.217538595199585,20.91672134399414,1.8226218223571777,1.0724236965179443,2.1281003952026367,1.2366533279418945,0.2509370744228363,20.91672134399414,20.91672134399414,,
2120,1783431248.5599687,9.991523592809046e-06,9.991523592809046e-06,,,3.2915797233581543,2.0268678665161133,1.2647117376327515,3.2915797233581543,20.76031494140625,1.8495815992355347,1.069974660873413,2.068650484085083,1.2178008556365967,0.25039681792259216,20.76031494140625,20.76031494140625,,
2125,1783431250.811689,9.991503609777847e-06,9.991503609777847e-06,,,3.289179801940918,2.0315053462982178,1.2576744556427002,3.289179801940918,19.665021896362305,1.7858996391296387,1.0896787643432617,1.8806589841842651,1.1029800176620483,0.240492582321167,19.665021896362305,19.665021896362305,,
2130,1783431253.0656333,9.991483626786615e-06,9.991483626786615e-06,,,3.3063108921051025,2.0366971492767334,1.2696137428283691,3.3063108921051025,21.01727867126465,1.807215690612793,1.0547605752944946,2.206080675125122,1.2671873569488525,0.24908369779586792,21.01727867126465,21.01727867126465,,
2135,1783431255.3197095,9.991463643835347e-06,9.991463643835347e-06,,,3.315473794937134,2.0648136138916016,1.2506601810455322,3.315473794937134,20.139324188232422,1.8271983861923218,1.1042118072509766,2.0164597034454346,1.2031817436218262,0.23930290341377258,20.139324188232422,20.139324188232422,,
2140,1783431257.5758476,9.991443660924045e-06,9.991443660924045e-06,,,3.325833320617676,2.055466651916504,1.2703667879104614,3.325833320617676,19.809803009033203,1.8609310388565063,1.020729422569275,1.92293119430542,1.098764419555664,0.24188338220119476,19.809803009033203,19.809803009033203,,
2145,1783431259.8309722,9.99142367805271e-06,9.99142367805271e-06,,,3.274372100830078,1.9909276962280273,1.2834444046020508,3.274372100830078,19.865650177001953,1.824337363243103,1.0246174335479736,1.9052386283874512,1.0804470777511597,0.24545162916183472,19.865650177001953,19.865650177001953,,
2150,1783431262.0860152,9.99140369522134e-06,9.99140369522134e-06,,,3.2719907760620117,2.00270414352417,1.2692866325378418,3.2719907760620117,20.43212127685547,1.8822904825210571,1.085970401763916,2.137580394744873,1.2588266134262085,0.23713432252407074,20.43212127685547,20.43212127685547,,
2155,1783431264.3432314,9.991383712429936e-06,9.991383712429936e-06,,,3.283592462539673,2.006178617477417,1.2774138450622559,3.283592462539673,19.84858512878418,1.9312177896499634,1.080255150794983,1.8935624361038208,1.1038082838058472,0.24094156920909882,19.84858512878418,19.84858512878418,,
2160,1783431266.5971062,9.991363729678499e-06,9.991363729678499e-06,,,3.2722935676574707,2.0105347633361816,1.2617586851119995,3.2722935676574707,20.830238342285156,1.8047947883605957,1.0660709142684937,2.1523890495300293,1.2303125858306885,0.2487548440694809,20.830238342285156,20.830238342285156,,
2165,1783431268.850659,9.991343746967024e-06,9.991343746967024e-06,,,3.2951669692993164,2.085911750793457,1.2092552185058594,3.2951669692993164,21.04067039489746,1.842843770980835,1.099010944366455,2.0367066860198975,1.2071198225021362,0.2580258548259735,21.04067039489746,21.04067039489746,,
2170,1783431271.1108413,9.991323764295514e-06,9.991323764295514e-06,,,3.2185146808624268,1.9770395755767822,1.2414751052856445,3.2185146808624268,21.05522346496582,1.9043878316879272,1.098282814025879,2.083416223526001,1.1980029344558716,0.2553269863128662,21.05522346496582,21.05522346496582,,
2175,1783431273.3667498,9.991303781663971e-06,9.991303781663971e-06,,,3.3059139251708984,2.079763889312744,1.2261500358581543,3.3059139251708984,20.63593864440918,1.8219839334487915,1.0883703231811523,1.9577041864395142,1.2389187812805176,0.25182974338531494,20.63593864440918,20.63593864440918,,
2180,1783431275.6232693,9.991283799072394e-06,9.991283799072394e-06,,,3.401773452758789,2.0993666648864746,1.302406668663025,3.401773452758789,18.642751693725586,1.8029011487960815,1.0196301937103271,1.7127165794372559,1.0061002969741821,0.23072417080402374,18.642751693725586,18.642751693725586,,
2185,1783431277.883016,9.991263816520782e-06,9.991263816520782e-06,,,3.2702796459198,2.051673650741577,1.2186059951782227,3.2702796459198,21.448102951049805,1.8620539903640747,1.2038776874542236,2.0387492179870605,1.2306195497512817,0.263187438249588,21.448102951049805,21.448102951049805,,
2190,1783431280.1359072,9.991243834009132e-06,9.991243834009132e-06,,,3.163665294647217,1.9531762599945068,1.21048903465271,3.163665294647217,21.66962242126465,1.9088163375854492,1.110884428024292,2.1684908866882324,1.3003499507904053,0.26027199625968933,21.66962242126465,21.66962242126465,,
2195,1783431282.394799,9.99122385153745e-06,9.99122385153745e-06,,,3.292941093444824,2.067758321762085,1.2251827716827393,3.292941093444824,20.8335018157959,1.8641531467437744,1.0943903923034668,2.0535922050476074,1.2695077657699585,0.2495279312133789,20.8335018157959,20.8335018157959,,
2200,1783431284.6482358,9.991203869105733e-06,9.991203869105733e-06,,,3.285052537918091,2.047299861907959,1.2377526760101318,3.285052537918091,20.85759735107422,1.8765143156051636,1.071030616760254,1.971902847290039,1.2239766120910645,0.2559620440006256,20.85759735107422,20.85759735107422,,
2205,1783431286.9001613,9.99118388671398e-06,9.99118388671398e-06,,,3.164149045944214,1.956423282623291,1.2077257633209229,3.164149045944214,21.338520050048828,1.8943307399749756,1.0962780714035034,2.085263729095459,1.258963942527771,0.25909900665283203,21.338520050048828,21.338520050048828,,
2210,1783431289.1519725,9.991163904362191e-06,9.991163904362191e-06,,,3.279607057571411,2.0439634323120117,1.2356436252593994,3.279607057571411,20.835838317871094,1.7917839288711548,1.1266162395477295,2.058276653289795,1.218492031097412,0.25253111124038696,20.835838317871094,20.835838317871094,,
2215,1783431291.4029927,9.991143922050369e-06,9.991143922050369e-06,,,3.2469868659973145,2.0059916973114014,1.2409952878952026,3.2469868659973145,20.532848358154297,1.8307064771652222,1.1169450283050537,2.0024616718292236,1.2233176231384277,0.24741420149803162,20.532848358154297,20.532848358154297,,
2220,1783431293.6543572,9.99112393977851e-06,9.99112393977851e-06,,,3.188056468963623,1.9156461954116821,1.272410273551941,3.188056468963623,20.1962947845459,1.915303349494934,1.0470277070999146,2.0194272994995117,1.1080397367477417,0.24397844076156616,20.1962947845459,20.1962947845459,,
2225,1783431295.9051778,9.991103957546615e-06,9.991103957546615e-06,,,3.2251596450805664,1.9578874111175537,1.2672723531723022,3.2251596450805664,20.50259780883789,1.9341884851455688,1.0694091320037842,2.0373406410217285,1.1496410369873047,0.24722304940223694,20.50259780883789,20.50259780883789,,
2230,1783431298.1525097,9.991083975354685e-06,9.991083975354685e-06,,,3.2759225368499756,2.0300540924072266,1.245868444442749,3.2759225368499756,21.05973243713379,1.8261847496032715,1.0525007247924805,2.1539688110351562,1.2635650634765625,0.2521328926086426,21.05973243713379,21.05973243713379,,
2235,1783431300.4034405,9.99106399320272e-06,9.99106399320272e-06,,,3.200803279876709,1.9506397247314453,1.2501635551452637,3.200803279876709,20.70840835571289,1.97930908203125,1.0404163599014282,2.1817121505737305,1.198369026184082,0.2428559809923172,20.70840835571289,20.70840835571289,,
2240,1783431302.661577,9.991044011090717e-06,9.991044011090717e-06,,,3.307338237762451,2.047285795211792,1.2600525617599487,3.307338237762451,20.31928253173828,1.808420181274414,1.0699589252471924,2.038593053817749,1.1756540536880493,0.2447202056646347,20.31928253173828,20.31928253173828,,
2245,1783431304.915828,9.99102402901868e-06,9.99102402901868e-06,,,3.343289375305176,2.074359655380249,1.2689298391342163,3.343289375305176,19.021162033081055,1.7938429117202759,1.0576400756835938,1.817982792854309,1.047560214996338,0.23196876049041748,19.021162033081055,19.021162033081055,,
2250,1783431307.1637065,9.991004046986607e-06,9.991004046986607e-06,,,3.237706184387207,2.002803325653076,1.2349028587341309,3.237706184387207,21.163938522338867,1.8657373189926147,1.1312849521636963,2.066657543182373,1.2269153594970703,0.25732821226119995,21.163938522338867,21.163938522338867,,
2255,1783431309.4150536,9.990984064994498e-06,9.990984064994498e-06,,,3.272313356399536,2.0212740898132324,1.2510392665863037,3.272313356399536,20.428340911865234,1.8914265632629395,1.0635719299316406,1.9732476472854614,1.1097779273986816,0.25127312541007996,20.428340911865234,20.428340911865234,,
2260,1783431311.6666107,9.990964083042352e-06,9.990964083042352e-06,,,3.2587833404541016,2.0120677947998047,1.2467155456542969,3.2587833404541016,19.852367401123047,1.877575159072876,1.0872001647949219,1.9331450462341309,1.0904048681259155,0.24089980125427246,19.852367401123047,19.852367401123047,,
2265,1783431313.9155786,9.990944101130172e-06,9.990944101130172e-06,,,3.2885310649871826,2.0071938037872314,1.2813372611999512,3.2885310649871826,20.49452018737793,1.883297324180603,1.0183249711990356,2.0798165798187256,1.16353440284729,0.246804341673851,20.49452018737793,20.49452018737793,,
2270,1783431316.1689625,9.990924119257955e-06,9.990924119257955e-06,,,3.3094539642333984,2.062288761138916,1.2471650838851929,3.3094539642333984,19.675098419189453,1.773863434791565,1.0914932489395142,1.8243238925933838,1.0875765085220337,0.24413204193115234,19.675098419189453,19.675098419189453,,
2275,1783431318.421379,9.9909041374257e-06,9.9909041374257e-06,,,3.1908559799194336,1.9619559049606323,1.2288999557495117,3.1908559799194336,21.55645751953125,1.965818166732788,1.135249137878418,2.140160322189331,1.2473136186599731,0.2595653831958771,21.55645751953125,21.55645751953125,,
2280,1783431320.6775422,9.990884155633411e-06,9.990884155633411e-06,,,3.2672677040100098,2.0085744857788086,1.2586932182312012,3.2672677040100098,20.104602813720703,1.8718576431274414,1.0521296262741089,1.9638398885726929,1.176466703414917,0.24222224950790405,20.104602813720703,20.104602813720703,,
2285,1783431322.9371552,9.990864173881084e-06,9.990864173881084e-06,,,3.2343053817749023,2.0003154277801514,1.233989953994751,3.2343053817749023,21.12825584411621,1.9324538707733154,1.1508958339691162,2.023477077484131,1.1811470985412598,0.2585701644420624,21.12825584411621,21.12825584411621,,
2290,1783431325.190241,9.99084419216872e-06,9.99084419216872e-06,,,3.230292320251465,1.9982596635818481,1.2320326566696167,3.230292320251465,20.54559326171875,1.91130793094635,1.0969500541687012,2.0281312465667725,1.1870862245559692,0.24681997299194336,20.54559326171875,20.54559326171875,,
2295,1783431327.444904,9.99082421049632e-06,9.99082421049632e-06,,,3.3163208961486816,2.0334715843200684,1.2828493118286133,3.3163208961486816,19.75389289855957,1.8087399005889893,1.0186772346496582,1.9696073532104492,1.193681001663208,0.2355533093214035,19.75389289855957,19.75389289855957,,
2300,1783431329.7025607,9.990804228863884e-06,9.990804228863884e-06,,,3.2932746410369873,2.019313097000122,1.2739615440368652,3.2932746410369873,20.658946990966797,1.8984475135803223,1.1155188083648682,2.009289026260376,1.1582494974136353,0.2513311803340912,20.658946990966797,20.658946990966797,,
2305,1783431331.960444,9.990784247271412e-06,9.990784247271412e-06,,,3.325779438018799,2.0698728561401367,1.255906581878662,3.325779438018799,20.380096435546875,1.7614991664886475,1.0779640674591064,1.9941649436950684,1.209238052368164,0.24741843342781067,20.380096435546875,20.380096435546875,,
2310,1783431334.2130225,9.990764265718902e-06,9.990764265718902e-06,,,3.3084092140197754,2.031524419784546,1.27688467502594,3.3084092140197754,20.47743034362793,1.9211876392364502,1.063593864440918,2.1188156604766846,1.1615912914276123,0.24292968213558197,20.47743034362793,20.47743034362793,,
2315,1783431336.4685333,9.990744284206355e-06,9.990744284206355e-06,,,3.2811155319213867,2.029297351837158,1.251818299293518,3.2811155319213867,20.794647216796875,1.7875845432281494,1.051253080368042,2.1128809452056885,1.2578949928283691,0.24920569360256195,20.794647216796875,20.794647216796875,,
2320,1783431338.7267723,9.990724302733771e-06,9.990724302733771e-06,,,3.260435104370117,2.0092034339904785,1.2512317895889282,3.260435104370117,20.300090789794922,1.9121513366699219,1.0684715509414673,2.0244181156158447,1.1930804252624512,0.24187710881233215,20.300090789794922,20.300090789794922,,
2325,1783431340.9823527,9.99070432130115e-06,9.99070432130115e-06,,,3.3274106979370117,2.053736448287964,1.2736743688583374,3.3274106979370117,20.084369659423828,1.8777036666870117,1.0425746440887451,1.9473828077316284,1.1692720651626587,0.24290624260902405,20.084369659423828,20.084369659423828,,
2330,1783431343.2333865,9.990684339908493e-06,9.990684339908493e-06,,,3.287931442260742,2.0339975357055664,1.2539340257644653,3.287931442260742,20.200706481933594,1.8332592248916626,1.0572445392608643,1.9830893278121948,1.132083773612976,0.24621902406215668,20.200706481933594,20.200706481933594,,
2335,1783431345.4826336,9.990664358555798e-06,9.990664358555798e-06,,,3.2938575744628906,2.006967306137085,1.2868901491165161,3.2938575744628906,19.898273468017578,1.9263725280761719,1.0754398107528687,1.9565515518188477,1.0473315715789795,0.2419709861278534,19.898273468017578,19.898273468017578,,
2340,1783431347.645934,9.990644377243066e-06,9.990644377243066e-06,,,3.344069004058838,2.0608654022216797,1.2832036018371582,3.344069004058838,19.841938018798828,1.8337922096252441,1.0444879531860352,1.9135645627975464,1.1448460817337036,0.24104081094264984,19.841938018798828,19.841938018798828,,
2340,1783431353.4136071,,,,,,,,,,,,,,,,,0.23438397586345672,0.23438397586345672
2340,1783431355.0275795,,,1608.6997620000147,688.2660264968872,,,,,,,,,,,,,,
2340,1783431357.0551794,,,2021.027770000046,688.2660264968872,,,,,,,,,,,,,,
2345,1783431359.416824,9.990624395970296e-06,9.990624395970296e-06,,,3.3619210720062256,2.1157450675964355,1.24617600440979,3.3619210720062256,20.041244506835938,1.8291606903076172,1.0433417558670044,1.9442226886749268,1.2236396074295044,0.24073371291160583,20.041244506835938,20.041244506835938,,
2350,1783431361.6663852,9.990604414737489e-06,9.990604414737489e-06,,,3.3094394207000732,2.0307130813598633,1.27872633934021,3.3094394207000732,20.308216094970703,1.8361549377441406,1.0602734088897705,2.041517734527588,1.193397045135498,0.2431546002626419,20.308216094970703,20.308216094970703,,
2355,1783431363.9152596,9.990584433544644e-06,9.990584433544644e-06,,,3.312739849090576,2.040205478668213,1.2725344896316528,3.312739849090576,20.195613861083984,1.827409029006958,1.1014306545257568,1.969007134437561,1.2001466751098633,0.24285481870174408,20.195613861083984,20.195613861083984,,
2360,1783431366.166208,9.990564452391761e-06,9.990564452391761e-06,,,3.3159964084625244,2.0292227268218994,1.286773681640625,3.3159964084625244,19.839223861694336,1.8836746215820312,1.0519965887069702,2.011979818344116,1.145658254623413,0.23529504239559174,19.839223861694336,19.839223861694336,,
2365,1783431368.4239936,9.990544471278841e-06,9.990544471278841e-06,,,3.2324154376983643,2.004427433013916,1.2279880046844482,3.2324154376983643,20.511384963989258,1.7693268060684204,1.0928345918655396,1.9928632974624634,1.1924409866333008,0.25063586235046387,20.511384963989258,20.511384963989258,,
2370,1783431370.6746447,9.990524490205882e-06,9.990524490205882e-06,,,3.30703067779541,2.068187713623047,1.2388430833816528,3.30703067779541,20.99673843383789,1.832560658454895,1.0545847415924072,2.110252618789673,1.2608866691589355,0.25260698795318604,20.99673843383789,20.99673843383789,,
2375,1783431372.9217036,9.990504509172887e-06,9.990504509172887e-06,,,3.3476243019104004,2.085574150085449,1.2620500326156616,3.3476243019104004,20.473133087158203,1.8188585042953491,1.1033223867416382,1.992471694946289,1.2338929176330566,0.24662721157073975,20.473133087158203,20.473133087158203,,
2380,1783431375.173472,9.990484528179852e-06,9.990484528179852e-06,,,3.293509006500244,2.0348830223083496,1.258625864982605,3.293509006500244,20.103919982910156,1.8774616718292236,1.088987112045288,1.9608080387115479,1.1303532123565674,0.2434477061033249,20.103919982910156,20.103919982910156,,
2385,1783431377.4218,9.99046454722678e-06,9.99046454722678e-06,,,3.248640537261963,1.9882885217666626,1.2603520154953003,3.248640537261963,20.70297622680664,1.9187928438186646,1.070094347000122,2.0745203495025635,1.154254674911499,0.25014528632164,20.70297622680664,20.70297622680664,,
2390,1783431379.6730506,9.99044456631367e-06,9.99044456631367e-06,,,3.2712209224700928,2.033388137817383,1.23783278465271,3.2712209224700928,21.071060180664062,1.8368561267852783,1.0793614387512207,2.1357364654541016,1.2622482776641846,0.2524193823337555,21.071060180664062,21.071060180664062,,
2395,1783431381.9261248,9.99042458544052e-06,9.99042458544052e-06,,,3.213898181915283,1.994032621383667,1.2198654413223267,3.213898181915283,21.298274993896484,1.8787654638290405,1.0912556648254395,2.1167283058166504,1.2480299472808838,0.2577497363090515,21.298274993896484,21.298274993896484,,
2400,1783431384.1891656,9.990404604607333e-06,9.990404604607333e-06,,,3.298623561859131,2.024445056915283,1.274178385734558,3.298623561859131,20.820995330810547,1.94221031665802,1.0624775886535645,2.0743918418884277,1.2038486003875732,0.25021836161613464,20.820995330810547,20.820995330810547,,
2405,1783431386.440852,9.990384623814107e-06,9.990384623814107e-06,,,3.3366856575012207,2.0660085678100586,1.2706772089004517,3.3366856575012207,20.36795997619629,1.7570116519927979,1.0688164234161377,2.0032525062561035,1.1903809309005737,0.24788586795330048,20.36795997619629,20.36795997619629,,
2410,1783431388.6999981,9.990364643060844e-06,9.990364643060844e-06,,,3.3278961181640625,2.063037157058716,1.2648589611053467,3.3278961181640625,20.178312301635742,1.9032665491104126,1.0734916925430298,1.9351588487625122,1.0931223630905151,0.24766649305820465,20.178312301635742,20.178312301635742,,
2415,1783431390.9636521,9.990344662347542e-06,9.990344662347542e-06,,,3.386721611022949,2.1003832817077637,1.286338448524475,3.386721611022949,19.5147647857666,1.7882404327392578,1.0207183361053467,1.9546278715133667,1.0975241661071777,0.23558896780014038,19.5147647857666,19.5147647857666,,
2420,1783431393.2233276,9.990324681674202e-06,9.990324681674202e-06,,,3.3563404083251953,2.0965471267700195,1.2597934007644653,3.3563404083251953,20.25445556640625,1.857561707496643,1.1290229558944702,1.9364506006240845,1.1826237440109253,0.24510495364665985,20.25445556640625,20.25445556640625,,
2425,1783431395.476526,9.990304701040823e-06,9.990304701040823e-06,,,3.252622127532959,2.0285630226135254,1.2240591049194336,3.252622127532959,20.80185317993164,1.8522274494171143,1.1193747520446777,2.0749311447143555,1.2645235061645508,0.2478076070547104,20.80185317993164,20.80185317993164,,
2430,1783431397.7386365,9.990284720447403e-06,9.990284720447403e-06,,,3.381722927093506,2.0862467288970947,1.2954760789871216,3.381722927093506,19.992351531982422,1.836267352104187,1.06410551071167,2.006211519241333,1.1665455102920532,0.23881030082702637,19.992351531982422,19.992351531982422,,
2435,1783431400.0115783,9.990264739893947e-06,9.990264739893947e-06,,,3.2644619941711426,2.0244522094726562,1.2400096654891968,3.2644619941711426,20.716203689575195,1.7981867790222168,1.081649661064148,2.0665125846862793,1.202783465385437,0.25106164813041687,20.716203689575195,20.716203689575195,,
2440,1783431402.285504,9.99024475938045e-06,9.99024475938045e-06,,,3.299630641937256,2.0687103271484375,1.2309203147888184,3.299630641937256,20.47064971923828,1.840102195739746,1.072988510131836,2.028965473175049,1.2464090585708618,0.24459582567214966,20.47064971923828,20.47064971923828,,
2445,1783431404.5827632,9.990224778906916e-06,9.990224778906916e-06,,,3.230297803878784,2.002912759780884,1.2273850440979004,3.230297803878784,20.244569778442383,1.8076177835464478,1.0842792987823486,1.9937067031860352,1.1895359754562378,0.2441374957561493,20.244569778442383,20.244569778442383,,
2450,1783431406.8900576,9.990204798473342e-06,9.990204798473342e-06,,,3.326848030090332,2.0699195861816406,1.2569283246994019,3.326848030090332,19.940046310424805,1.827179193496704,1.085059642791748,2.0011680126190186,1.1698073148727417,0.23746348917484283,19.940046310424805,19.940046310424805,,
2455,1783431409.1512794,9.990184818079729e-06,9.990184818079729e-06,,,3.304861068725586,2.0459885597229004,1.258872628211975,3.304861068725586,19.81011962890625,1.7959411144256592,1.0916943550109863,1.9283380508422852,1.090162992477417,0.24189959466457367,19.81011962890625,19.81011962890625,,
2460,1783431411.4130661,9.990164837726076e-06,9.990164837726076e-06,,,3.26495361328125,2.0500991344451904,1.2148545980453491,3.26495361328125,20.956560134887695,1.8098992109298706,1.1130573749542236,2.034721851348877,1.286026954650879,0.25315791368484497,20.956560134887695,20.956560134887695,,
2465,1783431413.6739504,9.990144857412385e-06,9.990144857412385e-06,,,3.3554372787475586,2.054086446762085,1.3013508319854736,3.3554372787475586,19.028018951416016,1.8041210174560547,1.0187331438064575,1.8566802740097046,1.067298412322998,0.230160191655159,19.028018951416016,19.028018951416016,,
2470,1783431415.9385264,9.990124877138653e-06,9.990124877138653e-06,,,3.3606863021850586,2.1019670963287354,1.2587192058563232,3.3606863021850586,19.823631286621094,1.7458386421203613,1.0694879293441772,1.8479593992233276,1.1898398399353027,0.24294903874397278,19.823631286621094,19.823631286621094,,
2475,1783431418.2062523,9.990104896904882e-06,9.990104896904882e-06,,,3.2662439346313477,2.020688533782959,1.2455554008483887,3.2662439346313477,20.770671844482422,1.8671377897262573,1.0544707775115967,2.0701680183410645,1.2446504831314087,0.2493205964565277,20.770671844482422,20.770671844482422,,
2480,1783431420.4720738,9.990084916711073e-06,9.990084916711073e-06,,,3.376800060272217,2.0915284156799316,1.2852716445922852,3.376800060272217,19.649402618408203,1.7951325178146362,1.0510387420654297,1.8349497318267822,1.0836057662963867,0.2436915785074234,19.649402618408203,19.649402618408203,,
2485,1783431422.7373493,9.99006493655722e-06,9.99006493655722e-06,,,3.287330150604248,2.012028455734253,1.2753016948699951,3.287330150604248,20.383853912353516,1.805132269859314,1.092442274093628,2.0195374488830566,1.177501916885376,0.2464933544397354,20.383853912353516,20.383853912353516,,
2490,1783431425.0117075,9.990044956443332e-06,9.990044956443332e-06,,,3.245673179626465,1.9780280590057373,1.267645001411438,3.245673179626465,20.623794555664062,1.8698214292526245,1.0634647607803345,2.0979199409484863,1.165443778038025,0.24808400869369507,20.623794555664062,20.623794555664062,,
2495,1783431427.2768104,9.990024976369403e-06,9.990024976369403e-06,,,3.2895636558532715,2.045062780380249,1.2445008754730225,3.2895636558532715,20.18970489501953,1.822424054145813,1.0517983436584473,1.9585511684417725,1.1679834127426147,0.2458314150571823,20.18970489501953,20.18970489501953,,
2500,1783431429.5443654,9.990004996335432e-06,9.990004996335432e-06,,,3.246694564819336,2.010620355606079,1.2360743284225464,3.246694564819336,21.193923950195312,1.87308669090271,1.1451009511947632,1.9982452392578125,1.1846150159835815,0.26244476437568665,21.193923950195312,21.193923950195312,,
2505,1783431431.815797,9.989985016341424e-06,9.989985016341424e-06,,,3.2379250526428223,2.0119569301605225,1.2259680032730103,3.2379250526428223,20.799076080322266,1.8081327676773071,1.1008014678955078,2.0450382232666016,1.2040423154830933,0.2531551420688629,20.799076080322266,20.799076080322266,,
2510,1783431434.0923686,9.989965036387375e-06,9.989965036387375e-06,,,3.276850700378418,2.017025947570801,1.2598246335983276,3.276850700378418,20.25841522216797,1.8957244157791138,1.0753194093704224,2.012181520462036,1.1788239479064941,0.2423413246870041,20.25841522216797,20.25841522216797,,
2515,1783431436.3609705,9.989945056473285e-06,9.989945056473285e-06,,,3.305924654006958,2.0647401809692383,1.2411844730377197,3.305924654006958,20.166671752929688,1.8289029598236084,1.115890383720398,1.9442325830459595,1.1761780977249146,0.24402347207069397,20.166671752929688,20.166671752929688,,
2520,1783431438.6311607,9.989925076599154e-06,9.989925076599154e-06,,,3.319812297821045,2.0562551021575928,1.2635570764541626,3.319812297821045,20.299684524536133,1.7764089107513428,1.1185022592544556,1.9730678796768188,1.1370271444320679,0.248546302318573,20.299684524536133,20.299684524536133,,
2525,1783431440.90121,9.989905096764986e-06,9.989905096764986e-06,,,3.264641761779785,2.0161354541778564,1.2485064268112183,3.264641761779785,20.54052734375,1.8816089630126953,1.0763306617736816,1.9847813844680786,1.174613356590271,0.2503066062927246,20.54052734375,20.54052734375,,
2530,1783431443.1793332,9.989885116970776e-06,9.989885116970776e-06,,,3.2205090522766113,1.9722528457641602,1.2482562065124512,3.2205090522766113,21.053077697753906,1.876188039779663,1.1026599407196045,2.0685489177703857,1.221358060836792,0.25543147325515747,21.053077697753906,21.053077697753906,,
2535,1783431445.4504147,9.989865137216525e-06,9.989865137216525e-06,,,3.2281274795532227,2.0060646533966064,1.2220627069473267,3.2281274795532227,20.993148803710938,1.846343994140625,1.0906982421875,2.1627278327941895,1.316406488418579,0.2466186136007309,20.993148803710938,20.993148803710938,,
2540,1783431447.7247267,9.989845157502233e-06,9.989845157502233e-06,,,3.2649078369140625,2.001844882965088,1.2630630731582642,3.2649078369140625,20.402687072753906,1.9183897972106934,1.0173314809799194,2.127298355102539,1.205317497253418,0.24003855884075165,20.402687072753906,20.402687072753906,,
2545,1783431449.9937627,9.9898251778279e-06,9.9898251778279e-06,,,3.2208125591278076,1.9965267181396484,1.2242858409881592,3.2208125591278076,21.236059188842773,1.8442176580429077,1.147364854812622,2.168006420135498,1.2497140169143677,0.25353413820266724,21.236059188842773,21.236059188842773,,
2550,1783431452.2649431,9.989805198193527e-06,9.989805198193527e-06,,,3.2010340690612793,1.925955057144165,1.2750788927078247,3.2010340690612793,21.066062927246094,1.9680449962615967,1.0611932277679443,2.2239251136779785,1.2097216844558716,0.2482118159532547,21.066062927246094,21.066062927246094,,
2555,1783431454.5345552,9.989785218599115e-06,9.989785218599115e-06,,,3.2801902294158936,2.014829397201538,1.2653608322143555,3.2801902294158936,19.748397827148438,1.8277363777160645,1.0684757232666016,1.9110181331634521,1.1596547365188599,0.2380186766386032,19.748397827148438,19.748397827148438,,
2560,1783431456.8036876,9.989765239044663e-06,9.989765239044663e-06,,,3.374091625213623,2.082882881164551,1.2912086248397827,3.374091625213623,19.361343383789062,1.83109712600708,1.0337932109832764,1.915889024734497,1.1038230657577515,0.23237843811511993,19.361343383789062,19.361343383789062,,
2565,1783431459.0722187,9.989745259530168e-06,9.989745259530168e-06,,,3.2586889266967773,2.0371756553649902,1.2215133905410767,3.2586889266967773,20.589675903320312,1.8197299242019653,1.125693440437317,2.045191764831543,1.1981700658798218,0.24794510006904602,20.589675903320312,20.589675903320312,,
2570,1783431461.3386183,9.989725280055634e-06,9.989725280055634e-06,,,3.1918206214904785,1.9719288349151611,1.2198916673660278,3.1918206214904785,21.605587005615234,1.8755075931549072,1.116879940032959,2.2486214637756348,1.2930939197540283,0.2562170922756195,21.605587005615234,21.605587005615234,,
2575,1783431463.6105433,9.989705300621057e-06,9.989705300621057e-06,,,3.2879552841186523,2.039318561553955,1.2486368417739868,3.2879552841186523,20.733442306518555,1.878947377204895,1.0752097368240356,2.0747230052948,1.1832942962646484,0.25029444694519043,20.733442306518555,20.733442306518555,,
2580,1783431465.8808446,9.98968532122644e-06,9.98968532122644e-06,,,3.2469844818115234,2.0095231533050537,1.2374612092971802,3.2469844818115234,20.60799789428711,1.864520788192749,1.106223225593567,2.0936601161956787,1.2256158590316772,0.24441558122634888,20.60799789428711,20.60799789428711,,
2585,1783431468.1498966,9.98966534187178e-06,9.98966534187178e-06,,,3.320434093475342,2.083003044128418,1.2374311685562134,3.320434093475342,21.068782806396484,1.7892467975616455,1.0965194702148438,2.144683837890625,1.2980668544769287,0.25105589628219604,21.068782806396484,21.068782806396484,,
2590,1783431470.419645,9.989645362557081e-06,9.989645362557081e-06,,,3.2807183265686035,2.027822256088257,1.2528961896896362,3.2807183265686035,20.158647537231445,1.8589699268341064,1.0585353374481201,1.9535245895385742,1.1304376125335693,0.2460714876651764,20.158647537231445,20.158647537231445,,
2595,1783431472.6881952,9.98962538328234e-06,9.98962538328234e-06,,,3.3294894695281982,2.0474283695220947,1.2820611000061035,3.3294894695281982,20.061254501342773,1.790272831916809,1.106622338294983,2.025009870529175,1.1952996253967285,0.23830537497997284,20.061254501342773,20.061254501342773,,
2600,1783431474.9536254,9.989605404047557e-06,9.989605404047557e-06,,,3.2721738815307617,2.0317490100860596,1.2404249906539917,3.2721738815307617,20.454044342041016,1.8045589923858643,1.0843968391418457,1.9306658506393433,1.1765445470809937,0.2522370517253876,20.454044342041016,20.454044342041016,,
2605,1783431477.2221594,9.989585424852733e-06,9.989585424852733e-06,,,3.2661287784576416,2.0147550106048584,1.2513737678527832,3.2661287784576416,21.175687789916992,1.8456674814224243,1.0915871858596802,2.157412052154541,1.2613632678985596,0.25335296988487244,21.175687789916992,21.175687789916992,,
2610,1783431479.4907677,9.989565445697867e-06,9.989565445697867e-06,,,3.3548696041107178,2.057305097579956,1.2975645065307617,3.3548696041107178,20.18482780456543,1.868933916091919,1.0736230611801147,1.9711270332336426,1.1740127801895142,0.24337758123874664,20.18482780456543,20.18482780456543,,
2615,1783431481.759493,9.989545466582957e-06,9.989545466582957e-06,,,3.358996868133545,2.091265916824341,1.267730951309204,3.358996868133545,19.563493728637695,1.7488518953323364,1.0489044189453125,1.8827029466629028,1.1059751510620117,0.23974181711673737,19.563493728637695,19.563493728637695,,
2620,1783431484.0309896,9.989525487508005e-06,9.989525487508005e-06,,,3.298680305480957,2.028893232345581,1.2697871923446655,3.298680305480957,19.4732608795166,1.8187735080718994,1.053088665008545,1.8961451053619385,1.1005336046218872,0.2357342690229416,19.4732608795166,19.4732608795166,,
2625,1783431486.3023942,9.989505508473013e-06,9.989505508473013e-06,,,3.2608230113983154,2.012273073196411,1.2485499382019043,3.2608230113983154,20.607261657714844,1.8065764904022217,1.0762511491775513,2.118410348892212,1.2558057308197021,0.24391113221645355,20.607261657714844,20.607261657714844,,
2630,1783431488.5755026,9.989485529477978e-06,9.989485529477978e-06,,,3.287569046020508,2.0180680751800537,1.269500970840454,3.287569046020508,20.264249801635742,1.8095849752426147,1.0405147075653076,2.0318145751953125,1.1379698514938354,0.24610178172588348,20.264249801635742,20.264249801635742,,
2635,1783431490.8442163,9.989465550522904e-06,9.989465550522904e-06,,,3.3314266204833984,2.0724682807922363,1.2589582204818726,3.3314266204833984,19.793609619140625,1.7990220785140991,1.0700851678848267,1.9388052225112915,1.1720492839813232,0.23783987760543823,19.793609619140625,19.793609619140625,,
2640,1783431493.1141407,9.989445571607785e-06,9.989445571607785e-06,,,3.355361223220825,2.0800840854644775,1.2752771377563477,3.355361223220825,20.741052627563477,1.775205373764038,1.1041373014450073,2.0392394065856934,1.1745903491973877,0.25409001111984253,20.741052627563477,20.741052627563477,,
2645,1783431495.3847764,9.989425592732623e-06,9.989425592732623e-06,,,3.2900030612945557,2.0118589401245117,1.278144121170044,3.2900030612945557,19.626739501953125,1.8334412574768066,1.0488226413726807,1.896721363067627,1.086032748222351,0.23953264951705933,19.626739501953125,19.626739501953125,,
2650,1783431497.6556444,9.98940561389742e-06,9.98940561389742e-06,,,3.244719982147217,1.9851082563400269,1.25961172580719,3.244719982147217,20.102537155151367,1.8500808477401733,1.0653108358383179,1.9816298484802246,1.141742467880249,0.243120014667511,20.102537155151367,20.102537155151367,,
2655,1783431499.923432,9.989385635102175e-06,9.989385635102175e-06,,,3.313122034072876,2.0500807762145996,1.2630412578582764,3.313122034072876,20.013099670410156,1.8747574090957642,1.0503978729248047,1.915941834449768,1.1559255123138428,0.24320463836193085,20.013099670410156,20.013099670410156,,
2660,1783431502.1922562,9.989365656346887e-06,9.989365656346887e-06,,,3.3150954246520996,2.054083824157715,1.2610116004943848,3.3150954246520996,20.01088523864746,1.856812596321106,1.0321773290634155,1.9852609634399414,1.1495296955108643,0.24116250872612,20.01088523864746,20.01088523864746,,
2665,1783431504.468102,9.989345677631556e-06,9.989345677631556e-06,,,3.2855124473571777,2.0371251106262207,1.248387336730957,3.2855124473571777,20.63727569580078,1.9081947803497314,1.0835697650909424,2.0229969024658203,1.155364751815796,0.2508619427680969,20.63727569580078,20.63727569580078,,
2670,1783431506.7457633,9.989325698956183e-06,9.989325698956183e-06,,,3.3134045600891113,2.086359739303589,1.227044701576233,3.3134045600891113,20.36182975769043,1.8180992603302002,1.096300482749939,2.0173497200012207,1.2387157678604126,0.2430066615343094,20.36182975769043,20.36182975769043,,
2675,1783431509.0125122,9.989305720320769e-06,9.989305720320769e-06,,,3.2842214107513428,2.0081021785736084,1.2761192321777344,3.2842214107513428,20.214874267578125,1.8462673425674438,1.0512659549713135,2.032541036605835,1.1299550533294678,0.24427443742752075,20.214874267578125,20.214874267578125,,
2680,1783431511.285423,9.98928574172531e-06,9.98928574172531e-06,,,3.2932486534118652,2.0393731594085693,1.253875494003296,3.2932486534118652,20.867767333984375,1.8517817258834839,1.0676289796829224,2.142693519592285,1.2707873582839966,0.24714210629463196,20.867767333984375,20.867767333984375,,
2685,1783431513.5584579,9.98926576316981e-06,9.98926576316981e-06,,,3.2391409873962402,1.9998483657836914,1.2392927408218384,3.2391409873962402,20.971940994262695,1.8091020584106445,1.1422502994537354,2.160625457763672,1.2664780616760254,0.248141810297966,20.971940994262695,20.971940994262695,,
2690,1783431515.8231146,9.989245784654265e-06,9.989245784654265e-06,,,3.2183313369750977,1.9742424488067627,1.2440887689590454,3.2183313369750977,20.969905853271484,1.952574610710144,1.0586947202682495,2.0969197750091553,1.2047796249389648,0.25233861804008484,20.969905853271484,20.969905853271484,,
2695,1783431518.0906665,9.989225806178679e-06,9.989225806178679e-06,,,3.32045841217041,2.046849012374878,1.2736095190048218,3.32045841217041,20.027528762817383,1.8829060792922974,1.095435619354248,2.0077507495880127,1.1400411128997803,0.23896895349025726,20.027528762817383,20.027528762817383,,
2700,1783431520.3577883,9.989205827743049e-06,9.989205827743049e-06,,,3.2237651348114014,1.9895224571228027,1.2342426776885986,3.2237651348114014,21.000192642211914,1.8141893148422241,1.0852690935134888,2.0820276737213135,1.2224832773208618,0.25537142157554626,21.000192642211914,21.000192642211914,,
2705,1783431522.623189,9.989185849347375e-06,9.989185849347375e-06,,,3.259890556335449,1.99996817111969,1.2599223852157593,3.259890556335449,20.283153533935547,1.87590754032135,1.0913095474243164,1.943855881690979,1.130065679550171,0.2481798529624939,20.283153533935547,20.283153533935547,,
2710,1783431524.8945594,9.989165870991659e-06,9.989165870991659e-06,,,3.2943971157073975,2.015566110610962,1.2788310050964355,3.2943971157073975,19.562419891357422,1.8324989080429077,1.0522161722183228,1.9212241172790527,1.1341273784637451,0.23482230305671692,19.562419891357422,19.562419891357422,,
2715,1783431527.1624472,9.989145892675899e-06,9.989145892675899e-06,,,3.25723934173584,2.0389814376831055,1.2182577848434448,3.25723934173584,20.976932525634766,1.7673910856246948,1.0786104202270508,2.039412260055542,1.2687373161315918,0.2558806836605072,20.976932525634766,20.976932525634766,,
2720,1783431529.428197,9.989125914400096e-06,9.989125914400096e-06,,,3.2708740234375,1.9954453706741333,1.2754285335540771,3.2708740234375,20.766674041748047,1.9672644138336182,1.0641627311706543,2.0387685298919678,1.1799473762512207,0.2510625720024109,20.766674041748047,20.766674041748047,,
2725,1783431531.6924548,9.989105936164248e-06,9.989105936164248e-06,,,3.3169994354248047,2.0359599590301514,1.2810394763946533,3.3169994354248047,20.1475830078125,1.8462170362472534,1.0705081224441528,2.0442492961883545,1.142379641532898,0.2412799745798111,20.1475830078125,20.1475830078125,,
2730,1783431533.8592594,9.989085957968357e-06,9.989085957968357e-06,,,3.2968201637268066,2.034438371658325,1.262381672859192,3.2968201637268066,20.1649169921875,1.8343536853790283,1.1384706497192383,1.8736495971679688,1.1209864616394043,0.24895159900188446,20.1649169921875,20.1649169921875,,
2730,1783431539.6734235,,,,,,,,,,,,,,,,,0.2339732776582241,0.2339732776582241
2730,1783431541.2040794,,,1524.8378280000452,688.2660264968872,,,,,,,,,,,,,,
2730,1783431542.7037938,,,1494.3407050000133,688.2660264968872,,,,,,,,,,,,,,
2735,1783431545.0590951,9.989065979812424e-06,9.989065979812424e-06,,,3.302537441253662,2.0319368839263916,1.2706005573272705,3.302537441253662,20.338729858398438,1.775987148284912,1.0372414588928223,2.0533158779144287,1.156031847000122,0.24681788682937622,20.338729858398438,20.338729858398438,,
2740,1783431547.3349025,9.989046001696446e-06,9.989046001696446e-06,,,3.425588607788086,2.135427713394165,1.290160894393921,3.425588607788086,18.993135452270508,1.8159962892532349,1.0685040950775146,1.7985001802444458,1.0773522853851318,0.23015399277210236,18.993135452270508,18.993135452270508,,
2745,1783431549.5985174,9.989026023620425e-06,9.989026023620425e-06,,,3.327763795852661,2.0675628185272217,1.2602009773254395,3.327763795852661,20.567546844482422,1.7680602073669434,1.0600485801696777,2.1128039360046387,1.2403337955474854,0.2451813966035843,20.567546844482422,20.567546844482422,,
2750,1783431551.861771,9.989006045584359e-06,9.989006045584359e-06,,,3.2687742710113525,2.031679630279541,1.2370946407318115,3.2687742710113525,20.7960205078125,1.8772201538085938,1.1124086380004883,2.0778279304504395,1.2546026706695557,0.24758954346179962,20.7960205078125,20.7960205078125,,
2755,1783431554.121894,9.988986067588249e-06,9.988986067588249e-06,,,3.2287657260894775,1.9655399322509766,1.263225793838501,3.2287657260894775,20.676130294799805,1.8263134956359863,1.0923875570297241,2.1093223094940186,1.2143062353134155,0.24689272046089172,20.676130294799805,20.676130294799805,,
2760,1783431556.3827665,9.988966089632095e-06,9.988966089632095e-06,,,3.3624815940856934,2.0823771953582764,1.2801045179367065,3.3624815940856934,19.752525329589844,1.8072916269302368,1.062011480331421,1.9424924850463867,1.164961338043213,0.23707365989685059,19.752525329589844,19.752525329589844,,
2765,1783431558.6385756,9.988946111715898e-06,9.988946111715898e-06,,,3.2967171669006348,2.077073097229004,1.2196440696716309,3.2967171669006348,20.923816680908203,1.8180482387542725,1.1099295616149902,2.0443315505981445,1.287564754486084,0.2518232464790344,20.923816680908203,20.923816680908203,,
2770,1783431560.901112,9.988926133839657e-06,9.988926133839657e-06,,,3.27211594581604,2.009147882461548,1.2629680633544922,3.27211594581604,20.433156967163086,1.8557555675506592,1.068763256072998,2.1211578845977783,1.2254152297973633,0.24034427106380463,20.433156967163086,20.433156967163086,,
2775,1783431563.1683502,9.98890615600337e-06,9.98890615600337e-06,,,3.245753765106201,1.9726988077163696,1.2730549573898315,3.245753765106201,20.46704864501953,1.8152198791503906,1.0186890363693237,2.0993714332580566,1.1950637102127075,0.24542823433876038,20.46704864501953,20.46704864501953,,
2780,1783431565.4358597,9.98888617820704e-06,9.98888617820704e-06,,,3.328150749206543,2.073563575744629,1.254587173461914,3.328150749206543,20.292537689208984,1.8607206344604492,1.108568549156189,1.9329519271850586,1.1449501514434814,0.24816542863845825,20.292537689208984,20.292537689208984,,
2785,1783431567.6968975,9.988866200450664e-06,9.988866200450664e-06,,,3.2814998626708984,2.033252477645874,1.2482472658157349,3.2814998626708984,20.670129776000977,1.7924973964691162,1.1079325675964355,2.0789453983306885,1.259765386581421,0.2464950680732727,20.670129776000977,20.670129776000977,,
2790,1783431569.9627907,9.988846222734245e-06,9.988846222734245e-06,,,3.2566962242126465,2.0308761596679688,1.2258199453353882,3.2566962242126465,20.538291931152344,1.8359283208847046,1.0834071636199951,1.973670482635498,1.2001715898513794,0.250472754240036,20.538291931152344,20.538291931152344,,
2795,1783431572.2272928,9.988826245057781e-06,9.988826245057781e-06,,,3.3535561561584473,2.045259475708008,1.30829656124115,3.3535561561584473,20.507320404052734,1.7210999727249146,1.0163710117340088,2.097241163253784,1.2283473014831543,0.24708163738250732,20.507320404052734,20.507320404052734,,
2800,1783431574.4920778,9.988806267421273e-06,9.988806267421273e-06,,,3.2789716720581055,2.0471794605255127,1.2317923307418823,3.2789716720581055,20.98605728149414,1.7841651439666748,1.0846401453018188,2.120131492614746,1.3072166442871094,0.2502790093421936,20.98605728149414,20.98605728149414,,
2805,1783431576.7515619,9.98878628982472e-06,9.98878628982472e-06,,,3.2333502769470215,1.977311372756958,1.256038784980774,3.2333502769470215,20.531896591186523,1.8623560667037964,1.094051718711853,2.032611608505249,1.1814290285110474,0.24772018194198608,20.531896591186523,20.531896591186523,,
2810,1783431579.0117621,9.988766312268122e-06,9.988766312268122e-06,,,3.322248697280884,2.054938793182373,1.2673099040985107,3.322248697280884,20.085817337036133,1.8550442457199097,1.0802329778671265,1.9656007289886475,1.176540732383728,0.24147239327430725,20.085817337036133,20.085817337036133,,
2815,1783431581.277337,9.988746334751479e-06,9.988746334751479e-06,,,3.278477668762207,2.0003960132598877,1.2780816555023193,3.278477668762207,19.79724884033203,1.8972609043121338,1.0249603986740112,1.9300851821899414,1.0809261798858643,0.24117785692214966,19.79724884033203,19.79724884033203,,
2820,1783431583.547712,9.98872635727479e-06,9.98872635727479e-06,,,3.2875781059265137,2.036614418029785,1.250963807106018,3.2875781059265137,20.121387481689453,1.8248481750488281,1.0800693035125732,1.9623613357543945,1.1505684852600098,0.2442357987165451,20.121387481689453,20.121387481689453,,
2825,1783431585.812994,9.988706379838057e-06,9.988706379838057e-06,,,3.2759761810302734,2.0421063899993896,1.2338699102401733,3.2759761810302734,20.619403839111328,1.83429753780365,1.1342225074768066,1.987886905670166,1.1763355731964111,0.2516097128391266,20.619403839111328,20.619403839111328,,
2830,1783431588.0752199,9.988686402441279e-06,9.988686402441279e-06,,,3.248861312866211,2.0254361629486084,1.2234251499176025,3.248861312866211,21.086589813232422,1.910775065422058,1.1231039762496948,2.077953338623047,1.2286840677261353,0.2542097270488739,21.086589813232422,21.086589813232422,,
2835,1783431590.3396049,9.988666425084455e-06,9.988666425084455e-06,,,3.352792978286743,2.064178228378296,1.2886147499084473,3.352792978286743,20.550048828125,1.8112683296203613,1.0599682331085205,2.0857696533203125,1.2655651569366455,0.24391426146030426,20.550048828125,20.550048828125,,
2840,1783431592.6048803,9.988646447767586e-06,9.988646447767586e-06,,,3.2709150314331055,2.0014395713806152,1.2694755792617798,3.2709150314331055,20.48261260986328,1.874063491821289,1.0819520950317383,2.0739152431488037,1.2279961109161377,0.2427283376455307,20.48261260986328,20.48261260986328,,
2845,1783431594.8648865,9.988626470490672e-06,9.988626470490672e-06,,,3.276688575744629,2.0422191619873047,1.2344694137573242,3.276688575744629,20.666690826416016,1.8734817504882812,1.1379050016403198,2.0164575576782227,1.208795428276062,0.24899551272392273,20.666690826416016,20.666690826416016,,
2850,1783431597.1319807,9.988606493253712e-06,9.988606493253712e-06,,,3.2988967895507812,2.0636253356933594,1.2352714538574219,3.2988967895507812,20.77132225036621,1.842020034790039,1.0845563411712646,2.0731348991394043,1.2555838823318481,0.2486068606376648,20.77132225036621,20.77132225036621,,
2855,1783431599.3978095,9.988586516056706e-06,9.988586516056706e-06,,,3.2014451026916504,1.9801700115203857,1.2212750911712646,3.2014451026916504,20.873315811157227,1.8714706897735596,1.066325068473816,2.0745151042938232,1.240296483039856,0.25124213099479675,20.873315811157227,20.873315811157227,,
2860,1783431601.660638,9.988566538899656e-06,9.988566538899656e-06,,,3.3380136489868164,2.0194196701049805,1.3185940980911255,3.3380136489868164,19.69937515258789,1.841336965560913,1.0138567686080933,2.0357279777526855,1.11142897605896,0.23444150388240814,19.69937515258789,19.69937515258789,,
2865,1783431603.9324136,9.98854656178256e-06,9.98854656178256e-06,,,3.253176212310791,2.0118942260742188,1.2412821054458618,3.253176212310791,20.74722671508789,1.8431111574172974,1.0863264799118042,2.094653367996216,1.241745948791504,0.24766643345355988,20.74722671508789,20.74722671508789,,
2870,1783431606.2035637,9.988526584705418e-06,9.988526584705418e-06,,,3.3281140327453613,2.103039026260376,1.2250750064849854,3.3281140327453613,21.515689849853516,1.8383152484893799,1.116694450378418,2.0386314392089844,1.2194067239761353,0.2676578760147095,21.515689849853516,21.515689849853516,,
2875,1783431608.4703932,9.988506607668229e-06,9.988506607668229e-06,,,3.310086250305176,2.065331220626831,1.2447551488876343,3.310086250305176,20.77869987487793,1.749102234840393,1.0935704708099365,2.1359853744506836,1.2960636615753174,0.2460428923368454,20.77869987487793,20.77869987487793,,
2880,1783431610.7432456,9.988486630670994e-06,9.988486630670994e-06,,,3.271915912628174,1.9982224702835083,1.2736934423446655,3.271915912628174,19.62775421142578,1.8913464546203613,1.0563201904296875,1.9407689571380615,1.1372534036636353,0.2338676005601883,19.62775421142578,19.62775421142578,,
2885,1783431613.0173542,9.988466653713714e-06,9.988466653713714e-06,,,3.202836275100708,1.9632306098937988,1.2396056652069092,3.202836275100708,20.905921936035156,1.8752765655517578,1.1373238563537598,2.1107430458068848,1.1675384044647217,0.2519279718399048,20.905921936035156,20.905921936035156,,
2890,1783431615.2883894,9.988446676796387e-06,9.988446676796387e-06,,,3.3270344734191895,2.086193561553955,1.2408407926559448,3.3270344734191895,20.5068359375,1.7792545557022095,1.1238926649093628,1.952587604522705,1.1938660144805908,0.2513507008552551,20.5068359375,20.5068359375,,
2895,1783431617.562143,9.988426699919015e-06,9.988426699919015e-06,,,3.338015556335449,2.0521080493927,1.285907506942749,3.338015556335449,20.3052921295166,1.8771047592163086,1.0718131065368652,2.003671884536743,1.135079026222229,0.2461971640586853,20.3052921295166,20.3052921295166,,
2900,1783431619.8277588,9.988406723081595e-06,9.988406723081595e-06,,,3.385251998901367,2.083397388458252,1.3018547296524048,3.385251998901367,19.400190353393555,1.7604420185089111,1.0472757816314697,1.9583804607391357,1.1433804035186768,0.23086555302143097,19.400190353393555,19.400190353393555,,
2905,1783431622.0957813,9.98838674628413e-06,9.98838674628413e-06,,,3.274448871612549,2.006479501724243,1.2679694890975952,3.274448871612549,19.345081329345703,1.8400779962539673,1.0636857748031616,1.7629356384277344,1.019202470779419,0.2417120635509491,19.345081329345703,19.345081329345703,,
2910,1783431624.3659694,9.98836676952662e-06,9.98836676952662e-06,,,3.281888484954834,2.031066417694092,1.2508220672607422,3.281888484954834,20.20376968383789,1.846423864364624,1.0470572710037231,2.004361391067505,1.1584827899932861,0.24410220980644226,20.20376968383789,20.20376968383789,,
2915,1783431626.633745,9.988346792809062e-06,9.988346792809062e-06,,,3.291217565536499,2.03277850151062,1.258439064025879,3.291217565536499,20.24993896484375,1.8485708236694336,1.1004796028137207,1.993782639503479,1.1551122665405273,0.24451331794261932,20.24993896484375,20.24993896484375,,
2920,1783431628.901631,9.988326816131457e-06,9.988326816131457e-06,,,3.2504231929779053,2.0186879634857178,1.2317352294921875,3.2504231929779053,20.608675003051758,1.807659387588501,1.0733546018600464,2.0330123901367188,1.2039132118225098,0.25008466839790344,20.608675003051758,20.608675003051758,,
2925,1783431631.1745725,9.988306839493805e-06,9.988306839493805e-06,,,3.208885908126831,2.007711410522461,1.2011744976043701,3.208885908126831,21.649572372436523,1.886695146560669,1.1375755071640015,2.0756869316101074,1.2845770120620728,0.2645505368709564,21.649572372436523,21.649572372436523,,
2930,1783431633.439428,9.988286862896106e-06,9.988286862896106e-06,,,3.3377938270568848,2.0857648849487305,1.2520290613174438,3.3377938270568848,20.321935653686523,1.778937816619873,1.0648232698440552,2.020632743835449,1.1969969272613525,0.24539808928966522,20.321935653686523,20.321935653686523,,
2935,1783431635.7101505,9.988266886338362e-06,9.988266886338362e-06,,,3.2837445735931396,2.053455114364624,1.2302894592285156,3.2837445735931396,20.677593231201172,1.824289321899414,1.0518171787261963,1.9760651588439941,1.2097772359848022,0.2539955973625183,20.677593231201172,20.677593231201172,,
2940,1783431637.980013,9.98824690982057e-06,9.98824690982057e-06,,,3.164862632751465,1.961330771446228,1.2035317420959473,3.164862632751465,21.55100440979004,1.9310104846954346,1.1316250562667847,2.196458578109741,1.2998757362365723,0.2554599940776825,21.55100440979004,21.55100440979004,,
2945,1783431640.2495508,9.988226933342731e-06,9.988226933342731e-06,,,3.2737503051757812,2.020937442779541,1.2528129816055298,3.2737503051757812,20.447288513183594,1.8833727836608887,1.0741512775421143,2.0797629356384277,1.2299715280532837,0.2415621280670166,20.447288513183594,20.447288513183594,,
2950,1783431642.5179043,9.988206956904845e-06,9.988206956904845e-06,,,3.258457899093628,2.035308599472046,1.223149299621582,3.258457899093628,20.729385375976562,1.8748162984848022,1.0625932216644287,2.0195162296295166,1.1943306922912598,0.25253957509994507,20.729385375976562,20.729385375976562,,
2955,1783431644.7834125,9.988186980506912e-06,9.988186980506912e-06,,,3.2109220027923584,1.9623759984970093,1.2485460042953491,3.2109220027923584,20.453577041625977,1.8644165992736816,1.0492746829986572,2.1227920055389404,1.1941115856170654,0.2423572987318039,20.453577041625977,20.453577041625977,,
2960,1783431647.0451782,9.988167004148932e-06,9.988167004148932e-06,,,3.3102476596832275,2.026883363723755,1.2833642959594727,3.3102476596832275,20.152202606201172,1.8038376569747925,1.0695682764053345,2.0356855392456055,1.1814919710159302,0.2409876137971878,20.152202606201172,20.152202606201172,,
2965,1783431649.3108683,9.988147027830904e-06,9.988147027830904e-06,,,3.2547435760498047,2.005800724029541,1.2489429712295532,3.2547435760498047,20.436782836914062,1.9021071195602417,1.0738976001739502,1.982969045639038,1.1064062118530273,0.25071173906326294,20.436782836914062,20.436782836914062,,
2970,1783431651.5768538,9.988127051552828e-06,9.988127051552828e-06,,,3.2545032501220703,2.0381696224212646,1.2163337469100952,3.2545032501220703,21.114782333374023,1.8576428890228271,1.1168900728225708,2.0460526943206787,1.2949233055114746,0.2546288073062897,21.114782333374023,21.114782333374023,,
2975,1783431653.8439627,9.988107075314706e-06,9.988107075314706e-06,,,3.3408002853393555,2.0660476684570312,1.2747526168823242,3.3408002853393555,19.817110061645508,1.803958773612976,1.0631009340286255,1.90487539768219,1.1621735095977783,0.2403545081615448,19.817110061645508,19.817110061645508,,
2980,1783431656.1039364,9.988087099116536e-06,9.988087099116536e-06,,,3.306175947189331,2.075608968734741,1.2305669784545898,3.306175947189331,21.082965850830078,1.8032326698303223,1.0864155292510986,2.0751099586486816,1.287341594696045,0.25485363602638245,21.082965850830078,21.082965850830078,,
2985,1783431658.3716843,9.988067122958318e-06,9.988067122958318e-06,,,3.279817581176758,2.029505491256714,1.2503122091293335,3.279817581176758,20.843050003051758,1.833115577697754,1.0868059396743774,2.065577507019043,1.21712327003479,0.2523939311504364,20.843050003051758,20.843050003051758,,
2990,1783431660.630249,9.988047146840051e-06,9.988047146840051e-06,,,3.263453483581543,2.007404327392578,1.2560491561889648,3.263453483581543,20.346900939941406,1.8130170106887817,1.0495470762252808,2.009232997894287,1.1825987100601196,0.24668166041374207,20.346900939941406,20.346900939941406,,
2995,1783431662.8959117,9.988027170761738e-06,9.988027170761738e-06,,,3.308743476867676,2.0342884063720703,1.2744550704956055,3.308743476867676,19.69513702392578,1.8148002624511719,1.04461669921875,1.988100290298462,1.1762449741363525,0.233489528298378,19.69513702392578,19.69513702392578,,
3000,1783431665.1582592,9.988007194723377e-06,9.988007194723377e-06,,,3.321822166442871,2.047154188156128,1.2746678590774536,3.321822166442871,20.350990295410156,1.8151814937591553,1.089166522026062,2.003302574157715,1.1399897336959839,0.24800127744674683,20.350990295410156,20.350990295410156,,
3005,1783431667.4230626,9.987987218724969e-06,9.987987218724969e-06,,,3.288508176803589,2.0580875873565674,1.2304205894470215,3.288508176803589,20.20785903930664,1.8020431995391846,1.0657520294189453,1.9759818315505981,1.2207703590393066,0.24325686693191528,20.20785903930664,20.20785903930664,,
3010,1783431669.6849122,9.987967242766512e-06,9.987967242766512e-06,,,3.350806474685669,2.081577777862549,1.2692286968231201,3.350806474685669,20.343618392944336,1.8019146919250488,1.05759596824646,2.049407958984375,1.2327640056610107,0.24266143143177032,20.343618392944336,20.343618392944336,,
3015,1783431671.9496098,9.987947266848006e-06,9.987947266848006e-06,,,3.3420889377593994,2.082832098007202,1.2592568397521973,3.3420889377593994,20.163578033447266,1.7751970291137695,1.0397552251815796,2.0319645404815674,1.222113847732544,0.24089930951595306,20.163578033447266,20.163578033447266,,
3020,1783431674.2181783,9.987927290969453e-06,9.987927290969453e-06,,,3.4011783599853516,2.098870277404785,1.3023079633712769,3.4011783599853516,20.06780433654785,1.8105487823486328,1.0339863300323486,2.0352416038513184,1.2263309955596924,0.23778052628040314,20.06780433654785,20.06780433654785,,
3025,1783431676.487335,9.987907315130851e-06,9.987907315130851e-06,,,3.2632570266723633,2.0137534141540527,1.2495037317276,3.2632570266723633,19.82561492919922,1.8382562398910522,1.070366382598877,1.971843957901001,1.127065658569336,0.23820383846759796,19.82561492919922,19.82561492919922,,
3030,1783431678.756675,9.987887339332201e-06,9.987887339332201e-06,,,3.2725419998168945,2.0177595615386963,1.2547823190689087,3.2725419998168945,20.494800567626953,1.8308790922164917,1.0716028213500977,2.032017707824707,1.1757978200912476,0.24837081134319305,20.494800567626953,20.494800567626953,,
3035,1783431681.025803,9.987867363573503e-06,9.987867363573503e-06,,,3.321524143218994,2.0561180114746094,1.2654062509536743,3.321524143218994,20.1308650970459,1.8337210416793823,1.049447774887085,1.986655354499817,1.1664632558822632,0.24314352869987488,20.1308650970459,20.1308650970459,,
3040,1783431683.2899067,9.987847387854757e-06,9.987847387854757e-06,,,3.368325710296631,2.07442569732666,1.2938998937606812,3.368325710296631,20.12009620666504,1.8362090587615967,1.0522382259368896,2.0079967975616455,1.136667013168335,0.24316270649433136,20.12009620666504,20.12009620666504,,
3045,1783431685.553289,9.987827412175961e-06,9.987827412175961e-06,,,3.2946033477783203,2.0537469387054443,1.240856409072876,3.2946033477783203,20.202892303466797,1.8269078731536865,1.0967344045639038,1.9723436832427979,1.1703872680664062,0.24430644512176514,20.202892303466797,20.202892303466797,,
3050,1783431687.8257344,9.987807436537119e-06,9.987807436537119e-06,,,3.4172539710998535,2.1135241985321045,1.3037298917770386,3.4172539710998535,19.446630477905273,1.8075542449951172,1.0450174808502197,1.9127731323242188,1.1581273078918457,0.2322724312543869,19.446630477905273,19.446630477905273,,
3055,1783431690.0920224,9.987787460938224e-06,9.987787460938224e-06,,,3.280001640319824,2.0257468223571777,1.254254937171936,3.280001640319824,19.780122756958008,1.8409862518310547,1.0505564212799072,1.9196724891662598,1.09589421749115,0.2412765771150589,19.780122756958008,19.780122756958008,,
3060,1783431692.358654,9.987767485379282e-06,9.987767485379282e-06,,,3.3786468505859375,2.0751328468322754,1.303514003753662,3.3786468505859375,19.337989807128906,1.780814290046692,1.0118801593780518,1.9217274188995361,1.0953888893127441,0.23357917368412018,19.337989807128906,19.337989807128906,,
3065,1783431694.6223254,9.987747509860291e-06,9.987747509860291e-06,,,3.365253448486328,2.1020426750183105,1.2632108926773071,3.365253448486328,20.47459602355957,1.8287686109542847,1.0911825895309448,2.006910562515259,1.2396904230117798,0.245809867978096,20.47459602355957,20.47459602355957,,
3070,1783431696.8906655,9.987727534381251e-06,9.987727534381251e-06,,,3.2930307388305664,1.9891226291656494,1.3039082288742065,3.2930307388305664,19.246578216552734,1.8192094564437866,1.0001482963562012,1.9115612506866455,1.0454081296920776,0.23362845182418823,19.246578216552734,19.246578216552734,,
3075,1783431699.1553123,9.987707558942163e-06,9.987707558942163e-06,,,3.292729377746582,2.0414257049560547,1.2513035535812378,3.292729377746582,19.939666748046875,1.845302700996399,1.0585200786590576,1.8571974039077759,1.0711129903793335,0.24842718243598938,19.939666748046875,19.939666748046875,,
3080,1783431701.423663,9.987687583543024e-06,9.987687583543024e-06,,,3.2452783584594727,2.0155141353607178,1.2297641038894653,3.2452783584594727,21.037342071533203,1.8439267873764038,1.0944980382919312,2.1132009029388428,1.2626423835754395,0.2521606683731079,21.037342071533203,21.037342071533203,,
3085,1783431703.6920614,9.987667608183838e-06,9.987667608183838e-06,,,3.3073511123657227,2.026771068572998,1.280579924583435,3.3073511123657227,19.594036102294922,1.8930692672729492,1.042059063911438,1.9087852239608765,1.094657063484192,0.23671166598796844,19.594036102294922,19.594036102294922,,
3090,1783431705.9584637,9.9876476328646e-06,9.9876476328646e-06,,,3.264364242553711,2.0373411178588867,1.2270230054855347,3.264364242553711,20.40593719482422,1.8161146640777588,1.0799510478973389,2.0270214080810547,1.2156773805618286,0.2449883222579956,20.40593719482422,20.40593719482422,,
3095,1783431708.2197044,9.987627657585314e-06,9.987627657585314e-06,,,3.309110641479492,2.0676445960998535,1.2414660453796387,3.309110641479492,20.375934600830078,1.8939793109893799,1.0510907173156738,1.953892469406128,1.2092747688293457,0.2467673122882843,20.375934600830078,20.375934600830078,,
3100,1783431710.486144,9.987607682345978e-06,9.987607682345978e-06,,,3.3063106536865234,2.0623779296875,1.2439326047897339,3.3063106536865234,20.438447952270508,1.8061732053756714,1.0976030826568604,1.9880802631378174,1.2221574783325195,0.2469821274280548,20.438447952270508,20.438447952270508,,
3105,1783431712.7533174,9.987587707146593e-06,9.987587707146593e-06,,,3.324554443359375,2.0745303630828857,1.2500240802764893,3.324554443359375,20.038036346435547,1.8075494766235352,1.0960561037063599,1.9694615602493286,1.227408766746521,0.23868195712566376,20.038036346435547,20.038036346435547,,
3110,1783431715.0077193,9.987567731987157e-06,9.987567731987157e-06,,,3.2633352279663086,2.015113115310669,1.2482222318649292,3.2633352279663086,20.291248321533203,1.857948899269104,1.0700688362121582,1.975525140762329,1.0966721773147583,0.24930743873119354,20.291248321533203,20.291248321533203,,
3115,1783431717.295528,9.987547756867673e-06,9.987547756867673e-06,,,3.281651496887207,2.0208797454833984,1.260771632194519,3.281651496887207,19.65016746520996,1.8855853080749512,1.0539841651916504,1.942973256111145,1.098276138305664,0.23617999255657196,19.65016746520996,19.65016746520996,,
3120,1783431719.4618971,9.987527781788138e-06,9.987527781788138e-06,,,3.289008140563965,2.0583367347717285,1.2306715250015259,3.289008140563965,20.963369369506836,1.8573416471481323,1.1298545598983765,2.0762908458709717,1.2544158697128296,0.2514391243457794,20.963369369506836,20.963369369506836,,
3120,1783431725.2185855,,,,,,,,,,,,,,,,,0.23323282584547997,0.23323282584547997
3120,1783431726.7607586,,,1537.1693659999437,688.2660264968872,,,,,,,,,,,,,,
3120,1783431728.3411822,,,1575.271597999972,688.2660264968872,,,,,,,,,,,,,,
3125,1783431730.7029943,9.987507806748555e-06,9.987507806748555e-06,,,3.3039002418518066,2.0614359378814697,1.2424644231796265,3.3039002418518066,20.329242706298828,1.7640690803527832,1.1210551261901855,1.9751018285751343,1.195068120956421,0.2467506378889084,20.329242706298828,20.329242706298828,,
3130,1783431732.9725673,9.98748783174892e-06,9.98748783174892e-06,,,3.3634698390960693,2.097583055496216,1.2658867835998535,3.3634698390960693,20.086883544921875,1.8279180526733398,1.0733509063720703,1.9425302743911743,1.229589581489563,0.24091945588588715,20.086883544921875,20.086883544921875,,
3135,1783431735.2316175,9.987467856789237e-06,9.987467856789237e-06,,,3.2970480918884277,2.0377237796783447,1.259324312210083,3.2970480918884277,20.110862731933594,1.8115888833999634,1.0781093835830688,1.944227933883667,1.174414873123169,0.24408622086048126,20.110862731933594,20.110862731933594,,
3140,1783431737.4898033,9.987447881869502e-06,9.987447881869502e-06,,,3.210979461669922,1.9507708549499512,1.2602084875106812,3.210979461669922,20.680688858032227,1.9199538230895996,1.1210440397262573,2.0819499492645264,1.1749722957611084,0.24724102020263672,20.680688858032227,20.680688858032227,,
3145,1783431739.7509668,9.987427906989718e-06,9.987427906989718e-06,,,3.2503514289855957,2.0006933212280273,1.2496579885482788,3.2503514289855957,20.608182907104492,1.8089407682418823,1.115856409072876,2.06201434135437,1.1914362907409668,0.2483663260936737,20.608182907104492,20.608182907104492,,
3150,1783431742.0029511,9.987407932149883e-06,9.987407932149883e-06,,,3.346916437149048,2.103687047958374,1.2432293891906738,3.346916437149048,19.964874267578125,1.823429822921753,1.071699857711792,1.9370059967041016,1.1772243976593018,0.2409174144268036,19.964874267578125,19.964874267578125,,
3155,1783431744.259034,9.987387957349998e-06,9.987387957349998e-06,,,3.353480815887451,2.0803282260894775,1.2731527090072632,3.353480815887451,19.79235076904297,1.7497366666793823,1.0743169784545898,1.8914434909820557,1.0807232856750488,0.2449769526720047,19.79235076904297,19.79235076904297,,
3160,1783431746.5220203,9.987367982590062e-06,9.987367982590062e-06,,,3.2930448055267334,2.047769546508789,1.2452752590179443,3.2930448055267334,19.842914581298828,1.84781813621521,1.0624291896820068,1.8753165006637573,1.1331493854522705,0.2425719052553177,19.842914581298828,19.842914581298828,,
3165,1783431748.7829986,9.987348007870076e-06,9.987348007870076e-06,,,3.3332951068878174,2.0721189975738525,1.2611761093139648,3.3332951068878174,20.206214904785156,1.8715249300003052,1.1340844631195068,1.9469050168991089,1.1425248384475708,0.24492768943309784,20.206214904785156,20.206214904785156,,
3170,1783431751.0441828,9.98732803319004e-06,9.98732803319004e-06,,,3.181537628173828,1.9722214937210083,1.2093162536621094,3.181537628173828,21.306079864501953,1.8933550119400024,1.099668025970459,2.1629440784454346,1.2671010494232178,0.25451037287712097,21.306079864501953,21.306079864501953,,
3175,1783431753.311126,9.987308058549953e-06,9.987308058549953e-06,,,3.271914005279541,1.9941836595535278,1.2777304649353027,3.271914005279541,20.08698272705078,1.8944005966186523,1.0521316528320312,2.092020034790039,1.1126154661178589,0.23847059905529022,20.08698272705078,20.08698272705078,,
3180,1783431755.5727496,9.987288083949815e-06,9.987288083949815e-06,,,3.2581381797790527,1.9858263731002808,1.2723119258880615,3.2581381797790527,20.58940887451172,1.9252419471740723,1.0864582061767578,2.130220651626587,1.173707365989685,0.24377448856830597,20.58940887451172,20.58940887451172,,
3185,1783431757.8327036,9.987268109389627e-06,9.987268109389627e-06,,,3.339545249938965,2.0745127201080322,1.2650326490402222,3.339545249938965,19.989213943481445,1.8186955451965332,1.1007224321365356,1.9917850494384766,1.15462064743042,0.23948854207992554,19.989213943481445,19.989213943481445,,
3190,1783431760.0924063,9.987248134869386e-06,9.987248134869386e-06,,,3.290468215942383,2.0340027809143066,1.2564653158187866,3.290468215942383,20.548614501953125,1.7817301750183105,1.078761100769043,2.0036892890930176,1.2171647548675537,0.2499203383922577,20.548614501953125,20.548614501953125,,
3195,1783431762.3553765,9.987228160389097e-06,9.987228160389097e-06,,,3.2633535861968994,2.014960527420044,1.2483930587768555,3.2633535861968994,20.68178939819336,1.7728652954101562,1.082655906677246,2.0463130474090576,1.2517486810684204,0.24955874681472778,20.68178939819336,20.68178939819336,,
3200,1783431764.614677,9.987208185948755e-06,9.987208185948755e-06,,,3.289398193359375,2.039121389389038,1.2502766847610474,3.289398193359375,20.320575714111328,1.7878228425979614,1.0605189800262451,2.0499093532562256,1.1924604177474976,0.2441665381193161,20.320575714111328,20.320575714111328,,
3205,1783431766.8724127,9.987188211548361e-06,9.987188211548361e-06,,,3.2774369716644287,2.0443904399871826,1.233046531677246,3.2774369716644287,20.531753540039062,1.8338583707809448,1.0917567014694214,2.0253360271453857,1.1854753494262695,0.24854476749897003,20.531753540039062,20.531753540039062,,
3210,1783431769.1361666,9.987168237187918e-06,9.987168237187918e-06,,,3.3282523155212402,2.0992488861083984,1.2290033102035522,3.3282523155212402,20.250934600830078,1.7968538999557495,1.1030757427215576,1.9530189037322998,1.196699857711792,0.2455904185771942,20.250934600830078,20.250934600830078,,
3215,1783431771.399973,9.987148262867423e-06,9.987148262867423e-06,,,3.331066370010376,2.054633140563965,1.2764332294464111,3.331066370010376,19.921003341674805,1.8667011260986328,1.0318492650985718,1.934894323348999,1.142121434211731,0.2415204495191574,19.921003341674805,19.921003341674805,,
3220,1783431773.6640944,9.987128288586876e-06,9.987128288586876e-06,,,3.333505153656006,2.076172351837158,1.2573329210281372,3.333505153656006,20.54156494140625,1.8631255626678467,1.1376687288284302,2.0271830558776855,1.1631916761398315,0.24800045788288116,20.54156494140625,20.54156494140625,,
3225,1783431775.927301,9.987108314346276e-06,9.987108314346276e-06,,,3.2182111740112305,1.9872459173202515,1.2309653759002686,3.2182111740112305,20.67772674560547,1.8684663772583008,1.1125049591064453,1.98911452293396,1.1625806093215942,0.25318583846092224,20.67772674560547,20.67772674560547,,
3230,1783431778.1875463,9.987088340145626e-06,9.987088340145626e-06,,,3.2057251930236816,1.9946776628494263,1.2110475301742554,3.2057251930236816,21.010007858276367,1.7963615655899048,1.155447006225586,2.0006301403045654,1.185469627380371,0.2596888542175293,21.010007858276367,21.010007858276367,,
3235,1783431780.4515839,9.987068365984924e-06,9.987068365984924e-06,,,3.244941234588623,2.0064821243286133,1.2384591102600098,3.244941234588623,20.92328453063965,1.8333921432495117,1.0970215797424316,2.1267995834350586,1.2077277898788452,0.25164034962654114,20.92328453063965,20.92328453063965,,
3240,1783431782.7160497,9.987048391864171e-06,9.987048391864171e-06,,,3.264533042907715,2.0121381282806396,1.2523949146270752,3.264533042907715,20.790163040161133,1.7952251434326172,1.0429304838180542,2.114076614379883,1.1953938007354736,0.25184592604637146,20.790163040161133,20.790163040161133,,
3245,1783431784.9810925,9.987028417783368e-06,9.987028417783368e-06,,,3.3311514854431152,2.074385166168213,1.2567662000656128,3.3311514854431152,19.749103546142578,1.753302812576294,1.071811556816101,1.9215868711471558,1.1534496545791626,0.2394203394651413,19.749103546142578,19.749103546142578,,
3250,1783431787.244901,9.98700844374251e-06,9.98700844374251e-06,,,3.3252291679382324,2.077610492706299,1.247618556022644,3.3252291679382324,20.20101547241211,1.8196629285812378,1.1093835830688477,2.023437023162842,1.2167935371398926,0.23981130123138428,20.20101547241211,20.20101547241211,,
3255,1783431789.5148628,9.986988469741601e-06,9.986988469741601e-06,,,3.3578338623046875,2.0991554260253906,1.2586785554885864,3.3578338623046875,19.926040649414062,1.7615208625793457,1.0721063613891602,1.922222375869751,1.1568901538848877,0.24298195540905,19.926040649414062,19.926040649414062,,
3260,1783431791.7816548,9.986968495780639e-06,9.986968495780639e-06,,,3.3673434257507324,2.063284397125244,1.3040590286254883,3.3673434257507324,18.578018188476562,1.8858540058135986,1.0294222831726074,1.737699270248413,0.8858146667480469,0.2314603328704834,18.578018188476562,18.578018188476562,,
3265,1783431794.0482664,9.986948521859625e-06,9.986948521859625e-06,,,3.2675976753234863,1.9989521503448486,1.2686456441879272,3.2675976753234863,20.3055419921875,1.8582369089126587,1.056877613067627,2.0698444843292236,1.2234835624694824,0.24008384346961975,20.3055419921875,20.3055419921875,,
3270,1783431796.3155367,9.98692854797856e-06,9.98692854797856e-06,,,3.2406256198883057,2.0034291744232178,1.237196445465088,3.2406256198883057,20.918960571289062,1.9064027070999146,1.0962677001953125,2.090305805206299,1.1853820085525513,0.25255367159843445,20.918960571289062,20.918960571289062,,
3275,1783431798.5779798,9.986908574137444e-06,9.986908574137444e-06,,,3.2821602821350098,2.044144630432129,1.2380157709121704,3.2821602821350098,20.37668228149414,1.8331353664398193,1.0445232391357422,1.9507558345794678,1.164902925491333,0.25039348006248474,20.37668228149414,20.37668228149414,,
3280,1783431800.8358047,9.986888600336275e-06,9.986888600336275e-06,,,3.357905387878418,2.1325950622558594,1.2253104448318481,3.357905387878418,20.950382232666016,1.78123140335083,1.1661452054977417,2.015820026397705,1.2410417795181274,0.2553173899650574,20.950382232666016,20.950382232666016,,
3285,1783431803.099384,9.986868626575052e-06,9.986868626575052e-06,,,3.142854690551758,1.926120638847351,1.2167339324951172,3.142854690551758,21.727149963378906,1.9361097812652588,1.1081448793411255,2.1894984245300293,1.2534598112106323,0.26215505599975586,21.727149963378906,21.727149963378906,,
3290,1783431805.3622885,9.986848652853777e-06,9.986848652853777e-06,,,3.2506489753723145,2.0187530517578125,1.231895923614502,3.2506489753723145,21.10308265686035,1.9351975917816162,1.0960581302642822,2.0988879203796387,1.217270016670227,0.25421133637428284,21.10308265686035,21.10308265686035,,
3295,1783431807.6282508,9.98682867917245e-06,9.98682867917245e-06,,,3.2866530418395996,2.034513235092163,1.252139925956726,3.2866530418395996,20.3928165435791,1.8956540822982788,1.0643367767333984,2.0294437408447266,1.21940016746521,0.24300305545330048,20.3928165435791,20.3928165435791,,
3300,1783431809.8982308,9.98680870553107e-06,9.98680870553107e-06,,,3.332563638687134,2.0355584621429443,1.2970051765441895,3.332563638687134,19.90814208984375,1.886735200881958,1.0621678829193115,2.0182578563690186,1.1129308938980103,0.23770804703235626,19.90814208984375,19.90814208984375,,
3305,1783431812.1634362,9.986788731929638e-06,9.986788731929638e-06,,,3.2443578243255615,2.002135992050171,1.2422218322753906,3.2443578243255615,20.705759048461914,1.860708475112915,1.105286717414856,2.0134756565093994,1.1953673362731934,0.2516016960144043,20.705759048461914,20.705759048461914,,
3310,1783431814.4225078,9.986768758368152e-06,9.986768758368152e-06,,,3.361143112182617,2.080665349960327,1.28047776222229,3.361143112182617,20.59234619140625,1.7901028394699097,1.0435717105865479,2.0637149810791016,1.205286979675293,0.24934813380241394,20.59234619140625,20.59234619140625,,
3315,1783431816.68654,9.986748784846614e-06,9.986748784846614e-06,,,3.3255176544189453,2.0616703033447266,1.2638472318649292,3.3255176544189453,20.616899490356445,1.8543987274169922,1.068840742111206,2.078190565109253,1.2195274829864502,0.24662719666957855,20.616899490356445,20.616899490356445,,
3320,1783431818.9483464,9.986728811365022e-06,9.986728811365022e-06,,,3.2585299015045166,2.009660005569458,1.2488698959350586,3.2585299015045166,20.589115142822266,1.8960787057876587,1.0782601833343506,2.0746188163757324,1.1977579593658447,0.2460005134344101,20.589115142822266,20.589115142822266,,
3325,1783431821.2144186,9.986708837923378e-06,9.986708837923378e-06,,,3.299154281616211,2.0625667572021484,1.236587643623352,3.299154281616211,19.963764190673828,1.783522129058838,1.076230525970459,1.8887991905212402,1.1390838623046875,0.2455165684223175,19.963764190673828,19.963764190673828,,
3330,1783431823.4893854,9.98668886452168e-06,9.98668886452168e-06,,,3.290355682373047,2.057600736618042,1.2327550649642944,3.290355682373047,21.282470703125,1.8949804306030273,1.126163363456726,2.0787711143493652,1.3153645992279053,0.25495681166648865,21.282470703125,21.282470703125,,
3335,1783431825.7506104,9.986668891159928e-06,9.986668891159928e-06,,,3.297299861907959,2.0694453716278076,1.2278544902801514,3.297299861907959,20.368335723876953,1.7686514854431152,1.1139750480651855,1.944957971572876,1.215628981590271,0.24810080230236053,20.368335723876953,20.368335723876953,,
3340,1783431828.0180485,9.986648917838124e-06,9.986648917838124e-06,,,3.262389659881592,2.0339815616607666,1.2284082174301147,3.262389659881592,21.136104583740234,1.8374221324920654,1.083406925201416,2.232389450073242,1.3061583042144775,0.24751508235931396,21.136104583740234,21.136104583740234,,
3345,1783431830.279259,9.986628944556265e-06,9.986628944556265e-06,,,3.272981882095337,2.0556130409240723,1.2173688411712646,3.272981882095337,20.90615463256836,1.8467299938201904,1.1249092817306519,2.1042659282684326,1.30557382106781,0.24699634313583374,20.90615463256836,20.90615463256836,,
3350,1783431832.53849,9.986608971314355e-06,9.986608971314355e-06,,,3.2473983764648438,2.0230000019073486,1.2243983745574951,3.2473983764648438,20.57539176940918,1.7586320638656616,1.054171085357666,2.0561673641204834,1.1984806060791016,0.2500731647014618,20.57539176940918,20.57539176940918,,
3355,1783431834.7993267,9.98658899811239e-06,9.98658899811239e-06,,,3.277437686920166,2.036782741546631,1.2406548261642456,3.277437686920166,20.84615707397461,1.9525773525238037,1.0802818536758423,2.011950969696045,1.2198517322540283,0.2522153854370117,20.84615707397461,20.84615707397461,,
3360,1783431837.0567684,9.986569024950372e-06,9.986569024950372e-06,,,3.325131893157959,2.0703890323638916,1.2547428607940674,3.325131893157959,20.41297721862793,1.779691457748413,1.0892705917358398,1.9651103019714355,1.1731864213943481,0.25038716197013855,20.41297721862793,20.41297721862793,,
3365,1783431839.3140917,9.9865490518283e-06,9.9865490518283e-06,,,3.2524704933166504,2.022808074951172,1.2296624183654785,3.2524704933166504,20.21999740600586,1.8799644708633423,1.113033652305603,1.8876663446426392,1.1124699115753174,0.24948281049728394,20.21999740600586,20.21999740600586,,
3370,1783431841.572535,9.986529078746174e-06,9.986529078746174e-06,,,3.3030972480773926,2.0374765396118164,1.2656208276748657,3.3030972480773926,19.395566940307617,1.8327075242996216,1.0807631015777588,1.8837388753890991,1.0880645513534546,0.23418864607810974,19.395566940307617,19.395566940307617,,
3375,1783431843.8313448,9.986509105703994e-06,9.986509105703994e-06,,,3.364542007446289,2.118288278579712,1.2462537288665771,3.364542007446289,19.98109245300293,1.7577259540557861,1.0812058448791504,1.9511821269989014,1.1467205286026,0.24325232207775116,19.98109245300293,19.98109245300293,,
3380,1783431846.0925698,9.98648913270176e-06,9.98648913270176e-06,,,3.25032901763916,1.998388409614563,1.2519407272338867,3.25032901763916,19.949384689331055,1.9020024538040161,1.0608062744140625,1.9689438343048096,1.1681057214736938,0.2380550354719162,19.949384689331055,19.949384689331055,,
3385,1783431848.3516607,9.986469159739472e-06,9.986469159739472e-06,,,3.2898128032684326,2.046400547027588,1.2434122562408447,3.2898128032684326,20.427738189697266,1.8865090608596802,1.1312669515609741,1.9323760271072388,1.1782495975494385,0.24863801896572113,20.427738189697266,20.427738189697266,,
3390,1783431850.6110144,9.98644918681713e-06,9.98644918681713e-06,,,3.2009711265563965,2.0008082389831543,1.2001628875732422,3.2009711265563965,21.253583908081055,1.8726106882095337,1.116001009941101,2.0893912315368652,1.31043541431427,0.25478488206863403,21.253583908081055,21.253583908081055,,
3395,1783431852.8745985,9.986429213934735e-06,9.986429213934735e-06,,,3.260305404663086,2.004007577896118,1.2562979459762573,3.260305404663086,20.776464462280273,1.82924222946167,1.082280158996582,2.1288347244262695,1.2036850452423096,0.24888671934604645,20.776464462280273,20.776464462280273,,
3400,1783431855.1349585,9.986409241092285e-06,9.986409241092285e-06,,,3.378722906112671,2.070873260498047,1.307849645614624,3.378722906112671,19.24140739440918,1.7787787914276123,1.013589859008789,1.8821055889129639,1.1014432907104492,0.23293204605579376,19.24140739440918,19.24140739440918,,
3405,1783431857.3995404,9.98638926828978e-06,9.98638926828978e-06,,,3.2283143997192383,1.9557533264160156,1.2725610733032227,3.2283143997192383,20.187931060791016,1.867085576057434,1.0373691320419312,2.0637052059173584,1.1162183284759521,0.24274730682373047,20.187931060791016,20.187931060791016,,
3410,1783431859.6574569,9.98636929552722e-06,9.98636929552722e-06,,,3.236266613006592,1.990220069885254,1.2460464239120483,3.236266613006592,20.835525512695312,1.9293625354766846,1.1205124855041504,2.0514636039733887,1.15895676612854,0.2525513172149658,20.835525512695312,20.835525512695312,,
3415,1783431861.917155,9.986349322804607e-06,9.986349322804607e-06,,,3.365366220474243,2.0783181190490723,1.287048101425171,3.365366220474243,19.743675231933594,1.8792704343795776,1.0238099098205566,2.01997447013855,1.1258409023284912,0.23442146182060242,19.743675231933594,19.743675231933594,,
3420,1783431864.1803386,9.98632935012194e-06,9.98632935012194e-06,,,3.35937237739563,2.1335830688476562,1.2257893085479736,3.35937237739563,20.690593719482422,1.8220182657241821,1.0769387483596802,2.0179877281188965,1.2183332443237305,0.2515332102775574,20.690593719482422,20.690593719482422,,
3425,1783431866.438183,9.986309377479217e-06,9.986309377479217e-06,,,3.2597196102142334,2.004124402999878,1.2555952072143555,3.2597196102142334,19.862506866455078,1.8084303140640259,1.094691276550293,1.9423189163208008,1.157796859741211,0.23909229040145874,19.862506866455078,19.862506866455078,,
3430,1783431868.6986032,9.98628940487644e-06,9.98628940487644e-06,,,3.4145090579986572,2.135805606842041,1.2787034511566162,3.4145090579986572,19.741092681884766,1.6995004415512085,1.0526328086853027,1.9141318798065186,1.2121840715408325,0.23858508467674255,19.741092681884766,19.741092681884766,,
3435,1783431870.9586382,9.986269432313609e-06,9.986269432313609e-06,,,3.2617290019989014,2.0046072006225586,1.2571218013763428,3.2617290019989014,20.315689086914062,1.8228760957717896,1.0542383193969727,1.9993982315063477,1.1469279527664185,0.24768716096878052,20.315689086914062,20.315689086914062,,
3440,1783431873.2174094,9.98624945979072e-06,9.98624945979072e-06,,,3.410734176635742,2.1027443408966064,1.3079898357391357,3.410734176635742,18.8885555267334,1.8659369945526123,1.013526439666748,1.8335615396499634,1.0310595035552979,0.22844111919403076,18.8885555267334,18.8885555267334,,
3445,1783431875.4766357,9.986229487307779e-06,9.986229487307779e-06,,,3.238145351409912,2.0148801803588867,1.2232650518417358,3.238145351409912,21.153261184692383,1.8601937294006348,1.147556185722351,2.058244228363037,1.2377196550369263,0.2567463219165802,21.153261184692383,21.153261184692383,,
3450,1783431877.7429988,9.986209514864781e-06,9.986209514864781e-06,,,3.303941249847412,2.0656211376190186,1.2383201122283936,3.303941249847412,19.805482864379883,1.8908089399337769,1.1193053722381592,1.7958260774612427,1.0901107788085938,0.2449665516614914,19.805482864379883,19.805482864379883,,
3455,1783431879.9982696,9.986189542461728e-06,9.986189542461728e-06,,,3.4240834712982178,2.15059757232666,1.2734858989715576,3.4240834712982178,19.504695892333984,1.762682557106018,1.0744644403457642,1.887589693069458,1.1485531330108643,0.23545031249523163,19.504695892333984,19.504695892333984,,
3460,1783431882.2550411,9.986169570098621e-06,9.986169570098621e-06,,,3.278979778289795,2.0199363231658936,1.259043574333191,3.278979778289795,19.747337341308594,1.8714238405227661,1.0608696937561035,1.9258499145507812,1.0688645839691162,0.24056921899318695,19.747337341308594,19.747337341308594,,
3465,1783431884.514986,9.986149597775459e-06,9.986149597775459e-06,,,3.2987096309661865,2.047072649002075,1.2516369819641113,3.2987096309661865,20.770387649536133,1.8720847368240356,1.1437819004058838,2.0410590171813965,1.1963828802108765,0.2506586015224457,20.770387649536133,20.770387649536133,,
3470,1783431886.7718716,9.98612962549224e-06,9.98612962549224e-06,,,3.212163209915161,1.9756895303726196,1.2364736795425415,3.212163209915161,20.590349197387695,1.8406949043273926,1.089673638343811,2.0270347595214844,1.2074028253555298,0.24869121611118317,20.590349197387695,20.590349197387695,,
3475,1783431889.0345778,9.986109653248967e-06,9.986109653248967e-06,,,3.378264904022217,2.107377052307129,1.270887851715088,3.378264904022217,20.50088119506836,1.8728032112121582,1.065867304801941,2.042424201965332,1.1658806800842285,0.24767997860908508,20.50088119506836,20.50088119506836,,
3480,1783431891.296582,9.986089681045637e-06,9.986089681045637e-06,,,3.3230481147766113,2.0773444175720215,1.2457036972045898,3.3230481147766113,20.491487503051758,1.7949542999267578,1.116828441619873,2.011813163757324,1.1729710102081299,0.24911414086818695,20.491487503051758,20.491487503051758,,
3485,1783431893.557778,9.986069708882252e-06,9.986069708882252e-06,,,3.281991958618164,2.044434070587158,1.2375580072402954,3.281991958618164,20.758398056030273,1.8267326354980469,1.0996131896972656,2.1555535793304443,1.2726645469665527,0.2439025640487671,20.758398056030273,20.758398056030273,,
3490,1783431895.8181145,9.986049736758812e-06,9.986049736758812e-06,,,3.2712860107421875,2.0120577812194824,1.2592281103134155,3.2712860107421875,20.277603149414062,1.8357460498809814,1.054657220840454,2.0246474742889404,1.1975395679473877,0.24317391216754913,20.277603149414062,20.277603149414062,,
3495,1783431898.0753593,9.986029764675315e-06,9.986029764675315e-06,,,3.333753824234009,2.085034132003784,1.2487196922302246,3.333753824234009,19.93234634399414,1.8276467323303223,1.059120774269104,1.9222272634506226,1.1639379262924194,0.2416277825832367,19.93234634399414,19.93234634399414,,
3500,1783431900.3310869,9.986009792631763e-06,9.986009792631763e-06,,,3.3668417930603027,2.0860800743103027,1.2807618379592896,3.3668417930603027,19.439651489257812,1.7280268669128418,1.0829391479492188,1.9257738590240479,1.1029250621795654,0.2349175065755844,19.439651489257812,19.439651489257812,,
3505,1783431902.5850854,9.985989820628154e-06,9.985989820628154e-06,,,3.306884765625,2.077345371246338,1.2295395135879517,3.306884765625,20.276321411132812,1.84248685836792,1.088491439819336,1.9115657806396484,1.172616958618164,0.24837726354599,20.276321411132812,20.276321411132812,,
3510,1783431904.7489436,9.985969848664491e-06,9.985969848664491e-06,,,3.2868523597717285,2.0397861003875732,1.2470662593841553,3.2868523597717285,20.581287384033203,1.8547238111495972,1.0933146476745605,2.065579414367676,1.2073533535003662,0.2463863044977188,20.581287384033203,20.581287384033203,,
3510,1783431910.4558823,,,,,,,,,,,,,,,,,0.23412429720163344,0.23412429720163344
3510,1783431911.949492,,,1488.2537710000179,688.2660264968872,,,,,,,,,,,,,,
3515,1783431914.3122668,9.98594987674077e-06,9.98594987674077e-06,,,3.170738697052002,1.9383366107940674,1.2324022054672241,3.170738697052002,21.13336181640625,1.8486920595169067,1.0853853225708008,2.1315293312072754,1.177295207977295,0.2573696970939636,21.13336181640625,21.13336181640625,,
3520,1783431916.5738127,9.985929904856993e-06,9.985929904856993e-06,,,3.3786110877990723,2.0791378021240234,1.2994732856750488,3.3786110877990723,20.12240982055664,1.8638380765914917,1.0545375347137451,2.0566904544830322,1.2210321426391602,0.23663531243801117,20.12240982055664,20.12240982055664,,
3525,1783431918.8355696,9.98590993301316e-06,9.98590993301316e-06,,,3.2983455657958984,2.0540518760681152,1.2442938089370728,3.2983455657958984,19.826984405517578,1.8139491081237793,1.120841145515442,1.8908438682556152,1.1551637649536133,0.24000398814678192,19.826984405517578,19.826984405517578,,
3530,1783431921.095708,9.985889961209272e-06,9.985889961209272e-06,,,3.2523953914642334,2.0287482738494873,1.223647117614746,3.2523953914642334,20.685874938964844,1.8753522634506226,1.1169242858886719,1.9956451654434204,1.2194454669952393,0.2502981424331665,20.685874938964844,20.685874938964844,,
3535,1783431923.3533995,9.985869989445326e-06,9.985869989445326e-06,,,3.3173816204071045,2.03239107131958,1.2849905490875244,3.3173816204071045,19.0251522064209,1.8229739665985107,1.01893150806427,1.9036815166473389,1.0728846788406372,0.2273358553647995,19.0251522064209,19.0251522064209,,
3540,1783431925.6161869,9.985850017721322e-06,9.985850017721322e-06,,,3.367656707763672,2.0974955558776855,1.2701610326766968,3.367656707763672,19.41582489013672,1.835956335067749,1.0744541883468628,1.8610777854919434,1.1207529306411743,0.23426119983196259,19.41582489013672,19.41582489013672,,
3545,1783431927.8785532,9.985830046037264e-06,9.985830046037264e-06,,,3.150334119796753,1.9222415685653687,1.2280925512313843,3.150334119796753,21.045324325561523,1.9097317457199097,1.107801914215088,2.1597282886505127,1.2421818971633911,0.24942155182361603,21.045324325561523,21.045324325561523,,
3550,1783431930.1456084,9.98581007439315e-06,9.98581007439315e-06,,,3.349003791809082,2.060074806213379,1.2889291048049927,3.349003791809082,19.537986755371094,1.7950024604797363,1.0180003643035889,1.9640871286392212,1.123888373374939,0.23442290723323822,19.537986755371094,19.537986755371094,,
3555,1783431932.4078746,9.985790102788976e-06,9.985790102788976e-06,,,3.292884588241577,2.0199944972991943,1.2728900909423828,3.292884588241577,19.595678329467773,1.865523099899292,1.0152220726013184,1.9210598468780518,1.049543857574463,0.23941615223884583,19.595678329467773,19.595678329467773,,
3560,1783431934.6699388,9.985770131224748e-06,9.985770131224748e-06,,,3.233877182006836,1.9882701635360718,1.2456070184707642,3.233877182006836,20.55414581298828,1.8593378067016602,1.0765633583068848,2.0420188903808594,1.1747105121612549,0.24855077266693115,20.55414581298828,20.55414581298828,,
3565,1783431936.9328659,9.985750159700463e-06,9.985750159700463e-06,,,3.301431179046631,2.035320997238159,1.2661101818084717,3.301431179046631,20.022869110107422,1.8154960870742798,1.0646684169769287,2.0523393154144287,1.178366780281067,0.2373620569705963,20.022869110107422,20.022869110107422,,
3570,1783431939.1935158,9.985730188216119e-06,9.985730188216119e-06,,,3.2510604858398438,2.0056822299957275,1.2453783750534058,3.2510604858398438,20.274030685424805,1.908914566040039,1.0900747776031494,1.996154546737671,1.1929378509521484,0.2421523928642273,20.274030685424805,20.274030685424805,,
3575,1783431941.4509344,9.98571021677172e-06,9.98571021677172e-06,,,3.295228958129883,1.9993270635604858,1.2959017753601074,3.295228958129883,18.958358764648438,1.8281338214874268,1.015815019607544,1.8307005167007446,1.0274757146835327,0.23106792569160461,18.958358764648438,18.958358764648438,,
3580,1783431943.7142236,9.985690245367263e-06,9.985690245367263e-06,,,3.339660882949829,2.0850894451141357,1.2545714378356934,3.339660882949829,20.934873580932617,1.7749478816986084,1.0984245538711548,2.116368532180786,1.2416282892227173,0.2521223723888397,20.934873580932617,20.934873580932617,,
3585,1783431945.9789462,9.985670274002749e-06,9.985670274002749e-06,,,3.3318052291870117,2.0553526878356934,1.276452660560608,3.3318052291870117,19.80022430419922,1.9034876823425293,1.0615622997283936,1.9692437648773193,1.1490585803985596,0.2355237901210785,19.80022430419922,19.80022430419922,,
3590,1783431948.2411218,9.985650302678179e-06,9.985650302678179e-06,,,3.2575840950012207,2.045849323272705,1.211734652519226,3.2575840950012207,21.12130355834961,1.8357577323913574,1.1218959093093872,2.038719654083252,1.2282686233520508,0.2584371864795685,21.12130355834961,21.12130355834961,,
3595,1783431950.5127318,9.985630331393548e-06,9.985630331393548e-06,,,3.2550253868103027,2.0076026916503906,1.2474228143692017,3.2550253868103027,20.486225128173828,1.8786965608596802,1.0687282085418701,2.049211263656616,1.1999565362930298,0.2453436404466629,20.486225128173828,20.486225128173828,,
3600,1783431952.781305,9.985610360148864e-06,9.985610360148864e-06,,,3.3754777908325195,2.138789653778076,1.236688256263733,3.3754777908325195,20.378070831298828,1.8267130851745605,1.0841270685195923,1.9920216798782349,1.1840016841888428,0.24700413644313812,20.378070831298828,20.378070831298828,,
3605,1783431955.0429978,9.985590388944118e-06,9.985590388944118e-06,,,3.252714157104492,1.9928157329559326,1.2598985433578491,3.252714157104492,20.299530029296875,1.8885688781738281,1.1001778841018677,2.0012447834014893,1.1269915103912354,0.24565137922763824,20.299530029296875,20.299530029296875,,
3610,1783431957.3071897,9.985570417779317e-06,9.985570417779317e-06,,,3.3444900512695312,2.0385425090789795,1.3059475421905518,3.3444900512695312,19.79554557800293,1.891357183456421,1.049093246459961,2.0036609172821045,1.162765383720398,0.233827605843544,19.79554557800293,19.79554557800293,,
3615,1783431959.567843,9.985550446654457e-06,9.985550446654457e-06,,,3.330514907836914,2.054180383682251,1.276334524154663,3.330514907836914,20.085390090942383,1.79206120967865,1.0520403385162354,1.9847179651260376,1.180539846420288,0.24246162176132202,20.085390090942383,20.085390090942383,,
3620,1783431961.8300917,9.98553047556954e-06,9.98553047556954e-06,,,3.3288450241088867,2.0611095428466797,1.2677356004714966,3.3288450241088867,19.770275115966797,1.8684935569763184,1.0803087949752808,1.9379796981811523,1.1557302474975586,0.23631228506565094,19.770275115966797,19.770275115966797,,
3625,1783431964.0859916,9.985510504524565e-06,9.985510504524565e-06,,,3.203784704208374,1.980646014213562,1.223138689994812,3.203784704208374,20.45603370666504,1.8962793350219727,1.1191562414169312,1.9648159742355347,1.2033016681671143,0.24676360189914703,20.45603370666504,20.45603370666504,,
3630,1783431966.346786,9.985490533519532e-06,9.985490533519532e-06,,,3.3547942638397217,2.078524112701416,1.2762701511383057,3.3547942638397217,19.998937606811523,1.866173505783081,1.0188064575195312,2.0591025352478027,1.2156896591186523,0.23476386070251465,19.998937606811523,19.998937606811523,,
3635,1783431968.6109612,9.985470562554442e-06,9.985470562554442e-06,,,3.270763874053955,2.011643886566162,1.259119987487793,3.270763874053955,20.29222297668457,1.8932806253433228,1.0608018636703491,2.0362837314605713,1.1481504440307617,0.24376161396503448,20.29222297668457,20.29222297668457,,
3640,1783431970.872843,9.985450591629293e-06,9.985450591629293e-06,,,3.3278653621673584,2.064796209335327,1.2630691528320312,3.3278653621673584,20.131494522094727,1.802817463874817,1.0853983163833618,1.9796802997589111,1.2120256423950195,0.2413303554058075,20.131494522094727,20.131494522094727,,
3645,1783431973.1307006,9.985430620744087e-06,9.985430620744087e-06,,,3.272308826446533,2.0156846046447754,1.2566242218017578,3.272308826446533,20.299663543701172,1.886714220046997,1.0439502000808716,2.0605905055999756,1.1527239084243774,0.24316376447677612,20.299663543701172,20.299663543701172,,
3650,1783431975.3921077,9.98541064989882e-06,9.98541064989882e-06,,,3.2410919666290283,2.0074732303619385,1.2336187362670898,3.2410919666290283,20.7670841217041,1.8736374378204346,1.0917117595672607,2.073277235031128,1.2335638999938965,0.24862338602542877,20.7670841217041,20.7670841217041,,
3655,1783431977.6570632,9.985390679093497e-06,9.985390679093497e-06,,,3.341904640197754,2.0698866844177246,1.2720180749893188,3.341904640197754,19.884981155395508,1.740189790725708,1.0367918014526367,1.9859050512313843,1.1873009204864502,0.2391464114189148,19.884981155395508,19.884981155395508,,
3660,1783431979.9227326,9.985370708328114e-06,9.985370708328114e-06,,,3.2437164783477783,2.0250463485717773,1.218670129776001,3.2437164783477783,21.395151138305664,1.7949512004852295,1.1195712089538574,2.144725799560547,1.2952017784118652,0.25779494643211365,21.395151138305664,21.395151138305664,,
3665,1783431982.1807654,9.985350737602675e-06,9.985350737602675e-06,,,3.2727572917938232,1.9964923858642578,1.2762649059295654,3.2727572917938232,19.762466430664062,1.830650806427002,1.029192328453064,1.994075059890747,1.1560522317886353,0.23560814559459686,19.762466430664062,19.762466430664062,,
3670,1783431984.4371057,9.985330766917176e-06,9.985330766917176e-06,,,3.3576436042785645,2.072539806365967,1.285103678703308,3.3576436042785645,19.34744644165039,1.7979800701141357,1.0555050373077393,1.8769835233688354,1.112583875656128,0.23366282880306244,19.34744644165039,19.34744644165039,,
3675,1783431986.6959066,9.985310796271616e-06,9.985310796271616e-06,,,3.2143099308013916,1.9979004859924316,1.21640944480896,3.2143099308013916,20.47488021850586,1.7439032793045044,1.1016559600830078,1.9495702981948853,1.1891225576400757,0.25226524472236633,20.47488021850586,20.47488021850586,,
3680,1783431988.9565735,9.985290825666e-06,9.985290825666e-06,,,3.3226234912872314,2.071495771408081,1.2511277198791504,3.3226234912872314,20.462980270385742,1.8503143787384033,1.0791192054748535,2.0578672885894775,1.2077975273132324,0.24449370801448822,20.462980270385742,20.462980270385742,,
3685,1783431991.211359,9.985270855100323e-06,9.985270855100323e-06,,,3.2659754753112793,2.044424057006836,1.2215514183044434,3.2659754753112793,20.361143112182617,1.7922831773757935,1.0757524967193604,1.9269626140594482,1.126155138015747,0.2530415654182434,20.361143112182617,20.361143112182617,,
3690,1783431993.478175,9.985250884574592e-06,9.985250884574592e-06,,,3.2492871284484863,2.0181825160980225,1.2311046123504639,3.2492871284484863,20.649372100830078,1.9035654067993164,1.0852916240692139,2.0029983520507812,1.2001770734786987,0.2500925362110138,20.649372100830078,20.649372100830078,,
3695,1783431995.7367527,9.985230914088798e-06,9.985230914088798e-06,,,3.2611775398254395,2.0231070518493652,1.2380703687667847,3.2611775398254395,20.224458694458008,1.7796331644058228,1.0777794122695923,2.094423294067383,1.177229404449463,0.24052760004997253,20.224458694458008,20.224458694458008,,
3700,1783431997.9976442,9.985210943642945e-06,9.985210943642945e-06,,,3.3128132820129395,2.0134546756744385,1.299358606338501,3.3128132820129395,20.055910110473633,1.8326213359832764,1.0447070598602295,2.0729308128356934,1.1276065111160278,0.23950012028217316,20.055910110473633,20.055910110473633,,
3705,1783432000.256993,9.985190973237034e-06,9.985190973237034e-06,,,3.300152063369751,2.0155649185180664,1.2845871448516846,3.300152063369751,19.707727432250977,1.854917049407959,1.0884169340133667,1.9383682012557983,1.0943408012390137,0.23775500059127808,19.707727432250977,19.707727432250977,,
3710,1783432002.5139976,9.985171002871062e-06,9.985171002871062e-06,,,3.218968391418457,1.9917060136795044,1.2272623777389526,3.218968391418457,20.987510681152344,1.7866367101669312,1.0910309553146362,2.1855404376983643,1.2657923698425293,0.2490483820438385,20.987510681152344,20.987510681152344,,
3715,1783432004.7743661,9.985151032545033e-06,9.985151032545033e-06,,,3.33417010307312,2.072863817214966,1.2613062858581543,3.33417010307312,20.128442764282227,1.7803168296813965,1.0478932857513428,1.9758059978485107,1.2303922176361084,0.24195189774036407,20.128442764282227,20.128442764282227,,
3720,1783432007.028623,9.985131062258944e-06,9.985131062258944e-06,,,3.2957284450531006,2.034698486328125,1.2610299587249756,3.2957284450531006,20.442073822021484,1.8550100326538086,1.044527292251587,2.011723756790161,1.1599267721176147,0.24887187778949738,20.442073822021484,20.442073822021484,,
3725,1783432009.288074,9.985111092012793e-06,9.985111092012793e-06,,,3.1711366176605225,1.9312548637390137,1.2398817539215088,3.1711366176605225,20.971908569335938,1.9052058458328247,1.0954278707504272,2.168053388595581,1.2243491411209106,0.2485882192850113,20.971908569335938,20.971908569335938,,
3730,1783432011.545795,9.985091121806586e-06,9.985091121806586e-06,,,3.2876830101013184,2.0650322437286377,1.2226507663726807,3.2876830101013184,20.902116775512695,1.8342870473861694,1.1153879165649414,2.0789599418640137,1.2776795625686646,0.24975921213626862,20.902116775512695,20.902116775512695,,
3735,1783432013.806014,9.985071151640318e-06,9.985071151640318e-06,,,3.225680351257324,1.978830337524414,1.2468500137329102,3.225680351257324,19.94887351989746,1.7922697067260742,1.0432151556015015,2.016062021255493,1.1801421642303467,0.23824401199817657,19.94887351989746,19.94887351989746,,
3740,1783432016.060435,9.985051181513988e-06,9.985051181513988e-06,,,3.3380744457244873,2.0980381965637207,1.2400362491607666,3.3380744457244873,20.489940643310547,1.7834833860397339,1.0753076076507568,2.0007691383361816,1.2446261644363403,0.24756351113319397,20.489940643310547,20.489940643310547,,
3745,1783432018.317208,9.985031211427602e-06,9.985031211427602e-06,,,3.3015382289886475,2.0224757194519043,1.2790625095367432,3.3015382289886475,19.712459564208984,1.8567982912063599,1.0460870265960693,2.0643086433410645,1.153934121131897,0.2305130660533905,19.712459564208984,19.712459564208984,,
3750,1783432020.5715215,9.985011241381156e-06,9.985011241381156e-06,,,3.3482272624969482,2.089780569076538,1.2584466934204102,3.3482272624969482,19.59393882751465,1.7970170974731445,1.0391175746917725,1.8843858242034912,1.1071596145629883,0.23943807184696198,19.59393882751465,19.59393882751465,,
3755,1783432022.8313386,9.984991271374647e-06,9.984991271374647e-06,,,3.2894787788391113,2.013646364212036,1.2758324146270752,3.2894787788391113,20.653141021728516,1.7790491580963135,1.0664645433425903,2.133012056350708,1.2268714904785156,0.24639688432216644,20.653141021728516,20.653141021728516,,
3760,1783432025.0873406,9.98497130140808e-06,9.98497130140808e-06,,,3.342975616455078,2.054715394973755,1.2882602214813232,3.342975616455078,19.86656951904297,1.8686105012893677,1.0122215747833252,2.0329694747924805,1.1472400426864624,0.2361181527376175,19.86656951904297,19.86656951904297,,
3765,1783432027.3460205,9.984951331481454e-06,9.984951331481454e-06,,,3.3488731384277344,2.1171679496765137,1.2317050695419312,3.3488731384277344,20.196504592895508,1.7739914655685425,1.1290993690490723,1.9326965808868408,1.2572749853134155,0.24252156913280487,20.196504592895508,20.196504592895508,,
3770,1783432029.6003778,9.984931361594767e-06,9.984931361594767e-06,,,3.219758987426758,1.9555995464324951,1.2641594409942627,3.219758987426758,20.183237075805664,1.8945965766906738,1.0690209865570068,2.0601508617401123,1.1372846364974976,0.2405499964952469,20.183237075805664,20.183237075805664,,
3775,1783432031.8558464,9.984911391748017e-06,9.984911391748017e-06,,,3.271629810333252,2.0101866722106934,1.2614431381225586,3.271629810333252,20.45603370666504,1.919241189956665,1.0256390571594238,2.1539254188537598,1.2365413904190063,0.23844937980175018,20.45603370666504,20.45603370666504,,
3780,1783432034.111858,9.984891421941208e-06,9.984891421941208e-06,,,3.3571267127990723,2.064687728881836,1.2924389839172363,3.3571267127990723,20.23098373413086,1.833100438117981,1.0551795959472656,2.0773653984069824,1.146898865699768,0.24209275841712952,20.23098373413086,20.23098373413086,,
3785,1783432036.3660953,9.984871452174342e-06,9.984871452174342e-06,,,3.2670373916625977,2.0198380947113037,1.247199296951294,3.2670373916625977,20.42568588256836,1.8489750623703003,1.1063807010650635,2.0472652912139893,1.2471399307250977,0.2418115735054016,20.42568588256836,20.42568588256836,,
3790,1783432038.617348,9.984851482447413e-06,9.984851482447413e-06,,,3.2571263313293457,2.012887954711914,1.2442383766174316,3.2571263313293457,21.414339065551758,1.8691380023956299,1.0819026231765747,2.2494051456451416,1.3310110569000244,0.2511659264564514,21.414339065551758,21.414339065551758,,
3795,1783432040.8713698,9.984831512760422e-06,9.984831512760422e-06,,,3.3674397468566895,2.0864205360412598,1.2810190916061401,3.3674397468566895,19.318828582763672,1.7652559280395508,1.0247719287872314,1.8445147275924683,1.101590633392334,0.23636867105960846,19.318828582763672,19.318828582763672,,
3800,1783432043.126456,9.984811543113368e-06,9.984811543113368e-06,,,3.314420223236084,2.0653791427612305,1.249041199684143,3.314420223236084,20.112125396728516,1.8028225898742676,1.0812292098999023,1.9754561185836792,1.140146255493164,0.2443748414516449,20.112125396728516,20.112125396728516,,
3805,1783432045.3818483,9.98479157350626e-06,9.98479157350626e-06,,,3.309187650680542,2.0418567657470703,1.2673308849334717,3.309187650680542,19.864864349365234,1.8132318258285522,1.0948002338409424,2.0087618827819824,1.1691089868545532,0.23557980358600616,19.864864349365234,19.864864349365234,,
3810,1783432047.6393547,9.98477160393909e-06,9.98477160393909e-06,,,3.32041597366333,2.05631422996521,1.2641017436981201,3.32041597366333,19.926494598388672,1.7528061866760254,1.0657129287719727,1.976086139678955,1.2154184579849243,0.23833255469799042,19.926494598388672,19.926494598388672,,
3815,1783432049.8934393,9.984751634411857e-06,9.984751634411857e-06,,,3.259080410003662,2.0023388862609863,1.2567416429519653,3.259080410003662,20.139652252197266,1.8087046146392822,1.0964778661727905,1.8572217226028442,1.1118289232254028,0.25103044509887695,20.139652252197266,20.139652252197266,,
3820,1783432052.149028,9.984731664924563e-06,9.984731664924563e-06,,,3.399928569793701,2.114609479904175,1.2853190898895264,3.399928569793701,18.561552047729492,1.6972200870513916,1.026948094367981,1.776404857635498,1.0326790809631348,0.22709369659423828,18.561552047729492,18.561552047729492,,
3825,1783432054.4006405,9.984711695477206e-06,9.984711695477206e-06,,,3.253838062286377,1.9936134815216064,1.2602245807647705,3.253838062286377,20.436283111572266,1.887609601020813,1.081716775894165,2.0919876098632812,1.1942555904388428,0.242099329829216,20.436283111572266,20.436283111572266,,
3830,1783432056.6600716,9.984691726069786e-06,9.984691726069786e-06,,,3.239419937133789,1.9808191061019897,1.2586007118225098,3.239419937133789,20.99605941772461,2.012443780899048,1.0604933500289917,2.2156026363372803,1.2011654376983643,0.2464352399110794,20.99605941772461,20.99605941772461,,
3835,1783432058.9346716,9.984671756702311e-06,9.984671756702311e-06,,,3.2903358936309814,2.0463972091674805,1.243938684463501,3.2903358936309814,20.300901412963867,1.8732244968414307,1.058095932006836,2.0381925106048584,1.1559773683547974,0.24402758479118347,20.300901412963867,20.300901412963867,,
3840,1783432061.1993003,9.984651787374776e-06,9.984651787374776e-06,,,3.313504457473755,2.0574681758880615,1.2560362815856934,3.313504457473755,21.103721618652344,1.8783305883407593,1.090039849281311,2.1946194171905518,1.2760612964630127,0.2487553358078003,21.103721618652344,21.103721618652344,,
3845,1783432063.4649746,9.984631818087178e-06,9.984631818087178e-06,,,3.3350069522857666,2.0511891841888428,1.2838177680969238,3.3350069522857666,19.874664306640625,1.819270133972168,1.067363977432251,1.942017912864685,1.067375659942627,0.24376094341278076,19.874664306640625,19.874664306640625,,
3850,1783432065.7303295,9.984611848839517e-06,9.984611848839517e-06,,,3.261899471282959,1.9972333908081055,1.264666199684143,3.261899471282959,20.140705108642578,1.8964654207229614,1.053680419921875,2.0445802211761475,1.1900538206100464,0.23825089633464813,20.140705108642578,20.140705108642578,,
3855,1783432067.9961045,9.984591879631794e-06,9.984591879631794e-06,,,3.3468732833862305,2.0923776626586914,1.254495620727539,3.3468732833862305,19.763660430908203,1.8247389793395996,1.0281546115875244,1.8727667331695557,1.1606333255767822,0.24097704887390137,19.763660430908203,19.763660430908203,,
3860,1783432070.262267,9.984571910464009e-06,9.984571910464009e-06,,,3.2255501747131348,1.9830389022827148,1.24251127243042,3.2255501747131348,20.9005069732666,1.9942944049835205,1.1125984191894531,2.092167377471924,1.2078967094421387,0.24874408543109894,20.9005069732666,20.9005069732666,,
3865,1783432072.5220692,9.984551941336161e-06,9.984551941336161e-06,,,3.244485378265381,2.013392210006714,1.2310930490493774,3.244485378265381,20.430036544799805,1.8237799406051636,1.0916202068328857,2.0440618991851807,1.2457810640335083,0.2429988831281662,20.430036544799805,20.430036544799805,,
3870,1783432074.7841408,9.984531972248251e-06,9.984531972248251e-06,,,3.3274881839752197,2.0804812908172607,1.247006893157959,3.3274881839752197,20.975021362304688,1.8950409889221191,1.094301462173462,2.1032371520996094,1.2669121026992798,0.24989736080169678,20.975021362304688,20.975021362304688,,
3875,1783432077.0459676,9.984512003200279e-06,9.984512003200279e-06,,,3.3044471740722656,2.0216026306152344,1.2828444242477417,3.3044471740722656,19.364164352416992,1.8149635791778564,1.0268174409866333,1.9309335947036743,1.0783405303955078,0.2334185391664505,19.364164352416992,19.364164352416992,,
3880,1783432079.3079698,9.984492034192244e-06,9.984492034192244e-06,,,3.262816905975342,2.009690046310425,1.253126859664917,3.262816905975342,20.50834846496582,1.8176336288452148,1.0940967798233032,2.0630910396575928,1.1732592582702637,0.2471981793642044,20.50834846496582,20.50834846496582,,
3885,1783432081.5786488,9.984472065224147e-06,9.984472065224147e-06,,,3.352283477783203,2.077603340148926,1.2746800184249878,3.352283477783203,19.80298614501953,1.8472181558609009,1.0643566846847534,1.9889228343963623,1.19904625415802,0.23367717862129211,19.80298614501953,19.80298614501953,,
3890,1783432083.8379755,9.984452096295987e-06,9.984452096295987e-06,,,3.2506418228149414,1.9911952018737793,1.2594465017318726,3.2506418228149414,20.513023376464844,1.8494362831115723,1.0902639627456665,1.9890481233596802,1.1729813814163208,0.24998360872268677,20.513023376464844,20.513023376464844,,
3895,1783432086.0960536,9.984432127407765e-06,9.984432127407765e-06,,,3.3399534225463867,2.0707242488861084,1.2692290544509888,3.3399534225463867,19.54668426513672,1.7615935802459717,1.049804925918579,1.9109569787979126,1.1711713075637817,0.2349117249250412,19.54668426513672,19.54668426513672,,
3900,1783432088.2685308,9.98441215855948e-06,9.98441215855948e-06,,,3.3872292041778564,2.139029026031494,1.2482001781463623,3.3872292041778564,19.618799209594727,1.743987798690796,1.0640584230422974,1.908681035041809,1.1418495178222656,0.23799318075180054,19.618799209594727,19.618799209594727,,
3900,1783432093.9857628,,,,,,,,,,,,,,,,,0.23186500743031502,0.23186500743031502
3900,1783432095.4845886,,,1492.1984339998744,688.2660264968872,,,,,,,,,,,,,,
3900,1783432097.300913,,,1809.8909770001228,688.2660264968872,,,,,,,,,,,,,,
3905,1783432099.6645505,9.984392189751134e-06,9.984392189751134e-06,,,3.2607736587524414,2.0001704692840576,1.2606030702590942,3.2607736587524414,20.048002243041992,1.878163456916809,1.099134087562561,2.036133050918579,1.172736406326294,0.23673255741596222,20.048002243041992,20.048002243041992,,
3910,1783432101.9283502,9.984372220982724e-06,9.984372220982724e-06,,,3.2258763313293457,2.001404285430908,1.2244720458984375,3.2258763313293457,21.12100601196289,1.8767882585525513,1.1217503547668457,2.07669997215271,1.2127532958984375,0.25652357935905457,21.12100601196289,21.12100601196289,,
3915,1783432104.1910744,9.984352252254253e-06,9.984352252254253e-06,,,3.3846089839935303,2.0794761180877686,1.3051328659057617,3.3846089839935303,19.274831771850586,1.7933863401412964,1.0149588584899902,1.9052703380584717,1.0572900772094727,0.23425254225730896,19.274831771850586,19.274831771850586,,
3920,1783432106.4462528,9.984332283565719e-06,9.984332283565719e-06,,,3.3032774925231934,2.058037519454956,1.2452400922775269,3.3032774925231934,20.1777400970459,1.8660391569137573,1.063192367553711,1.9712978601455688,1.1039283275604248,0.24662348628044128,20.1777400970459,20.1777400970459,,
3925,1783432108.7089362,9.984312314917122e-06,9.984312314917122e-06,,,3.2953267097473145,2.0383973121643066,1.2569295167922974,3.2953267097473145,20.18914222717285,1.9029814004898071,1.0852220058441162,1.9402304887771606,1.1670520305633545,0.24414165318012238,20.18914222717285,20.18914222717285,,
3930,1783432110.9607434,9.984292346308463e-06,9.984292346308463e-06,,,3.281083583831787,1.9958209991455078,1.2852627038955688,3.281083583831787,19.34836769104004,1.8029978275299072,1.0768616199493408,1.9101476669311523,1.073466420173645,0.23336176574230194,19.34836769104004,19.34836769104004,,
3935,1783432113.2130961,9.984272377739742e-06,9.984272377739742e-06,,,3.23502516746521,1.9908387660980225,1.2441864013671875,3.23502516746521,20.24582290649414,1.8452833890914917,1.092841386795044,2.045994758605957,1.1405909061431885,0.24298949539661407,20.24582290649414,20.24582290649414,,
3940,1783432115.4731205,9.984252409210959e-06,9.984252409210959e-06,,,3.3900346755981445,2.115971088409424,1.2740635871887207,3.3900346755981445,19.907155990600586,1.8038432598114014,1.0044841766357422,1.9397757053375244,1.121800422668457,0.24390394985675812,19.907155990600586,19.907155990600586,,
3945,1783432117.7316854,9.984232440722113e-06,9.984232440722113e-06,,,3.27612042427063,2.007204294204712,1.268916130065918,3.27612042427063,20.025875091552734,1.809651494026184,1.0671671628952026,2.072323799133301,1.1566715240478516,0.23757924139499664,20.025875091552734,20.025875091552734,,
3950,1783432119.9900925,9.984212472273204e-06,9.984212472273204e-06,,,3.286949634552002,2.038344621658325,1.2486050128936768,3.286949634552002,20.030929565429688,1.8004803657531738,1.0795872211456299,1.9536234140396118,1.1445103883743286,0.24343542754650116,20.030929565429688,20.030929565429688,,
3955,1783432122.2512584,9.984192503864233e-06,9.984192503864233e-06,,,3.307170867919922,2.057164430618286,1.2500064373016357,3.307170867919922,20.117908477783203,1.8770474195480347,1.0604294538497925,2.036639928817749,1.2351934909820557,0.23637256026268005,20.117908477783203,20.117908477783203,,
3960,1783432124.509225,9.9841725354952e-06,9.9841725354952e-06,,,3.2748913764953613,2.0301222801208496,1.2447692155838013,3.2748913764953613,21.305866241455078,1.803893804550171,1.1144890785217285,2.175187349319458,1.346482515335083,0.2520920932292938,21.305866241455078,21.305866241455078,,
3965,1783432126.7663355,9.984152567166104e-06,9.984152567166104e-06,,,3.3270325660705566,2.04913592338562,1.277896523475647,3.3270325660705566,19.701122283935547,1.7775492668151855,1.039391040802002,2.0143935680389404,1.1289825439453125,0.23549845814704895,19.701122283935547,19.701122283935547,,
3970,1783432129.0220957,9.984132598876946e-06,9.984132598876946e-06,,,3.2752299308776855,2.0047149658203125,1.270514965057373,3.2752299308776855,19.75425910949707,1.819594144821167,1.05905020236969,1.9446042776107788,1.0869081020355225,0.24027977883815765,19.75425910949707,19.75425910949707,,
3975,1783432131.274529,9.984112630627726e-06,9.984112630627726e-06,,,3.299144744873047,2.0537049770355225,1.2454396486282349,3.299144744873047,20.657733917236328,1.7850663661956787,1.0724434852600098,2.0686185359954834,1.2670758962631226,0.2473074346780777,20.657733917236328,20.657733917236328,,
3980,1783432133.5391393,9.984092662418438e-06,9.984092662418438e-06,,,3.2644124031066895,1.9911389350891113,1.2732733488082886,3.2644124031066895,20.099977493286133,1.8405287265777588,1.0967087745666504,1.9660946130752563,1.1072379350662231,0.24480168521404266,20.099977493286133,20.099977493286133,,
3985,1783432135.80121,9.984072694249085e-06,9.984072694249085e-06,,,3.275721549987793,2.0308730602264404,1.244848370552063,3.275721549987793,20.335445404052734,1.9123413562774658,1.1021239757537842,1.9952644109725952,1.132583498954773,0.24589522182941437,20.335445404052734,20.335445404052734,,
3990,1783432138.0748065,9.984052726119668e-06,9.984052726119668e-06,,,3.2623987197875977,1.9904096126556396,1.2719892263412476,3.2623987197875977,20.144428253173828,1.892147183418274,1.0566980838775635,2.0154218673706055,1.1345562934875488,0.2421250343322754,20.144428253173828,20.144428253173828,,
3995,1783432140.350201,9.98403275803019e-06,9.98403275803019e-06,,,3.2809042930603027,2.0305545330047607,1.250349760055542,3.2809042930603027,20.985858917236328,1.8318095207214355,1.107447862625122,2.0600624084472656,1.2275025844573975,0.2549216151237488,20.985858917236328,20.985858917236328,,
4000,1783432142.6214132,9.98401278998065e-06,9.98401278998065e-06,,,3.22286057472229,2.018360137939453,1.204500436782837,3.22286057472229,21.199254989624023,1.8766448497772217,1.1197278499603271,2.069599151611328,1.2744252681732178,0.25588518381118774,21.199254989624023,21.199254989624023,,
4005,1783432144.8871133,9.983992821971046e-06,9.983992821971046e-06,,,3.268347978591919,2.006070613861084,1.262277364730835,3.268347978591919,20.349796295166016,1.8626654148101807,1.0453754663467407,2.1051204204559326,1.175020694732666,0.24181053042411804,20.349796295166016,20.349796295166016,,
4010,1783432147.1535892,9.983972854001375e-06,9.983972854001375e-06,,,3.3141579627990723,2.050663471221924,1.263494610786438,3.3141579627990723,19.565351486206055,1.7653086185455322,1.068657398223877,1.8705699443817139,1.1174988746643066,0.23900552093982697,19.565351486206055,19.565351486206055,,
4015,1783432149.4183521,9.983952886071639e-06,9.983952886071639e-06,,,3.3374621868133545,2.0678248405456543,1.2696373462677002,3.3374621868133545,19.751689910888672,1.7819299697875977,1.0221161842346191,1.924289584159851,1.1380672454833984,0.2405095249414444,19.751689910888672,19.751689910888672,,
4020,1783432151.6906476,9.98393291818184e-06,9.98393291818184e-06,,,3.2881202697753906,2.050260543823242,1.2378597259521484,3.2881202697753906,20.749481201171875,1.8392122983932495,1.0758908987045288,1.9955108165740967,1.1911077499389648,0.254692018032074,20.749481201171875,20.749481201171875,,
4025,1783432153.9570472,9.983912950331978e-06,9.983912950331978e-06,,,3.242645740509033,2.009103775024414,1.2335419654846191,3.242645740509033,20.76028823852539,1.7917624711990356,1.104764461517334,2.112575054168701,1.2597641944885254,0.24709074199199677,20.76028823852539,20.76028823852539,,
4030,1783432156.2270129,9.983892982522055e-06,9.983892982522055e-06,,,3.3380627632141113,2.061154365539551,1.27690851688385,3.3380627632141113,19.57291603088379,1.790994644165039,1.0491561889648438,1.9053980112075806,1.1586047410964966,0.2356613427400589,19.57291603088379,19.57291603088379,,
4035,1783432158.4982982,9.98387301475206e-06,9.98387301475206e-06,,,3.2365522384643555,2.0271499156951904,1.2094024419784546,3.2365522384643555,21.03668975830078,1.8162814378738403,1.1309685707092285,2.035912275314331,1.2164682149887085,0.2574373185634613,21.03668975830078,21.03668975830078,,
4040,1783432160.7704244,9.983853047022003e-06,9.983853047022003e-06,,,3.2977333068847656,2.0250136852264404,1.2727196216583252,3.2977333068847656,20.35516929626465,1.8131349086761475,1.048323392868042,2.1517374515533447,1.2400825023651123,0.23800158500671387,20.35516929626465,20.35516929626465,,
4045,1783432163.0388007,9.983833079331884e-06,9.983833079331884e-06,,,3.280148983001709,1.9941502809524536,1.2859987020492554,3.280148983001709,19.823171615600586,1.961693286895752,1.0409870147705078,2.0334436893463135,1.074904441833496,0.23563988506793976,19.823171615600586,19.823171615600586,,
4050,1783432165.3035173,9.9838131116817e-06,9.9838131116817e-06,,,3.3293886184692383,2.080848455429077,1.2485400438308716,3.3293886184692383,20.331134796142578,1.8114244937896729,1.0571964979171753,2.0019569396972656,1.199468731880188,0.24577026069164276,20.331134796142578,20.331134796142578,,
4055,1783432167.5865834,9.983793144071448e-06,9.983793144071448e-06,,,3.4056553840637207,2.1156134605407715,1.2900418043136597,3.4056553840637207,19.199621200561523,1.766448974609375,1.0380585193634033,1.8815083503723145,1.1098347902297974,0.23138727247714996,19.199621200561523,19.199621200561523,,
4060,1783432169.8558502,9.983773176501133e-06,9.983773176501133e-06,,,3.2427453994750977,1.9855761528015137,1.2571693658828735,3.2427453994750977,20.871257781982422,1.8645379543304443,1.0707941055297852,2.1544644832611084,1.2388851642608643,0.247760608792305,20.871257781982422,20.871257781982422,,
4065,1783432172.1227891,9.983753208970755e-06,9.983753208970755e-06,,,3.2856431007385254,2.0446360111236572,1.2410072088241577,3.2856431007385254,20.630176544189453,1.820097804069519,1.0976536273956299,1.9632891416549683,1.1966872215270996,0.2531660497188568,20.630176544189453,20.630176544189453,,
4070,1783432174.388052,9.98373324148031e-06,9.98373324148031e-06,,,3.2088863849639893,1.951231598854065,1.2576547861099243,3.2088863849639893,20.593143463134766,1.8313943147659302,1.0671806335449219,2.1527609825134277,1.1623315811157227,0.24587519466876984,20.593143463134766,20.593143463134766,,
4075,1783432176.6505034,9.9837132740298e-06,9.9837132740298e-06,,,3.3532607555389404,2.1150200366973877,1.2382407188415527,3.3532607555389404,20.84743309020996,1.8336795568466187,1.1062910556793213,2.038818597793579,1.2830679416656494,0.2503042221069336,20.84743309020996,20.84743309020996,,
4080,1783432178.9170897,9.983693306619227e-06,9.983693306619227e-06,,,3.2787532806396484,2.028877019882202,1.2498762607574463,3.2787532806396484,20.746021270751953,1.8750718832015991,1.0743826627731323,2.145606517791748,1.245366096496582,0.2447693794965744,20.746021270751953,20.746021270751953,,
4085,1783432181.1819828,9.983673339248586e-06,9.983673339248586e-06,,,3.288907051086426,2.095768451690674,1.193138599395752,3.288907051086426,20.575275421142578,1.775816798210144,1.1357743740081787,1.9610005617141724,1.2702975273132324,0.24891307950019836,20.575275421142578,20.575275421142578,,
4090,1783432183.4555128,9.98365337191788e-06,9.98365337191788e-06,,,3.313308000564575,2.063575029373169,1.2497329711914062,3.313308000564575,19.863906860351562,1.8271522521972656,1.0445661544799805,1.905691146850586,1.1313459873199463,0.24262477457523346,19.863906860351562,19.863906860351562,,
4095,1783432185.7300272,9.983633404627111e-06,9.983633404627111e-06,,,3.277712345123291,1.9918948411941528,1.2858173847198486,3.277712345123291,20.079092025756836,1.8853925466537476,1.0644538402557373,1.9921492338180542,1.1091996431350708,0.24281218647956848,20.079092025756836,20.079092025756836,,
4100,1783432187.9980016,9.983613437376273e-06,9.983613437376273e-06,,,3.2601966857910156,1.992264986038208,1.2679316997528076,3.2601966857910156,20.35359764099121,1.865565299987793,1.0781550407409668,2.0311014652252197,1.167593240737915,0.24472199380397797,20.35359764099121,20.35359764099121,,
4105,1783432190.26635,9.983593470165371e-06,9.983593470165371e-06,,,3.3116188049316406,2.0566747188568115,1.254944086074829,3.3116188049316406,20.252090454101562,1.818607211112976,1.0979070663452148,1.9015122652053833,1.1609694957733154,0.24912473559379578,20.252090454101562,20.252090454101562,,
4110,1783432192.5321028,9.983573502994407e-06,9.983573502994407e-06,,,3.3002429008483887,2.0404460430145264,1.2597967386245728,3.3002429008483887,21.31747055053711,1.7942849397659302,1.078869342803955,2.264528274536133,1.324844241142273,0.25034600496292114,21.31747055053711,21.31747055053711,,
4115,1783432194.8027787,9.983553535863371e-06,9.983553535863371e-06,,,3.230400562286377,1.978594422340393,1.2518062591552734,3.230400562286377,19.636188507080078,1.899095058441162,1.034311056137085,1.9323885440826416,1.0965408086776733,0.2365538775920868,19.636188507080078,19.636188507080078,,
4120,1783432197.067447,9.983533568772274e-06,9.983533568772274e-06,,,3.323707103729248,2.0348122119903564,1.2888948917388916,3.323707103729248,20.73094367980957,1.8721048831939697,1.0698752403259277,2.1699748039245605,1.1773520708084106,0.24654021859169006,20.73094367980957,20.73094367980957,,
4125,1783432199.3331976,9.983513601721109e-06,9.983513601721109e-06,,,3.2203357219696045,1.9877108335494995,1.232624888420105,3.2203357219696045,20.791234970092773,1.9037867784500122,1.0836234092712402,2.100088119506836,1.1228501796722412,0.25239887833595276,20.791234970092773,20.791234970092773,,
4130,1783432201.6047704,9.983493634709878e-06,9.983493634709878e-06,,,3.2711336612701416,2.023301601409912,1.2478320598602295,3.2711336612701416,20.0986270904541,1.8812607526779175,1.0454152822494507,2.0510356426239014,1.1523457765579224,0.23922638595104218,20.0986270904541,20.0986270904541,,
4135,1783432203.8782628,9.983473667738583e-06,9.983473667738583e-06,,,3.348517417907715,2.0825307369232178,1.2659865617752075,3.348517417907715,20.43414306640625,1.882708191871643,1.0698896646499634,2.039804458618164,1.1982085704803467,0.24456708133220673,20.43414306640625,20.43414306640625,,
4140,1783432206.1520617,9.983453700807219e-06,9.983453700807219e-06,,,3.3290481567382812,2.087416648864746,1.2416313886642456,3.3290481567382812,19.80889892578125,1.8298348188400269,1.0729589462280273,1.939697504043579,1.1524744033813477,0.2382613718509674,19.80889892578125,19.80889892578125,,
4145,1783432208.4216683,9.983433733915792e-06,9.983433733915792e-06,,,3.2338461875915527,1.9948872327804565,1.2389590740203857,3.2338461875915527,20.346546173095703,1.8693311214447021,1.1015139818191528,1.934084415435791,1.1528215408325195,0.2489309012889862,20.346546173095703,20.346546173095703,,
4150,1783432210.6962492,9.983413767064295e-06,9.983413767064295e-06,,,3.2014427185058594,1.9512313604354858,1.250211238861084,3.2014427185058594,20.58629035949707,1.9095425605773926,1.0565277338027954,2.1254613399505615,1.2261199951171875,0.24260127544403076,20.58629035949707,20.58629035949707,,
4155,1783432212.9594147,9.983393800252735e-06,9.983393800252735e-06,,,3.247429847717285,2.0038774013519287,1.243552565574646,3.247429847717285,20.83549690246582,1.8751897811889648,1.1081148386001587,2.0832722187042236,1.2093496322631836,0.2503766417503357,20.83549690246582,20.83549690246582,,
4160,1783432215.2281244,9.983373833481106e-06,9.983373833481106e-06,,,3.3340582847595215,2.047759532928467,1.2862987518310547,3.3340582847595215,19.339248657226562,1.878617525100708,1.0284180641174316,1.9332540035247803,1.0887339115142822,0.2308497130870819,19.339248657226562,19.339248657226562,,
4165,1783432217.4946656,9.983353866749413e-06,9.983353866749413e-06,,,3.2524633407592773,1.988837480545044,1.2636258602142334,3.2524633407592773,20.674421310424805,1.9187148809432983,1.0697556734085083,2.0432968139648438,1.1640578508377075,0.2504720687866211,20.674421310424805,20.674421310424805,,
4170,1783432219.7620142,9.98333390005765e-06,9.98333390005765e-06,,,3.357936382293701,2.090663433074951,1.2672728300094604,3.357936382293701,20.126985549926758,1.8120193481445312,1.0810563564300537,1.9566972255706787,1.1803491115570068,0.24355147778987885,20.126985549926758,20.126985549926758,,
4175,1783432222.0320592,9.983313933405824e-06,9.983313933405824e-06,,,3.2653536796569824,2.030315399169922,1.235038161277771,3.2653536796569824,21.018400192260742,1.853576898574829,1.0874156951904297,2.1573939323425293,1.28932785987854,0.2485325187444687,21.018400192260742,21.018400192260742,,
4180,1783432224.2967358,9.983293966793928e-06,9.983293966793928e-06,,,3.2907986640930176,2.0325911045074463,1.2582074403762817,3.2907986640930176,20.29121971130371,1.8106712102890015,1.0771135091781616,2.031947374343872,1.178027868270874,0.2440774142742157,20.29121971130371,20.29121971130371,,
4185,1783432226.5622346,9.983274000221969e-06,9.983274000221969e-06,,,3.3365530967712402,2.0654690265655518,1.271083950996399,3.3365530967712402,19.49173355102539,1.854118824005127,1.0583879947662354,1.9264044761657715,1.0967785120010376,0.23406356573104858,19.49173355102539,19.49173355102539,,
4190,1783432228.8306198,9.98325403368994e-06,9.98325403368994e-06,,,3.3292078971862793,2.0936973094940186,1.2355107069015503,3.3292078971862793,21.107952117919922,1.8534281253814697,1.129679560661316,2.064004898071289,1.3039169311523438,0.2530888617038727,21.107952117919922,21.107952117919922,,
4195,1783432231.0981174,9.983234067197847e-06,9.983234067197847e-06,,,3.278702974319458,2.029294729232788,1.24940824508667,3.278702974319458,21.20195770263672,1.8803824186325073,1.0945899486541748,2.21508526802063,1.2869778871536255,0.24939684569835663,21.20195770263672,21.20195770263672,,
4200,1783432233.3675418,9.983214100745683e-06,9.983214100745683e-06,,,3.2882933616638184,2.0568788051605225,1.231414556503296,3.2882933616638184,19.958948135375977,1.8603432178497314,1.0931577682495117,1.9164402484893799,1.1305820941925049,0.24247561395168304,19.958948135375977,19.958948135375977,,
4205,1783432235.634672,9.983194134333455e-06,9.983194134333455e-06,,,3.3232545852661133,2.045278549194336,1.2779760360717773,3.3232545852661133,20.218706130981445,1.7847652435302734,1.0367695093154907,2.062814950942993,1.1934497356414795,0.24188090860843658,20.218706130981445,20.218706130981445,,
4210,1783432237.9008648,9.983174167961158e-06,9.983174167961158e-06,,,3.3504128456115723,2.0963194370269775,1.2540932893753052,3.3504128456115723,20.360198974609375,1.8804068565368652,1.056897521018982,2.065662384033203,1.2470803260803223,0.23994238674640656,20.360198974609375,20.360198974609375,,
4215,1783432240.172654,9.983154201628796e-06,9.983154201628796e-06,,,3.3675458431243896,2.10830020904541,1.2592456340789795,3.3675458431243896,19.653980255126953,1.8043231964111328,1.0439597368240356,1.914721965789795,1.186043620109558,0.23564815521240234,19.653980255126953,19.653980255126953,,
4220,1783432242.4372582,9.983134235336365e-06,9.983134235336365e-06,,,3.299668073654175,2.021919012069702,1.2777490615844727,3.299668073654175,20.292512893676758,1.8647241592407227,1.0888370275497437,2.060698986053467,1.2009025812149048,0.24034994840621948,20.292512893676758,20.292512893676758,,
4225,1783432244.7094665,9.983114269083866e-06,9.983114269083866e-06,,,3.316232204437256,2.0478668212890625,1.268365502357483,3.316232204437256,19.8624267578125,1.846474051475525,1.0625193119049072,1.9376518726348877,1.1317129135131836,0.24032676219940186,19.8624267578125,19.8624267578125,,
4230,1783432246.9787717,9.9830943028713e-06,9.9830943028713e-06,,,3.2592813968658447,1.99284029006958,1.2664411067962646,3.2592813968658447,20.032262802124023,1.8604297637939453,1.0566368103027344,2.052046537399292,1.1506121158599854,0.23799727857112885,20.032262802124023,20.032262802124023,,
4235,1783432249.245411,9.983074336698666e-06,9.983074336698666e-06,,,3.267380714416504,2.0155694484710693,1.2518112659454346,3.267380714416504,20.190746307373047,1.831368327140808,1.056800127029419,1.9525039196014404,1.1722791194915771,0.245622456073761,20.190746307373047,20.190746307373047,,
4240,1783432251.5201747,9.983054370565966e-06,9.983054370565966e-06,,,3.323798418045044,2.0719010829925537,1.2518973350524902,3.323798418045044,20.177757263183594,1.8498201370239258,1.0824830532073975,1.9396131038665771,1.1663340330123901,0.24519023299217224,20.177757263183594,20.177757263183594,,
4245,1783432253.792245,9.983034404473198e-06,9.983034404473198e-06,,,3.2494349479675293,2.015826940536499,1.2336081266403198,3.2494349479675293,20.767681121826172,1.8042364120483398,1.1073471307754517,2.0523595809936523,1.204634666442871,0.2520469129085541,20.767681121826172,20.767681121826172,,
4250,1783432256.0649884,9.98301443842036e-06,9.98301443842036e-06,,,3.285295009613037,2.040922164916992,1.2443727254867554,3.285295009613037,20.612974166870117,1.8778694868087769,1.0906649827957153,2.0816283226013184,1.2451400756835938,0.24424229562282562,20.612974166870117,20.612974166870117,,
4255,1783432258.3310025,9.982994472407455e-06,9.982994472407455e-06,,,3.2518515586853027,1.9963876008987427,1.25546395778656,3.2518515586853027,20.588380813598633,1.9510337114334106,1.131495475769043,2.105696678161621,1.2180613279342651,0.24129636585712433,20.588380813598633,20.588380813598633,,
4260,1783432260.6066992,9.982974506434483e-06,9.982974506434483e-06,,,3.2996439933776855,2.0463931560516357,1.2532507181167603,3.2996439933776855,20.123411178588867,1.867262840270996,1.0334007740020752,1.906040906906128,1.1266052722930908,0.2479434311389923,20.123411178588867,20.123411178588867,,
4265,1783432262.885445,9.982954540501442e-06,9.982954540501442e-06,,,3.3151683807373047,2.0634684562683105,1.2516999244689941,3.3151683807373047,20.417863845825195,1.8274774551391602,1.0777215957641602,2.079425096511841,1.2073403596878052,0.243091881275177,20.417863845825195,20.417863845825195,,
4270,1783432265.1545174,9.982934574608334e-06,9.982934574608334e-06,,,3.2269086837768555,1.9848270416259766,1.2420815229415894,3.2269086837768555,20.490278244018555,1.914102554321289,1.06675386428833,2.036005735397339,1.1673561334609985,0.2467266023159027,20.490278244018555,20.490278244018555,,
4275,1783432267.4337947,9.982914608755158e-06,9.982914608755158e-06,,,3.2782504558563232,2.021392822265625,1.2568576335906982,3.2782504558563232,21.312847137451172,1.8994090557098389,1.0622864961624146,2.18247389793396,1.2610608339309692,0.2547573447227478,21.312847137451172,21.312847137451172,,
4280,1783432269.6925845,9.982894642941911e-06,9.982894642941911e-06,,,3.280221462249756,2.0208191871643066,1.2594021558761597,3.280221462249756,20.07253074645996,1.8411343097686768,1.089089274406433,1.9794689416885376,1.1511448621749878,0.24180173873901367,20.07253074645996,20.07253074645996,,
4285,1783432271.949243,9.982874677168597e-06,9.982874677168597e-06,,,3.332514762878418,2.069246530532837,1.263268232345581,3.332514762878418,19.951248168945312,1.8407135009765625,1.0536739826202393,1.9742887020111084,1.1394134759902954,0.2406545728445053,19.951248168945312,19.951248168945312,,
4290,1783432274.1199703,9.982854711435215e-06,9.982854711435215e-06,,,3.2181825637817383,1.9708898067474365,1.2472927570343018,3.2181825637817383,20.191938400268555,1.8756580352783203,1.0834718942642212,1.9658795595169067,1.1502174139022827,0.2444581240415573,20.191938400268555,20.191938400268555,,
4290,1783432279.961789,,,,,,,,,,,,,,,,,0.23357458993792535,0.23357458993792535
4290,1783432281.5992079,,,1631.9325039999057,688.2660264968872,,,,,,,,,,,,,,
4295,1783432283.9720545,9.982834745741764e-06,9.982834745741764e-06,,,3.2383370399475098,1.9947245121002197,1.2436126470565796,3.2383370399475098,20.816892623901367,1.8295865058898926,1.1092889308929443,2.098388433456421,1.237399935722351,0.24903205037117004,20.816892623901367,20.816892623901367,,
4300,1783432286.2401328,9.982814780088244e-06,9.982814780088244e-06,,,3.206601619720459,1.9777357578277588,1.2288659811019897,3.206601619720459,20.58087921142578,1.9044742584228516,1.0977694988250732,2.0630955696105957,1.1936665773391724,0.24589137732982635,20.58087921142578,20.58087921142578,,
4305,1783432288.5005474,9.982794814474656e-06,9.982794814474656e-06,,,3.2028725147247314,1.9871758222579956,1.2156966924667358,3.2028725147247314,20.848026275634766,1.854921817779541,1.134588360786438,2.0094780921936035,1.2368050813674927,0.25257670879364014,20.848026275634766,20.848026275634766,,
4310,1783432290.7719822,9.982774848901e-06,9.982774848901e-06,,,3.3292412757873535,2.0839385986328125,1.2453027963638306,3.3292412757873535,20.72016716003418,1.8966968059539795,1.0728988647460938,2.09706449508667,1.1878852844238281,0.24845938384532928,20.72016716003418,20.72016716003418,,
4315,1783432293.04099,9.982754883367274e-06,9.982754883367274e-06,,,3.3396692276000977,2.0655345916748047,1.2741347551345825,3.3396692276000977,20.17353057861328,1.887637972831726,1.090309739112854,1.986307144165039,1.179257869720459,0.24143226444721222,20.17353057861328,20.17353057861328,,
4320,1783432295.3124828,9.982734917873479e-06,9.982734917873479e-06,,,3.2917943000793457,2.0217556953430176,1.2700386047363281,3.2917943000793457,20.12862777709961,1.8194836378097534,1.0547213554382324,2.040987730026245,1.1702890396118164,0.24070821702480316,20.12862777709961,20.12862777709961,,
4325,1783432297.5764158,9.982714952419614e-06,9.982714952419614e-06,,,3.2557764053344727,2.06288743019104,1.192888855934143,3.2557764053344727,21.265560150146484,1.8984744548797607,1.1145859956741333,2.117710828781128,1.2921618223190308,0.25406119227409363,21.265560150146484,21.265560150146484,,
4330,1783432299.8423684,9.982694987005681e-06,9.982694987005681e-06,,,3.2706217765808105,2.0402939319610596,1.2303279638290405,3.2706217765808105,20.96462059020996,1.8128420114517212,1.1151938438415527,2.012988805770874,1.1817805767059326,0.2588232457637787,20.96462059020996,20.96462059020996,,
4335,1783432302.1092978,9.98267502163168e-06,9.98267502163168e-06,,,3.3225717544555664,2.0774495601654053,1.2451220750808716,3.3225717544555664,20.619312286376953,1.815436601638794,1.093367099761963,2.0662267208099365,1.183311104774475,0.24914294481277466,20.619312286376953,20.619312286376953,,
4340,1783432304.4099514,9.982655056297608e-06,9.982655056297608e-06,,,3.289593458175659,2.0495643615722656,1.2400290966033936,3.289593458175659,20.18459129333496,1.9523327350616455,1.0477231740951538,2.0137014389038086,1.1728383302688599,0.24025458097457886,20.18459129333496,20.18459129333496,,
4345,1783432306.677132,9.982635091003467e-06,9.982635091003467e-06,,,3.245410919189453,1.9999613761901855,1.2454496622085571,3.245410919189453,20.428150177001953,1.8568593263626099,1.0798170566558838,2.0815722942352295,1.1862106323242188,0.2434646487236023,20.428150177001953,20.428150177001953,,
4350,1783432308.9426544,9.982615125749257e-06,9.982615125749257e-06,,,3.2359580993652344,1.9954137802124023,1.240544319152832,3.2359580993652344,20.451019287109375,1.9079467058181763,1.1113145351409912,2.070058822631836,1.2100245952606201,0.2415909469127655,20.451019287109375,20.451019287109375,,
4355,1783432311.2046134,9.982595160534978e-06,9.982595160534978e-06,,,3.217562198638916,1.9776644706726074,1.2398977279663086,3.217562198638916,20.41697120666504,1.8579655885696411,1.0953025817871094,2.007138252258301,1.1316457986831665,0.24858079850673676,20.41697120666504,20.41697120666504,,
4360,1783432313.466057,9.98257519536063e-06,9.98257519536063e-06,,,3.35013747215271,2.1069085597991943,1.2432289123535156,3.35013747215271,20.340614318847656,1.7764091491699219,1.133325219154358,1.9172043800354004,1.1783921718597412,0.24977080523967743,20.340614318847656,20.340614318847656,,
4365,1783432315.7354133,9.98255523022621e-06,9.98255523022621e-06,,,3.281935691833496,2.0202741622924805,1.261661410331726,3.281935691833496,20.1364803314209,1.8844432830810547,1.0455620288848877,1.9680719375610352,1.159190058708191,0.243376687169075,20.1364803314209,20.1364803314209,,
4370,1783432318.0332093,9.982535265131721e-06,9.982535265131721e-06,,,3.3481638431549072,2.0500082969665527,1.2981555461883545,3.3481638431549072,19.769485473632812,1.7648042440414429,1.056939721107483,2.0199646949768066,1.1167672872543335,0.23720619082450867,19.769485473632812,19.769485473632812,,
4375,1783432320.299805,9.982515300077162e-06,9.982515300077162e-06,,,3.3868606090545654,2.1090362071990967,1.2778244018554688,3.3868606090545654,19.19967269897461,1.8307727575302124,1.0628858804702759,1.8227622509002686,1.0806316137313843,0.23331616818904877,19.19967269897461,19.19967269897461,,
4380,1783432322.5653734,9.982495335062533e-06,9.982495335062533e-06,,,3.2709121704101562,2.043529510498047,1.227382779121399,3.2709121704101562,21.040616989135742,1.8391739130020142,1.1094919443130493,2.145674705505371,1.2836140394210815,0.24963052570819855,21.040616989135742,21.040616989135742,,
4385,1783432324.8366878,9.982475370087834e-06,9.982475370087834e-06,,,3.3213295936584473,2.034701108932495,1.2866284847259521,3.3213295936584473,19.589885711669922,1.81718111038208,1.0347622632980347,1.9713740348815918,1.1421761512756348,0.2335742563009262,19.589885711669922,19.589885711669922,,
4390,1783432327.1075287,9.982455405153065e-06,9.982455405153065e-06,,,3.3550379276275635,2.0829639434814453,1.2720739841461182,3.3550379276275635,20.02497673034668,1.8112393617630005,1.0844078063964844,2.005937099456787,1.2119017839431763,0.2376367449760437,20.02497673034668,20.02497673034668,,
4395,1783432329.3749466,9.982435440258226e-06,9.982435440258226e-06,,,3.3487489223480225,2.0744869709014893,1.2742619514465332,3.3487489223480225,19.186464309692383,1.7768211364746094,1.0297236442565918,1.835080862045288,1.0840716361999512,0.23425807058811188,19.186464309692383,19.186464309692383,,
4400,1783432331.6446376,9.982415475403317e-06,9.982415475403317e-06,,,3.304774284362793,2.0391924381256104,1.2655819654464722,3.304774284362793,19.969329833984375,1.9622756242752075,1.0347270965576172,2.035037040710449,1.183870792388916,0.23410026729106903,19.969329833984375,19.969329833984375,,
4405,1783432333.9173844,9.982395510588338e-06,9.982395510588338e-06,,,3.426680564880371,2.1457056999206543,1.2809749841690063,3.426680564880371,19.1698055267334,1.714253306388855,1.0581635236740112,1.7644143104553223,1.0806154012680054,0.23794062435626984,19.1698055267334,19.1698055267334,,
4410,1783432336.184888,9.982375545813287e-06,9.982375545813287e-06,,,3.3005776405334473,2.041445016860962,1.259132742881775,3.3005776405334473,19.89008331298828,1.8029733896255493,1.0542875528335571,1.997412919998169,1.1615675687789917,0.23810799419879913,19.89008331298828,19.89008331298828,,
4415,1783432338.4494467,9.982355581078168e-06,9.982355581078168e-06,,,3.3675947189331055,2.0807313919067383,1.2868634462356567,3.3675947189331055,19.690059661865234,1.8629978895187378,1.055405616760254,1.9491031169891357,1.1134669780731201,0.23658926784992218,19.690059661865234,19.690059661865234,,
4420,1783432340.7154965,9.982335616382977e-06,9.982335616382977e-06,,,3.3015880584716797,2.0857462882995605,1.2158418893814087,3.3015880584716797,20.49668312072754,1.8597819805145264,1.0903542041778564,1.992175817489624,1.2278528213500977,0.24681086838245392,20.49668312072754,20.49668312072754,,
4425,1783432342.9872255,9.982315651727716e-06,9.982315651727716e-06,,,3.318479061126709,2.0222787857055664,1.2962002754211426,3.318479061126709,19.534879684448242,1.861081838607788,1.0089101791381836,1.978230595588684,1.0898642539978027,0.23397108912467957,19.534879684448242,19.534879684448242,,
4430,1783432345.2496407,9.982295687112384e-06,9.982295687112384e-06,,,3.3109092712402344,2.045903205871582,1.265006184577942,3.3109092712402344,19.63116455078125,1.835470199584961,1.073163628578186,1.9297353029251099,1.0934243202209473,0.23724912106990814,19.63116455078125,19.63116455078125,,
4435,1783432347.5204508,9.98227572253698e-06,9.98227572253698e-06,,,3.3138067722320557,2.0369489192962646,1.276857852935791,3.3138067722320557,19.56647491455078,1.845631718635559,1.0584598779678345,1.8385603427886963,1.066651701927185,0.24115470051765442,19.56647491455078,19.56647491455078,,
4440,1783432349.7855377,9.982255758001507e-06,9.982255758001507e-06,,,3.254037618637085,1.9955112934112549,1.25852632522583,3.254037618637085,19.784767150878906,1.9353560209274292,1.0367937088012695,2.009730577468872,1.1538491249084473,0.2330101728439331,19.784767150878906,19.784767150878906,,
4445,1783432352.050168,9.982235793505962e-06,9.982235793505962e-06,,,3.2905054092407227,2.0282886028289795,1.2622168064117432,3.2905054092407227,20.608020782470703,1.8160682916641235,1.0499411821365356,2.1089611053466797,1.2261772155761719,0.24603858590126038,20.608020782470703,20.608020782470703,,
4450,1783432354.3230045,9.982215829050346e-06,9.982215829050346e-06,,,3.3003175258636475,2.0742337703704834,1.226083755493164,3.3003175258636475,20.88165283203125,1.8940372467041016,1.1127939224243164,2.098879814147949,1.2629647254943848,0.24780291318893433,20.88165283203125,20.88165283203125,,
4455,1783432356.5962532,9.98219586463466e-06,9.98219586463466e-06,,,3.2422690391540527,2.0071301460266113,1.2351388931274414,3.2422690391540527,20.870832443237305,1.8348617553710938,1.0780022144317627,2.1772031784057617,1.2321058511734009,0.24754109978675842,20.870832443237305,20.870832443237305,,
4460,1783432358.8665304,9.982175900258901e-06,9.982175900258901e-06,,,3.224987030029297,1.9767475128173828,1.2482393980026245,3.224987030029297,20.95076560974121,1.915036678314209,1.0860626697540283,2.1356987953186035,1.1981582641601562,0.25071007013320923,20.95076560974121,20.95076560974121,,
4465,1783432361.1349308,9.982155935923071e-06,9.982155935923071e-06,,,3.208451509475708,1.968201756477356,1.240249752998352,3.208451509475708,20.595008850097656,1.8165315389633179,1.0803637504577637,2.1201162338256836,1.2009729146957397,0.24568745493888855,20.595008850097656,20.595008850097656,,
4470,1783432363.401383,9.98213597162717e-06,9.98213597162717e-06,,,3.2803359031677246,2.0361368656158447,1.2441991567611694,3.2803359031677246,20.76187515258789,1.8299037218093872,1.0856950283050537,2.1611266136169434,1.232556939125061,0.24575352668762207,20.76187515258789,20.76187515258789,,
4475,1783432365.6638932,9.982116007371198e-06,9.982116007371198e-06,,,3.340296745300293,2.035881280899048,1.3044154644012451,3.340296745300293,19.478668212890625,1.8464082479476929,1.008974552154541,1.9343241453170776,1.0730866193771362,0.2357436567544937,19.478668212890625,19.478668212890625,,
4480,1783432367.928985,9.982096043155154e-06,9.982096043155154e-06,,,3.174776554107666,1.9497356414794922,1.2250409126281738,3.174776554107666,20.8528995513916,1.8167989253997803,1.0845434665679932,2.1088240146636963,1.2026968002319336,0.25174480676651,20.8528995513916,20.8528995513916,,
4485,1783432370.1952822,9.98207607897904e-06,9.98207607897904e-06,,,3.3078770637512207,2.0283098220825195,1.2795671224594116,3.3078770637512207,19.40728187561035,1.8738601207733154,1.024040699005127,1.865822672843933,1.0480685234069824,0.23736880719661713,19.40728187561035,19.40728187561035,,
4490,1783432372.460973,9.982056114842852e-06,9.982056114842852e-06,,,3.3496804237365723,2.1035852432250977,1.246095061302185,3.3496804237365723,21.005924224853516,1.8139419555664062,1.0716052055358887,2.1211965084075928,1.3299566507339478,0.24929042160511017,21.005924224853516,21.005924224853516,,
4495,1783432374.7279167,9.982036150746593e-06,9.982036150746593e-06,,,3.333568572998047,2.048154592514038,1.2854138612747192,3.333568572998047,20.256135940551758,1.8238896131515503,1.0370529890060425,2.0899956226348877,1.2089223861694336,0.23994125425815582,20.256135940551758,20.256135940551758,,
4500,1783432376.990263,9.982016186690262e-06,9.982016186690262e-06,,,3.310157060623169,2.049769163131714,1.260387897491455,3.310157060623169,20.386323928833008,1.9175679683685303,1.0637892484664917,2.0535683631896973,1.2291760444641113,0.24087728559970856,20.386323928833008,20.386323928833008,,
4505,1783432379.2506564,9.981996222673858e-06,9.981996222673858e-06,,,3.2880258560180664,2.0376663208007812,1.2503596544265747,3.2880258560180664,20.733938217163086,1.79805326461792,1.0764530897140503,2.0964765548706055,1.2497395277023315,0.24815556406974792,20.733938217163086,20.733938217163086,,
4510,1783432381.5091348,9.981976258697384e-06,9.981976258697384e-06,,,3.281676769256592,2.038661241531372,1.2430155277252197,3.281676769256592,20.917245864868164,1.824217438697815,1.130439281463623,2.0843589305877686,1.241060495376587,0.25137221813201904,20.917245864868164,20.917245864868164,,
4515,1783432383.7725797,9.981956294760837e-06,9.981956294760837e-06,,,3.2916741371154785,2.029210329055786,1.262463927268982,3.2916741371154785,19.69264030456543,1.7813161611557007,1.0495452880859375,1.9373040199279785,1.1130069494247437,0.23913677036762238,19.69264030456543,19.69264030456543,,
4520,1783432386.0317593,9.981936330864217e-06,9.981936330864217e-06,,,3.3406214714050293,2.096143960952759,1.24447762966156,3.3406214714050293,21.018091201782227,1.8374335765838623,1.1022270917892456,2.034308910369873,1.242895245552063,0.25608938932418823,21.018091201782227,21.018091201782227,,
4525,1783432388.2960846,9.981916367007527e-06,9.981916367007527e-06,,,3.274688720703125,2.05491304397583,1.2197757959365845,3.274688720703125,20.558338165283203,1.8792675733566284,1.0980937480926514,1.9778821468353271,1.2249138355255127,0.2483418732881546,20.558338165283203,20.558338165283203,,
4530,1783432390.5598674,9.981896403190764e-06,9.981896403190764e-06,,,3.294221878051758,2.045610189437866,1.2486116886138916,3.294221878051758,20.822031021118164,1.8289010524749756,1.097308874130249,2.1403748989105225,1.2988322973251343,0.24483126401901245,20.822031021118164,20.822031021118164,,
4535,1783432392.823965,9.981876439413926e-06,9.981876439413926e-06,,,3.377627372741699,2.120382785797119,1.25724458694458,3.377627372741699,20.076011657714844,1.7162344455718994,1.0012152194976807,1.9648816585540771,1.1998990774154663,0.24508893489837646,20.076011657714844,20.076011657714844,,
4540,1783432395.087318,9.981856475677018e-06,9.981856475677018e-06,,,3.236274003982544,1.985427737236023,1.250846266746521,3.236274003982544,20.568470001220703,1.9419677257537842,1.0637693405151367,2.1798269748687744,1.1800084114074707,0.24095694720745087,20.568470001220703,20.568470001220703,,
4545,1783432397.3560188,9.981836511980037e-06,9.981836511980037e-06,,,3.2365500926971436,2.000718593597412,1.2358314990997314,3.2365500926971436,20.539819717407227,1.867409586906433,1.0898927450180054,2.029217004776001,1.1974265575408936,0.24731622636318207,20.539819717407227,20.539819717407227,,
4550,1783432399.6204085,9.981816548322984e-06,9.981816548322984e-06,,,3.3746962547302246,2.126772165298462,1.2479240894317627,3.3746962547302246,20.2022647857666,1.833777904510498,1.0653942823410034,1.9118332862854004,1.1921706199645996,0.24655744433403015,20.2022647857666,20.2022647857666,,
4555,1783432401.8858604,9.981796584705858e-06,9.981796584705858e-06,,,3.2595176696777344,2.024557113647461,1.2349605560302734,3.2595176696777344,20.721616744995117,1.7765682935714722,1.1093933582305908,2.082441806793213,1.252031683921814,0.2481490671634674,20.721616744995117,20.721616744995117,,
4560,1783432404.141129,9.981776621128658e-06,9.981776621128658e-06,,,3.3638415336608887,2.099045753479004,1.2647958993911743,3.3638415336608887,19.76929473876953,1.827752709388733,1.0623939037322998,1.8389816284179688,1.101415753364563,0.24440786242485046,19.76929473876953,19.76929473876953,,
4565,1783432406.3977342,9.981756657591385e-06,9.981756657591385e-06,,,3.275939464569092,1.9922912120819092,1.283648133277893,3.275939464569092,19.293987274169922,1.8757094144821167,1.0259240865707397,1.9265718460083008,1.0535938739776611,0.23182269930839539,19.293987274169922,19.293987274169922,,
4570,1783432408.6550622,9.98173669409404e-06,9.98173669409404e-06,,,3.278196096420288,2.0073728561401367,1.2708232402801514,3.278196096420288,19.80829620361328,1.8831573724746704,1.0616499185562134,1.9579660892486572,1.097724437713623,0.23893575370311737,19.80829620361328,19.80829620361328,,
4575,1783432410.9131494,9.981716730636622e-06,9.981716730636622e-06,,,3.257643222808838,2.0034749507904053,1.2541683912277222,3.257643222808838,20.525718688964844,1.815356969833374,1.0792165994644165,2.08375883102417,1.193047285079956,0.24616742134094238,20.525718688964844,20.525718688964844,,
4580,1783432413.1711905,9.98169676721913e-06,9.98169676721913e-06,,,3.3975632190704346,2.1255900859832764,1.2719731330871582,3.3975632190704346,20.53885841369629,1.813273549079895,1.0464236736297607,2.0528171062469482,1.2507052421569824,0.2460470199584961,20.53885841369629,20.53885841369629,,
4585,1783432415.4299126,9.981676803841566e-06,9.981676803841566e-06,,,3.2917697429656982,2.0560760498046875,1.2356936931610107,3.2917697429656982,20.953453063964844,1.930153250694275,1.0902131795883179,2.1410040855407715,1.2967379093170166,0.24572451412677765,20.953453063964844,20.953453063964844,,
4590,1783432417.6948686,9.981656840503928e-06,9.981656840503928e-06,,,3.299128770828247,2.0466806888580322,1.2524480819702148,3.299128770828247,20.49557876586914,1.7937142848968506,1.0974023342132568,2.002324342727661,1.1900901794433594,0.24932515621185303,20.49557876586914,20.49557876586914,,
4595,1783432419.9606347,9.981636877206219e-06,9.981636877206219e-06,,,3.3032307624816895,2.033143997192383,1.270086646080017,3.3032307624816895,20.07515525817871,1.8927924633026123,1.0201797485351562,2.0072014331817627,1.1704273223876953,0.24015392363071442,20.07515525817871,20.07515525817871,,
4600,1783432422.2236884,9.981616913948433e-06,9.981616913948433e-06,,,3.282780647277832,2.0296781063079834,1.253102421760559,3.282780647277832,20.198312759399414,1.8255831003189087,1.0428657531738281,2.036836862564087,1.1867491006851196,0.24183757603168488,20.198312759399414,20.198312759399414,,
4605,1783432424.4822261,9.981596950730575e-06,9.981596950730575e-06,,,3.337061882019043,2.0506722927093506,1.2863894701004028,3.337061882019043,19.750404357910156,1.8494702577590942,1.0287199020385742,2.0037126541137695,1.132811188697815,0.23553702235221863,19.750404357910156,19.750404357910156,,
4610,1783432426.75022,9.981576987552644e-06,9.981576987552644e-06,,,3.313124179840088,2.048488140106201,1.2646359205245972,3.313124179840088,19.494556427001953,1.8403222560882568,1.0843610763549805,1.8741743564605713,1.072982907295227,0.23723462224006653,19.494556427001953,19.494556427001953,,
4615,1783432429.015924,9.981557024414639e-06,9.981557024414639e-06,,,3.397974967956543,2.1179423332214355,1.280032753944397,3.397974967956543,19.82616424560547,1.812682867050171,1.0325729846954346,1.9226090908050537,1.1428371667861938,0.24111145734786987,19.82616424560547,19.82616424560547,,
4620,1783432431.2998555,9.98153706131656e-06,9.98153706131656e-06,,,3.307223320007324,2.0687291622161865,1.2384941577911377,3.307223320007324,20.330547332763672,1.8067431449890137,1.1066633462905884,1.927064061164856,1.1767239570617676,0.2491014450788498,20.330547332763672,20.330547332763672,,
4625,1783432433.5677104,9.981517098258408e-06,9.981517098258408e-06,,,3.3897511959075928,2.1189239025115967,1.270827293395996,3.3897511959075928,19.78709602355957,1.850601077079773,1.0680330991744995,1.9139659404754639,1.135935664176941,0.23930352926254272,19.78709602355957,19.78709602355957,,
4630,1783432435.837312,9.98149713524018e-06,9.98149713524018e-06,,,3.276496410369873,2.0089521408081055,1.267544150352478,3.276496410369873,20.085268020629883,1.920534610748291,1.0630244016647339,1.9949452877044678,1.1375651359558105,0.24081531167030334,20.085268020629883,20.085268020629883,,
4635,1783432438.1036227,9.98147717226188e-06,9.98147717226188e-06,,,3.3116636276245117,2.0487911701202393,1.2628724575042725,3.3116636276245117,19.02239990234375,1.8007073402404785,1.0696427822113037,1.7668522596359253,1.0203361511230469,0.23505939543247223,19.02239990234375,19.02239990234375,,
4640,1783432440.3705633,9.981457209323505e-06,9.981457209323505e-06,,,3.2424192428588867,1.9938085079193115,1.2486107349395752,3.2424192428588867,20.167776107788086,1.8671901226043701,1.0496139526367188,2.034581422805786,1.1624547243118286,0.24126441776752472,20.167776107788086,20.167776107788086,,
4645,1783432442.6397233,9.981437246425056e-06,9.981437246425056e-06,,,3.25290846824646,2.020564556121826,1.2323439121246338,3.25290846824646,21.31978416442871,1.8499109745025635,1.086564064025879,2.1843111515045166,1.295475721359253,0.253860741853714,21.31978416442871,21.31978416442871,,
4650,1783432444.9155426,9.981417283566533e-06,9.981417283566533e-06,,,3.342620372772217,2.083998203277588,1.2586220502853394,3.342620372772217,19.802444458007812,1.828348994255066,1.0882377624511719,1.9610575437545776,1.1643288135528564,0.23633524775505066,19.802444458007812,19.802444458007812,,
4655,1783432447.1822908,9.981397320747935e-06,9.981397320747935e-06,,,3.2609474658966064,2.0188939571380615,1.242053508758545,3.2609474658966064,20.57537841796875,1.8302643299102783,1.0937483310699463,2.0278282165527344,1.1688587665557861,0.2501775920391083,20.57537841796875,20.57537841796875,,
4660,1783432449.447716,9.981377357969264e-06,9.981377357969264e-06,,,3.267947196960449,2.013829231262207,1.2541179656982422,3.267947196960449,20.44550132751465,1.8512465953826904,1.1318068504333496,2.061384677886963,1.214403510093689,0.24246379733085632,20.44550132751465,20.44550132751465,,
4665,1783432451.717432,9.981357395230518e-06,9.981357395230518e-06,,,3.251542091369629,2.0080511569976807,1.2434910535812378,3.251542091369629,19.612045288085938,1.8380546569824219,1.12090003490448,1.923526406288147,1.1166406869888306,0.23495014011859894,19.612045288085938,19.612045288085938,,
4670,1783432453.9827855,9.981337432531698e-06,9.981337432531698e-06,,,3.323352813720703,2.0671651363372803,1.2561876773834229,3.323352813720703,20.693708419799805,1.7644174098968506,1.0750093460083008,2.1634702682495117,1.2730156183242798,0.24402914941310883,20.693708419799805,20.693708419799805,,
4675,1783432456.2427258,9.981317469872802e-06,9.981317469872802e-06,,,3.2726571559906006,2.050936460494995,1.2217206954956055,3.2726571559906006,20.987144470214844,1.9318950176239014,1.0851151943206787,2.05678129196167,1.1976404190063477,0.2546953856945038,20.987144470214844,20.987144470214844,,
4680,1783432458.4118323,9.981297507253831e-06,9.981297507253831e-06,,,3.279536247253418,2.039713144302368,1.2398232221603394,3.279536247253418,19.849079132080078,1.860625982284546,1.0795583724975586,1.94252347946167,1.1427600383758545,0.2386295348405838,19.849079132080078,19.849079132080078,,
4680,1783432464.218386,,,,,,,,,,,,,,,,,0.23116444274783135,0.23116444274783135
4680,1783432465.7325795,,,1508.078834999651,688.2660264968872,,,,,,,,,,,,,,
4680,1783432467.197059,,,1457.2464699999728,688.2660264968872,,,,,,,,,,,,,,
4685,1783432469.5561676,9.981277544674787e-06,9.981277544674787e-06,,,3.3187379837036133,2.0385825634002686,1.2801555395126343,3.3187379837036133,19.717403411865234,1.8433849811553955,1.0532411336898804,2.0129342079162598,1.1810554265975952,0.23183996975421906,19.717403411865234,19.717403411865234,,
4690,1783432471.8239243,9.981257582135666e-06,9.981257582135666e-06,,,3.377030372619629,2.083019971847534,1.2940105199813843,3.377030372619629,19.584001541137695,1.7737386226654053,1.0642600059509277,2.0098233222961426,1.1345655918121338,0.23238277435302734,19.584001541137695,19.584001541137695,,
4695,1783432474.132646,9.981237619636471e-06,9.981237619636471e-06,,,3.2712836265563965,2.0384163856506348,1.2328672409057617,3.2712836265563965,20.797508239746094,1.8563926219940186,1.1221753358840942,2.0305142402648926,1.25303316116333,0.2500409781932831,20.797508239746094,20.797508239746094,,
4700,1783432476.3940787,9.9812176571772e-06,9.9812176571772e-06,,,3.175474166870117,1.9312876462936401,1.244186520576477,3.175474166870117,20.36448097229004,1.8967969417572021,1.070535659790039,2.0428333282470703,1.122636079788208,0.24591577053070068,20.36448097229004,20.36448097229004,,
4705,1783432478.6639915,9.981197694757857e-06,9.981197694757857e-06,,,3.3409042358398438,2.0917234420776367,1.2491806745529175,3.3409042358398438,19.698911666870117,1.853932499885559,1.0752193927764893,1.8643187284469604,1.111802339553833,0.24038927257061005,19.698911666870117,19.698911666870117,,
4710,1783432480.9250867,9.981177732378436e-06,9.981177732378436e-06,,,3.3128719329833984,2.039163827896118,1.2737082242965698,3.3128719329833984,20.246349334716797,1.8406026363372803,1.0814188718795776,1.9851510524749756,1.208327054977417,0.24305269122123718,20.246349334716797,20.246349334716797,,
4715,1783432483.194786,9.98115777003894e-06,9.98115777003894e-06,,,3.2442944049835205,2.001896858215332,1.2423975467681885,3.2442944049835205,20.48447036743164,1.827717661857605,1.0594769716262817,2.0863895416259766,1.237525224685669,0.243321031332016,20.48447036743164,20.48447036743164,,
4720,1783432485.4654744,9.98113780773937e-06,9.98113780773937e-06,,,3.3088502883911133,2.0348715782165527,1.27397882938385,3.3088502883911133,19.970138549804688,1.7913038730621338,1.0428708791732788,2.088550329208374,1.1905920505523682,0.23505949974060059,19.970138549804688,19.970138549804688,,
4725,1783432487.7329707,9.981117845479722e-06,9.981117845479722e-06,,,3.320234775543213,2.044874668121338,1.275360107421875,3.320234775543213,19.806821823120117,1.8307255506515503,1.073493242263794,1.9864050149917603,1.112501621246338,0.2378842532634735,19.806821823120117,19.806821823120117,,
4730,1783432490.0105772,9.981097883260001e-06,9.981097883260001e-06,,,3.365292549133301,2.0967397689819336,1.2685527801513672,3.365292549133301,20.460329055786133,1.8406366109848022,1.0789223909378052,1.9795806407928467,1.1592183113098145,0.25029268860816956,20.460329055786133,20.460329055786133,,
4735,1783432492.2994,9.981077921080204e-06,9.981077921080204e-06,,,3.312534809112549,2.0480875968933105,1.2644470930099487,3.312534809112549,20.269807815551758,1.8325870037078857,1.0629953145980835,2.028909921646118,1.2222946882247925,0.24159592390060425,20.269807815551758,20.269807815551758,,
4740,1783432494.5779815,9.98105795894033e-06,9.98105795894033e-06,,,3.3941545486450195,2.097135543823242,1.2970188856124878,3.3941545486450195,19.306285858154297,1.7328295707702637,1.0169388055801392,1.8585585355758667,1.0353577136993408,0.23930411040782928,19.306285858154297,19.306285858154297,,
4745,1783432496.8889773,9.981037996840381e-06,9.981037996840381e-06,,,3.3203206062316895,2.072218656539917,1.248102068901062,3.3203206062316895,20.236312866210938,1.8326467275619507,1.1036052703857422,2.0201680660247803,1.2074651718139648,0.2409954071044922,20.236312866210938,20.236312866210938,,
4750,1783432499.1558902,9.981018034780358e-06,9.981018034780358e-06,,,3.3545422554016113,2.0959208011627197,1.2586214542388916,3.3545422554016113,20.408504486083984,1.7585701942443848,1.089131236076355,2.0578866004943848,1.2424652576446533,0.24355776607990265,20.408504486083984,20.408504486083984,,
4755,1783432501.4227395,9.980998072760257e-06,9.980998072760257e-06,,,3.264549970626831,2.0216917991638184,1.2428581714630127,3.264549970626831,20.336868286132812,1.8279961347579956,1.041616678237915,2.022714614868164,1.1756993532180786,0.2460094839334488,20.336868286132812,20.336868286132812,,
4760,1783432503.6894267,9.98097811078008e-06,9.98097811078008e-06,,,3.265207290649414,1.9993761777877808,1.2658309936523438,3.265207290649414,20.953643798828125,1.8799521923065186,1.0827258825302124,2.202049732208252,1.2863404750823975,0.2447596937417984,20.953643798828125,20.953643798828125,,
4765,1783432505.9610474,9.980958148839826e-06,9.980958148839826e-06,,,3.273533344268799,2.039543867111206,1.2339894771575928,3.273533344268799,20.45479393005371,1.9538918733596802,1.1147921085357666,1.988996982574463,1.1641862392425537,0.2462165206670761,20.45479393005371,20.45479393005371,,
4770,1783432508.2344623,9.980938186939497e-06,9.980938186939497e-06,,,3.187105655670166,1.9309489727020264,1.2561568021774292,3.187105655670166,20.39824104309082,1.9315634965896606,1.1013973951339722,2.0777506828308105,1.091288685798645,0.24504895508289337,20.39824104309082,20.39824104309082,,
4775,1783432510.5116284,9.980918225079094e-06,9.980918225079094e-06,,,3.241828441619873,2.001354694366455,1.240473747253418,3.241828441619873,21.125991821289062,1.8259530067443848,1.0843286514282227,2.2183961868286133,1.3255174160003662,0.24728626012802124,21.125991821289062,21.125991821289062,,
4780,1783432512.7875338,9.980898263258613e-06,9.980898263258613e-06,,,3.3130712509155273,2.0306174755096436,1.2824537754058838,3.3130712509155273,19.55978012084961,1.8765654563903809,1.0510975122451782,1.907469630241394,1.053043007850647,0.2380242794752121,19.55978012084961,19.55978012084961,,
4785,1783432515.0588572,9.980878301478056e-06,9.980878301478056e-06,,,3.331752300262451,2.0617473125457764,1.2700049877166748,3.331752300262451,19.71808433532715,1.871488094329834,1.0529828071594238,1.9781363010406494,1.1680535078048706,0.23336076736450195,19.71808433532715,19.71808433532715,,
4790,1783432517.3272827,9.980858339737424e-06,9.980858339737424e-06,,,3.252807378768921,2.0209739208221436,1.2318334579467773,3.252807378768921,20.52469825744629,1.8215246200561523,1.0663763284683228,2.0517168045043945,1.244060754776001,0.24544981122016907,20.52469825744629,20.52469825744629,,
4795,1783432519.5922635,9.980838378036713e-06,9.980838378036713e-06,,,3.245148181915283,1.971104621887207,1.2740435600280762,3.245148181915283,19.80687141418457,1.8951139450073242,1.036810278892517,2.0888755321502686,1.0840795040130615,0.23397861421108246,19.80687141418457,19.80687141418457,,
4800,1783432521.861094,9.980818416375927e-06,9.980818416375927e-06,,,3.242555856704712,1.9829896688461304,1.2595661878585815,3.242555856704712,20.789527893066406,1.9285082817077637,1.087324857711792,2.075176954269409,1.1806340217590332,0.25026828050613403,20.789527893066406,20.789527893066406,,
4805,1783432524.1320705,9.980798454755065e-06,9.980798454755065e-06,,,3.2579541206359863,2.0143628120422363,1.24359130859375,3.2579541206359863,20.57461929321289,1.847078800201416,1.1067156791687012,2.0591626167297363,1.1850337982177734,0.2473873794078827,20.57461929321289,20.57461929321289,,
4810,1783432526.4022903,9.980778493174125e-06,9.980778493174125e-06,,,3.300605535507202,2.0684666633605957,1.2321388721466064,3.300605535507202,20.131702423095703,1.8302206993103027,1.1131349802017212,1.9355473518371582,1.1741065979003906,0.24375644326210022,20.131702423095703,20.131702423095703,,
4815,1783432528.6657028,9.980758531633105e-06,9.980758531633105e-06,,,3.3531556129455566,2.1014318466186523,1.2517237663269043,3.3531556129455566,20.389110565185547,1.8235549926757812,1.0645010471343994,2.0069308280944824,1.207878828048706,0.24603191018104553,20.389110565185547,20.389110565185547,,
4820,1783432530.9326284,9.98073857013201e-06,9.98073857013201e-06,,,3.2591745853424072,2.0342841148376465,1.2248904705047607,3.2591745853424072,21.30418586730957,1.9052485227584839,1.1215096712112427,2.0947248935699463,1.254143476486206,0.25732648372650146,21.30418586730957,21.30418586730957,,
4825,1783432533.193175,9.980718608670839e-06,9.980718608670839e-06,,,3.319870948791504,2.08111834526062,1.2387526035308838,3.319870948791504,20.20447540283203,1.8597469329833984,1.0621587038040161,1.9187952280044556,1.1969990730285645,0.2455773502588272,20.20447540283203,20.20447540283203,,
4830,1783432535.4631937,9.98069864724959e-06,9.98069864724959e-06,,,3.243037462234497,2.019063949584961,1.2239735126495361,3.243037462234497,21.347135543823242,1.805452585220337,1.0825295448303223,2.1879100799560547,1.2823190689086914,0.2559710144996643,21.347135543823242,21.347135543823242,,
4835,1783432537.7278666,9.980678685868265e-06,9.980678685868265e-06,,,3.330646514892578,2.091763973236084,1.2388826608657837,3.330646514892578,20.310649871826172,1.8188469409942627,1.0962525606155396,2.013307571411133,1.199031949043274,0.24379710853099823,20.310649871826172,20.310649871826172,,
4840,1783432539.993149,9.980658724526861e-06,9.980658724526861e-06,,,3.276073694229126,2.0297353267669678,1.2463383674621582,3.276073694229126,20.466764450073242,1.8642568588256836,1.1570124626159668,1.9210455417633057,1.1791479587554932,0.24989129602909088,20.466764450073242,20.466764450073242,,
4845,1783432542.2610104,9.980638763225381e-06,9.980638763225381e-06,,,3.327963352203369,2.054022789001465,1.2739404439926147,3.327963352203369,20.400890350341797,1.9082876443862915,1.0742449760437012,2.0324172973632812,1.14334237575531,0.24592971801757812,20.400890350341797,20.400890350341797,,
4850,1783432544.5298934,9.980618801963823e-06,9.980618801963823e-06,,,3.3131275177001953,2.0434725284576416,1.2696548700332642,3.3131275177001953,20.178062438964844,1.8565503358840942,1.084707498550415,1.9674838781356812,1.1536723375320435,0.2443220466375351,20.178062438964844,20.178062438964844,,
4855,1783432546.7986584,9.980598840742186e-06,9.980598840742186e-06,,,3.2802329063415527,2.026153802871704,1.2540792226791382,3.2802329063415527,20.199878692626953,1.8189252614974976,1.0989826917648315,1.9626060724258423,1.1595113277435303,0.24528305232524872,20.199878692626953,20.199878692626953,,
4860,1783432549.0679727,9.980578879560473e-06,9.980578879560473e-06,,,3.291865825653076,2.0268988609313965,1.2649668455123901,3.291865825653076,19.661792755126953,1.8862186670303345,1.0281214714050293,1.9476954936981201,1.1008944511413574,0.23667274415493011,19.661792755126953,19.661792755126953,,
4865,1783432551.3339636,9.980558918418683e-06,9.980558918418683e-06,,,3.285102367401123,2.034745216369629,1.2503571510314941,3.285102367401123,19.848369598388672,1.8299928903579712,1.0409597158432007,1.9828718900680542,1.1980706453323364,0.23590068519115448,19.848369598388672,19.848369598388672,,
4870,1783432553.6014524,9.980538957316814e-06,9.980538957316814e-06,,,3.352755546569824,2.095642328262329,1.2571133375167847,3.352755546569824,19.443571090698242,1.760568380355835,1.0728189945220947,1.8501367568969727,1.1378114223480225,0.2363175004720688,19.443571090698242,19.443571090698242,,
4875,1783432555.8718636,9.980518996254868e-06,9.980518996254868e-06,,,3.2497615814208984,2.027017593383789,1.222744107246399,3.2497615814208984,20.619653701782227,1.9004122018814087,1.0659706592559814,2.037440538406372,1.1814111471176147,0.24923481047153473,20.619653701782227,20.619653701782227,,
4880,1783432558.1383839,9.980499035232843e-06,9.980499035232843e-06,,,3.284069061279297,2.0346877574920654,1.2493813037872314,3.284069061279297,20.422449111938477,1.9122319221496582,1.118307113647461,2.0847716331481934,1.1352252960205078,0.24337591230869293,20.422449111938477,20.422449111938477,,
4885,1783432560.4012744,9.980479074250742e-06,9.980479074250742e-06,,,3.3125429153442383,2.0540738105773926,1.2584692239761353,3.3125429153442383,20.36406707763672,1.9088022708892822,1.0848722457885742,2.038128137588501,1.2197954654693604,0.24121211469173431,20.36406707763672,20.36406707763672,,
4890,1783432562.6672509,9.980459113308561e-06,9.980459113308561e-06,,,3.3650646209716797,2.0766801834106445,1.2883844375610352,3.3650646209716797,19.778247833251953,1.8239469528198242,1.0593833923339844,1.897188663482666,1.1096035242080688,0.24180735647678375,19.778247833251953,19.778247833251953,,
4895,1783432564.935529,9.980439152406303e-06,9.980439152406303e-06,,,3.3763668537139893,2.1213862895965576,1.2549805641174316,3.3763668537139893,20.199846267700195,1.8128838539123535,1.112067699432373,1.9704499244689941,1.2087894678115845,0.24258702993392944,20.199846267700195,20.199846267700195,,
4900,1783432567.200428,9.980419191543967e-06,9.980419191543967e-06,,,3.2700061798095703,2.0203888416290283,1.2496172189712524,3.2700061798095703,20.628578186035156,1.882763147354126,1.0927190780639648,2.0495262145996094,1.169266939163208,0.24923351407051086,20.628578186035156,20.628578186035156,,
4905,1783432569.4668727,9.980399230721552e-06,9.980399230721552e-06,,,3.405219078063965,2.1433169841766357,1.261902093887329,3.405219078063965,20.08312225341797,1.795084834098816,1.0644841194152832,1.9788763523101807,1.2510737180709839,0.23919227719306946,20.08312225341797,20.08312225341797,,
4910,1783432571.7348387,9.980379269939059e-06,9.980379269939059e-06,,,3.3203811645507812,2.059413433074951,1.2609678506851196,3.3203811645507812,19.963518142700195,1.7647340297698975,1.0532914400100708,2.040590763092041,1.1784173250198364,0.23794394731521606,19.963518142700195,19.963518142700195,,
4915,1783432574.004636,9.980359309196487e-06,9.980359309196487e-06,,,3.242856740951538,1.9906072616577148,1.2522494792938232,3.242856740951538,20.081132888793945,1.950669527053833,1.0694289207458496,2.045229911804199,1.1276702880859375,0.23811635375022888,20.081132888793945,20.081132888793945,,
4920,1783432576.2750707,9.980339348493835e-06,9.980339348493835e-06,,,3.2265782356262207,1.9769574403762817,1.249620795249939,3.2265782356262207,20.549741744995117,1.9234980344772339,1.10662841796875,2.0241541862487793,1.1506822109222412,0.24822093546390533,20.549741744995117,20.549741744995117,,
4925,1783432578.5447195,9.980319387831106e-06,9.980319387831106e-06,,,3.248504877090454,2.0119574069976807,1.2365474700927734,3.248504877090454,20.27655029296875,1.873070240020752,1.0943493843078613,2.020681381225586,1.1557202339172363,0.24347394704818726,20.27655029296875,20.27655029296875,,
4930,1783432580.8134549,9.9802994272083e-06,9.9802994272083e-06,,,3.3399808406829834,2.1009180545806885,1.239062786102295,3.3399808406829834,20.327871322631836,1.8763389587402344,1.1292660236358643,1.9605131149291992,1.1690983772277832,0.24584536254405975,20.327871322631836,20.327871322631836,,
4935,1783432583.0864365,9.980279466625413e-06,9.980279466625413e-06,,,3.2792553901672363,2.0185060501098633,1.2607492208480835,3.2792553901672363,20.01311492919922,1.8942557573318481,1.0460124015808105,2.00168514251709,1.127281904220581,0.24033141136169434,20.01311492919922,20.01311492919922,,
4940,1783432585.354137,9.980259506082448e-06,9.980259506082448e-06,,,3.3458170890808105,2.0851757526397705,1.26064133644104,3.3458170890808105,20.481460571289062,1.790191650390625,1.08504056930542,2.0244545936584473,1.1727533340454102,0.24915137887001038,20.481460571289062,20.481460571289062,,
4945,1783432587.6166325,9.980239545579403e-06,9.980239545579403e-06,,,3.2232301235198975,1.986698865890503,1.2365312576293945,3.2232301235198975,20.83654022216797,1.9431593418121338,1.101536512374878,2.0611088275909424,1.1750649213790894,0.25154438614845276,20.83654022216797,20.83654022216797,,
4950,1783432589.8848183,9.980219585116279e-06,9.980219585116279e-06,,,3.3213982582092285,2.066978931427002,1.2544194459915161,3.3213982582092285,20.36540412902832,1.835357666015625,1.0726183652877808,1.9373393058776855,1.1826238632202148,0.24927780032157898,20.36540412902832,20.36540412902832,,
4955,1783432592.1531487,9.980199624693077e-06,9.980199624693077e-06,,,3.2515692710876465,1.9986436367034912,1.2529256343841553,3.2515692710876465,20.318096160888672,1.89885413646698,1.1190247535705566,2.0160210132598877,1.1631815433502197,0.24315139651298523,20.318096160888672,20.318096160888672,,
4960,1783432594.4203894,9.980179664309796e-06,9.980179664309796e-06,,,3.3816373348236084,2.0918164253234863,1.289820909500122,3.3816373348236084,19.866281509399414,1.7479115724563599,1.0904297828674316,1.9347060918807983,1.103446364402771,0.2433696687221527,19.866281509399414,19.866281509399414,,
4965,1783432596.6899197,9.980159703966436e-06,9.980159703966436e-06,,,3.286829948425293,2.030094623565674,1.2567354440689087,3.286829948425293,20.2835693359375,1.9052687883377075,1.0684764385223389,2.0201666355133057,1.1287367343902588,0.2447114884853363,20.2835693359375,20.2835693359375,,
4970,1783432598.955908,9.980139743662996e-06,9.980139743662996e-06,,,3.2594215869903564,1.9974007606506348,1.2620208263397217,3.2594215869903564,20.114952087402344,1.7520217895507812,1.0380243062973022,2.0847983360290527,1.1731176376342773,0.24020160734653473,20.114952087402344,20.114952087402344,,
4975,1783432601.2236128,9.980119783399477e-06,9.980119783399477e-06,,,3.276730537414551,2.0462307929992676,1.2304997444152832,3.276730537414551,21.003536224365234,1.8418524265289307,1.1302286386489868,2.06215238571167,1.278092861175537,0.25224369764328003,21.003536224365234,21.003536224365234,,
4980,1783432603.4901032,9.980099823175878e-06,9.980099823175878e-06,,,3.302199363708496,2.040565013885498,1.261634349822998,3.302199363708496,20.054832458496094,1.8836705684661865,1.0682952404022217,2.032578229904175,1.1610441207885742,0.23812495172023773,20.054832458496094,20.054832458496094,,
4985,1783432605.7571566,9.980079862992199e-06,9.980079862992199e-06,,,3.388601303100586,2.1074538230895996,1.2811474800109863,3.388601303100586,19.681324005126953,1.7681059837341309,1.0804921388626099,2.004845142364502,1.1303749084472656,0.2347174435853958,19.681324005126953,19.681324005126953,,
4990,1783432608.0164664,9.98005990284844e-06,9.98005990284844e-06,,,3.380690097808838,2.111287832260132,1.269402265548706,3.380690097808838,19.64081382751465,1.7705453634262085,1.036543607711792,1.9205342531204224,1.1351771354675293,0.23827336728572845,19.64081382751465,19.64081382751465,,
4995,1783432610.2801545,9.980039942744602e-06,9.980039942744602e-06,,,3.4122202396392822,2.1499831676483154,1.2622370719909668,3.4122202396392822,20.30638885498047,1.7815637588500977,1.0926703214645386,2.0411622524261475,1.2509504556655884,0.2410651296377182,20.30638885498047,20.30638885498047,,
5000,1783432612.5418174,9.980019982680684e-06,9.980019982680684e-06,,,3.2676987648010254,2.029130220413208,1.2385685443878174,3.2676987648010254,20.57164764404297,1.9130065441131592,1.1109225749969482,2.075120449066162,1.2163506746292114,0.24366168677806854,20.57164764404297,20.57164764404297,,
5005,1783432614.8048933,9.980000022656686e-06,9.980000022656686e-06,,,3.3017852306365967,2.040587902069092,1.2611973285675049,3.3017852306365967,20.078834533691406,1.8069088459014893,1.0710355043411255,1.9839270114898682,1.123957872390747,0.24411380290985107,20.078834533691406,20.078834533691406,,
5010,1783432617.0728886,9.979980062672608e-06,9.979980062672608e-06,,,3.3046717643737793,2.03568696975708,1.2689849138259888,3.3046717643737793,19.705120086669922,1.8729842901229858,1.0412861108779907,2.0176751613616943,1.0940289497375488,0.2348320335149765,19.705120086669922,19.705120086669922,,
5015,1783432619.339001,9.97996010272845e-06,9.97996010272845e-06,,,3.331561326980591,2.056837797164917,1.2747235298156738,3.331561326980591,19.642475128173828,1.824371576309204,1.0605548620224,1.8467152118682861,1.1021397113800049,0.24132974445819855,19.642475128173828,19.642475128173828,,
5020,1783432621.6035128,9.979940142824212e-06,9.979940142824212e-06,,,3.31060791015625,2.0326974391937256,1.2779104709625244,3.31060791015625,20.32798194885254,1.8168628215789795,1.0550870895385742,2.098027467727661,1.206926703453064,0.24102498590946198,20.32798194885254,20.32798194885254,,
5025,1783432623.864275,9.979920182959895e-06,9.979920182959895e-06,,,3.3293561935424805,2.0911591053009033,1.2381970882415771,3.3293561935424805,20.14266014099121,1.8747973442077637,1.0800763368606567,2.0043280124664307,1.1926738023757935,0.23986180126667023,20.14266014099121,20.14266014099121,,
5030,1783432626.1283197,9.979900223135496e-06,9.979900223135496e-06,,,3.270540714263916,2.037167549133301,1.2333731651306152,3.270540714263916,20.607505798339844,1.885955572128296,1.103823184967041,1.9527781009674072,1.1895564794540405,0.25184574723243713,20.607505798339844,20.607505798339844,,
5035,1783432628.3976676,9.979880263351016e-06,9.979880263351016e-06,,,3.2826719284057617,2.0200130939483643,1.262658953666687,3.2826719284057617,20.156824111938477,1.8171131610870361,1.1108596324920654,1.9827303886413574,1.1957950592041016,0.2415955662727356,20.156824111938477,20.156824111938477,,
5040,1783432630.6645665,9.979860303606457e-06,9.979860303606457e-06,,,3.312163829803467,2.060448408126831,1.2517155408859253,3.312163829803467,19.906435012817383,1.8143630027770996,1.128311038017273,1.8826614618301392,1.162256121635437,0.2416427880525589,19.906435012817383,19.906435012817383,,
5045,1783432632.9318693,9.979840343901817e-06,9.979840343901817e-06,,,3.410801887512207,2.1686384677886963,1.2421634197235107,3.410801887512207,19.71978187561035,1.7537000179290771,1.0896812677383423,1.8693779706954956,1.1576004028320312,0.24049872159957886,19.71978187561035,19.71978187561035,,
5050,1783432635.2017295,9.979820384237096e-06,9.979820384237096e-06,,,3.225348472595215,2.022602081298828,1.2027463912963867,3.225348472595215,21.070234298706055,1.9295947551727295,1.1115174293518066,2.1128556728363037,1.2069247961044312,0.25310131907463074,21.070234298706055,21.070234298706055,,
5055,1783432637.4711626,9.979800424612296e-06,9.979800424612296e-06,,,3.355825901031494,2.089418649673462,1.2664071321487427,3.355825901031494,19.442720413208008,1.7156500816345215,1.0552828311920166,1.8834247589111328,1.1144964694976807,0.23724322021007538,19.442720413208008,19.442720413208008,,
5060,1783432639.734365,9.979780465027415e-06,9.979780465027415e-06,,,3.2918272018432617,2.023115396499634,1.2687119245529175,3.2918272018432617,19.98052215576172,1.9563970565795898,1.0932307243347168,2.0138044357299805,1.1675102710723877,0.23485034704208374,19.98052215576172,19.98052215576172,,
5065,1783432641.9944,9.97976050548245e-06,9.97976050548245e-06,,,3.2896900177001953,2.0222811698913574,1.267408847808838,3.2896900177001953,20.452707290649414,1.867557406425476,1.110895037651062,2.0648396015167236,1.1645539999008179,0.24478816986083984,20.452707290649414,20.452707290649414,,
5070,1783432644.1678498,9.979740545977407e-06,9.979740545977407e-06,,,3.3718068599700928,2.1156742572784424,1.2561326026916504,3.3718068599700928,20.42582130432129,1.8325064182281494,1.082727074623108,2.013688087463379,1.2148911952972412,0.24563175439834595,20.42582130432129,20.42582130432129,,
5070,1783432650.0013826,,,,,,,,,,,,,,,,,0.2305585612356663,0.2305585612356663
5070,1783432651.989138,,,1982.0290029997523,688.2660264968872,,,,,,,,,,,,,,
5070,1783432653.79283,,,1791.7416199998115,688.2660264968872,,,,,,,,,,,,,,
