step,time_unix,runtime/checkpoint_save_time_ms,runtime/checkpoint_size_mb,train_discriminator_loss,train_discriminator_loss_period,train_discriminator_loss_resolution,train_discriminator_loss_total,train_generator_loss,train_generator_loss_adversarial,train_generator_loss_amplitude,train_generator_loss_consistency,train_generator_loss_feature_matching,train_generator_loss_mel,train_generator_loss_phase,train_generator_loss_real_imaginary,train_generator_loss_total,train_loss,val_loss,val_loss_amplitude,val_loss_consistency,val_loss_mel,val_loss_phase,val_loss_real_imaginary,val_loss_total
0,1783430034.7176259,,,,,,,,,,,,,,,,,455.5432208251953,0.9566015648841858,0.15763416208326816,0.22527208507061006,3.6988857221603393,0.5639288100600243,455.5432208251953
5,1783430073.977305,,,4.01025390625,3.2177734375,0.79248046875,4.01025390625,,,,,,,,,,,,,,,,,
10,1783430074.6880453,,,,,,,504.9874572753906,25.625,0.8739566802978516,0.11146798729896545,35.63788604736328,0.21784035861492157,3.703125,0.4350583851337433,504.9874572753906,504.9874572753906,,,,,,,
15,1783430075.3140333,,,4.131103515625,3.4814453125,0.649658203125,4.131103515625,,,,,,,,,,,,,,,,,
20,1783430076.0237463,,,,,,,506.79248046875,27.203125,0.8292611837387085,0.11352358758449554,36.99533462524414,0.21045725047588348,3.703125,0.4599587321281433,506.79248046875,506.79248046875,,,,,,,
25,1783430076.6474843,,,3.854248046875,3.216796875,0.637451171875,3.854248046875,,,,,,,,,,,,,,,,,
30,1783430077.3547573,,,,,,,503.712158203125,25.90625,0.8000974655151367,0.1194872111082077,36.83305358886719,0.20750093460083008,3.703125,0.45008915662765503,503.712158203125,503.712158203125,,,,,,,
35,1783430077.9814134,,,4.34033203125,3.58984375,0.75048828125,4.34033203125,,,,,,,,,,,,,,,,,
40,1783430078.6916337,,,,,,,504.89447021484375,27.703125,0.7635223269462585,0.12490656971931458,38.313865661621094,0.2017015665769577,3.6875,0.4849244952201843,504.89447021484375,504.89447021484375,,,,,,,
45,1783430079.3161273,,,3.846435546875,3.10546875,0.740966796875,3.846435546875,,,,,,,,,,,,,,,,,
50,1783430080.0251865,,,,,,,505.501953125,27.3125,0.7497482895851135,0.146559476852417,37.11835479736328,0.1984214186668396,3.6875,0.5290727615356445,505.501953125,505.501953125,,,,,,,
55,1783430080.6538696,,,4.73876953125,3.9765625,0.76220703125,4.73876953125,,,,,,,,,,,,,,,,,
60,1783430081.3655834,,,,,,,506.54791259765625,27.890625,0.7580625414848328,0.12767446041107178,39.040283203125,0.20020470023155212,3.6875,0.5055465698242188,506.54791259765625,506.54791259765625,,,,,,,
65,1783430081.989924,,,4.1708984375,3.267578125,0.9033203125,4.1708984375,,,,,,,,,,,,,,,,,
70,1783430082.6994183,,,,,,,503.7742614746094,26.75,0.7369454503059387,0.14461204409599304,36.934024810791016,0.19793574512004852,3.6875,0.522512674331665,503.7742614746094,503.7742614746094,,,,,,,
75,1783430083.3327267,,,3.901611328125,3.083984375,0.817626953125,3.901611328125,,,,,,,,,,,,,,,,,
80,1783430084.0488183,,,,,,,501.7910461425781,25.71875,0.7416737675666809,0.14359411597251892,36.193763732910156,0.19532862305641174,3.6875,0.5167045593261719,501.7910461425781,501.7910461425781,,,,,,,
85,1783430084.6767132,,,4.066162109375,3.1015625,0.964599609375,4.066162109375,,,,,,,,,,,,,,,,,
90,1783430085.3887231,,,,,,,504.9108581542969,25.875,0.7784647345542908,0.14622139930725098,35.98343276977539,0.19958201050758362,3.6875,0.543563723564148,504.9108581542969,504.9108581542969,,,,,,,
95,1783430086.016889,,,4.31689453125,3.447265625,0.86962890625,4.31689453125,,,,,,,,,,,,,,,,,
100,1783430086.7315657,,,,,,,496.40728759765625,25.375,0.7427318692207336,0.12117749452590942,34.45799255371094,0.19252340495586395,3.6875,0.4674409031867981,496.40728759765625,496.40728759765625,,,,,,,
105,1783430087.360637,,,4.22607421875,3.349609375,0.87646484375,4.22607421875,,,,,,,,,,,,,,,,,
110,1783430088.0729535,,,,,,,502.6495056152344,25.265625,0.7441814541816711,0.15550604462623596,35.764373779296875,0.1947522759437561,3.6875,0.5415494441986084,502.6495056152344,502.6495056152344,,,,,,,
115,1783430088.705177,,,4.7109375,3.734375,0.9765625,4.7109375,,,,,,,,,,,,,,,,,
120,1783430089.4329562,,,,,,,502.71502685546875,25.4375,0.7505744695663452,0.14358215034008026,34.9720573425293,0.19318906962871552,3.703125,0.5194423198699951,502.71502685546875,502.71502685546875,,,,,,,
125,1783430090.0641477,,,4.2939453125,3.3115234375,0.982421875,4.2939453125,,,,,,,,,,,,,,,,,
130,1783430090.7756238,,,,,,,498.62353515625,25.234375,0.7896463871002197,0.12083784490823746,35.28712463378906,0.19989241659641266,3.65625,0.49189066886901855,498.62353515625,498.62353515625,,,,,,,
135,1783430091.4042635,,,4.34619140625,3.330078125,1.01611328125,4.34619140625,,,,,,,,,,,,,,,,,
140,1783430092.1200984,,,,,,,497.5003662109375,24.0625,0.7593766450881958,0.13111987709999084,32.805049896240234,0.19251161813735962,3.6875,0.5310550332069397,497.5003662109375,497.5003662109375,,,,,,,
145,1783430092.75222,,,4.664794921875,3.6796875,0.985107421875,4.664794921875,,,,,,,,,,,,,,,,,
150,1783430093.4643188,,,,,,,497.07989501953125,25.609375,0.7374393939971924,0.1258852630853653,34.41484832763672,0.19030317664146423,3.6875,0.48094287514686584,497.07989501953125,497.07989501953125,,,,,,,
155,1783430094.096273,,,4.26513671875,3.1083984375,1.15673828125,4.26513671875,,,,,,,,,,,,,,,,,
160,1783430094.811135,,,,,,,497.0921630859375,23.859375,0.7183986306190491,0.14982828497886658,33.43419647216797,0.19248709082603455,3.6875,0.5348095893859863,497.0921630859375,497.0921630859375,,,,,,,
165,1783430095.4407568,,,4.5283203125,3.46875,1.0595703125,4.5283203125,,,,,,,,,,,,,,,,,
170,1783430096.1572094,,,,,,,493.65814208984375,25.09375,0.7395403385162354,0.11137928068637848,32.78034210205078,0.19046343863010406,3.6875,0.46492892503738403,493.65814208984375,493.65814208984375,,,,,,,
175,1783430096.7841263,,,4.85595703125,3.681640625,1.17431640625,4.85595703125,,,,,,,,,,,,,,,,,
180,1783430097.4958777,,,,,,,497.5249938964844,23.78125,0.758351743221283,0.14299169182777405,33.241737365722656,0.19640789926052094,3.6875,0.513404369354248,497.5249938964844,497.5249938964844,,,,,,,
185,1783430098.1238308,,,5.13232421875,3.822265625,1.31005859375,5.13232421875,,,,,,,,,,,,,,,,,
190,1783430098.8374867,,,,,,,490.2232360839844,23.21875,0.7157182097434998,0.11626290529966354,32.46247100830078,0.18916325271129608,3.6875,0.45756664872169495,490.2232360839844,490.2232360839844,,,,,,,
195,1783430099.467199,,,5.26513671875,3.9765625,1.28857421875,5.26513671875,,,,,,,,,,,,,,,,,
200,1783430100.1823614,,,,,,,496.0408630371094,24.140625,0.7597706913948059,0.12925666570663452,32.948265075683594,0.19440346956253052,3.6875,0.4932788908481598,496.0408630371094,496.0408630371094,,,,,,,
205,1783430100.8142514,,,5.517578125,4.298828125,1.21875,5.517578125,,,,,,,,,,,,,,,,,
210,1783430101.529569,,,,,,,490.5512390136719,24.140625,0.7301219701766968,0.11818757653236389,30.80034065246582,0.18821868300437927,3.6875,0.46592146158218384,490.5512390136719,490.5512390136719,,,,,,,
215,1783430102.1586123,,,4.8134765625,3.53125,1.2822265625,4.8134765625,,,,,,,,,,,,,,,,,
220,1783430102.8720922,,,,,,,493.3157653808594,24.03125,0.7415139675140381,0.1263771951198578,33.555904388427734,0.1912732720375061,3.65625,0.4903595447540283,493.3157653808594,493.3157653808594,,,,,,,
225,1783430103.5018191,,,5.740234375,4.36328125,1.376953125,5.740234375,,,,,,,,,,,,,,,,,
230,1783430104.2146375,,,,,,,494.6527099609375,23.234375,0.7434681057929993,0.1312674582004547,32.14707565307617,0.191489115357399,3.6875,0.5175813436508179,494.6527099609375,494.6527099609375,,,,,,,
235,1783430104.8461258,,,4.9609375,3.59765625,1.36328125,4.9609375,,,,,,,,,,,,,,,,,
240,1783430105.5586796,,,,,,,490.77606201171875,24.53125,0.7477772235870361,0.11434338986873627,32.691532135009766,0.19307971000671387,3.65625,0.4459841251373291,490.77606201171875,490.77606201171875,,,,,,,
245,1783430106.187053,,,4.81982421875,3.626953125,1.19287109375,4.81982421875,,,,,,,,,,,,,,,,,
250,1783430106.900967,,,,,,,497.1096496582031,24.09375,0.7713934183120728,0.14659187197685242,33.518226623535156,0.19658683240413666,3.65625,0.5187095999717712,497.1096496582031,497.1096496582031,,,,,,,
255,1783430107.5321877,,,5.16796875,3.853515625,1.314453125,5.16796875,,,,,,,,,,,,,,,,,
260,1783430108.2421405,,,,,,,493.37432861328125,22.984375,0.753183126449585,0.13449785113334656,31.95297622680664,0.1909288913011551,3.6875,0.4866564869880676,493.37432861328125,493.37432861328125,,,,,,,
265,1783430108.8714628,,,5.470703125,4.060546875,1.41015625,5.470703125,,,,,,,,,,,,,,,,,
270,1783430109.5877323,,,,,,,496.702392578125,24.6875,0.7579332590103149,0.13204415142536163,34.58049011230469,0.19309641420841217,3.65625,0.504357099533081,496.702392578125,496.702392578125,,,,,,,
275,1783430110.2161703,,,5.13720703125,3.76171875,1.37548828125,5.13720703125,,,,,,,,,,,,,,,,,
280,1783430110.9273658,,,,,,,493.00048828125,23.953125,0.7724109292030334,0.13080081343650818,32.14925765991211,0.19345274567604065,3.65625,0.47884878516197205,493.00048828125,493.00048828125,,,,,,,
285,1783430111.554336,,,5.28466796875,4.03515625,1.24951171875,5.28466796875,,,,,,,,,,,,,,,,,
290,1783430112.2670934,,,,,,,493.5414123535156,24.96875,0.7269022464752197,0.12024958431720734,33.89175796508789,0.1930900514125824,3.65625,0.4860008656978607,493.5414123535156,493.5414123535156,,,,,,,
295,1783430112.8952286,,,4.66455078125,3.376953125,1.28759765625,4.66455078125,,,,,,,,,,,,,,,,,
300,1783430113.6078153,,,,,,,488.25018310546875,23.6875,0.718250572681427,0.11803692579269409,31.122610092163086,0.18738912045955658,3.65625,0.47499048709869385,488.25018310546875,488.25018310546875,,,,,,,
305,1783430114.2365592,,,5.01513671875,3.6328125,1.38232421875,5.01513671875,,,,,,,,,,,,,,,,,
310,1783430114.9470787,,,,,,,487.0561218261719,23.4375,0.7289279103279114,0.1191767156124115,30.648496627807617,0.19028346240520477,3.65625,0.44983720779418945,487.0561218261719,487.0561218261719,,,,,,,
315,1783430115.5736756,,,5.2685546875,3.916015625,1.3525390625,5.2685546875,,,,,,,,,,,,,,,,,
320,1783430116.2869525,,,,,,,498.7355651855469,24.53125,0.7876482605934143,0.14158429205417633,33.970924377441406,0.19742579758167267,3.65625,0.5229719877243042,498.7355651855469,498.7355651855469,,,,,,,
325,1783430116.9171927,,,5.2333984375,3.818359375,1.4150390625,5.2333984375,,,,,,,,,,,,,,,,,
330,1783430117.6267207,,,,,,,488.5409851074219,23.421875,0.7137821912765503,0.13094672560691833,31.35892677307129,0.18767528235912323,3.65625,0.4733777642250061,488.5409851074219,488.5409851074219,,,,,,,
335,1783430118.254095,,,4.70556640625,3.408203125,1.29736328125,4.70556640625,,,,,,,,,,,,,,,,,
340,1783430118.9657695,,,,,,,488.441162109375,22.0625,0.7346625924110413,0.1196051761507988,29.651580810546875,0.1884155571460724,3.6875,0.4845849275588989,488.441162109375,488.441162109375,,,,,,,
345,1783430119.5936892,,,4.93359375,3.6044921875,1.3291015625,4.93359375,,,,,,,,,,,,,,,,,
350,1783430120.3087335,,,,,,,488.68487548828125,23.15625,0.7137060165405273,0.12793707847595215,31.270797729492188,0.18758027255535126,3.65625,0.4876178503036499,488.68487548828125,488.68487548828125,,,,,,,
355,1783430120.937835,,,4.8408203125,3.578125,1.2626953125,4.8408203125,,,,,,,,,,,,,,,,,
360,1783430121.65191,,,,,,,493.27093505859375,23.25,0.7021278738975525,0.14374570548534393,31.017213821411133,0.1875564157962799,3.6875,0.5444304943084717,493.27093505859375,493.27093505859375,,,,,,,
365,1783430122.284483,,,4.974609375,3.7890625,1.185546875,4.974609375,,,,,,,,,,,,,,,,,
370,1783430122.9985435,,,,,,,493.07708740234375,24.03125,0.7252436876296997,0.13132691383361816,32.830848693847656,0.18947665393352509,3.65625,0.5142863392829895,493.07708740234375,493.07708740234375,,,,,,,
375,1783430123.629623,,,5.07421875,3.658203125,1.416015625,5.07421875,,,,,,,,,,,,,,,,,
380,1783430124.3366742,,,,,,,485.74835205078125,22.765625,0.7064822912216187,0.11252658069133759,30.516407012939453,0.18444061279296875,3.65625,0.4735800325870514,485.74835205078125,485.74835205078125,,,,,,,
385,1783430124.9610832,,,5.0986328125,3.751953125,1.3466796875,5.0986328125,,,,,,,,,,,,,,,,,
390,1783430127.913899,,,,,,,480.21966552734375,19.453125,0.7075464129447937,0.1183781623840332,26.984079360961914,0.18741410970687866,3.65625,0.4929385185241699,480.21966552734375,480.21966552734375,,,,,,,
390,1783430131.8453734,,,,,,,,,,,,,,,,,439.71345489501954,0.7375279629230499,0.15153438821434975,0.18850538715720178,3.654772770404816,0.5721251082420349,439.71345489501954
390,1783430133.0900066,1239.6900950000145,531.7954177856445,,,,,,,,,,,,,,,,,,,,,
390,1783430134.3571725,1262.433307000009,531.7954177856445,,,,,,,,,,,,,,,,,,,,,
395,1783430135.0875509,,,5.62890625,4.150390625,1.478515625,5.62890625,,,,,,,,,,,,,,,,,
400,1783430135.802088,,,,,,,499.29681396484375,23.203125,0.7703105211257935,0.1671246886253357,32.07666015625,0.19832459092140198,3.6875,0.553507924079895,499.29681396484375,499.29681396484375,,,,,,,
405,1783430136.4360418,,,5.25341796875,3.85546875,1.39794921875,5.25341796875,,,,,,,,,,,,,,,,,
410,1783430137.1608067,,,,,,,493.5396728515625,23.390625,0.7275034189224243,0.12074913829565048,32.38988494873047,0.18699316680431366,3.6875,0.5149571299552917,493.5396728515625,493.5396728515625,,,,,,,
415,1783430137.7917657,,,4.92333984375,3.59765625,1.32568359375,4.92333984375,,,,,,,,,,,,,,,,,
420,1783430138.5071456,,,,,,,479.78143310546875,22.265625,0.6877868175506592,0.09221447259187698,29.547672271728516,0.1823798567056656,3.65625,0.41468822956085205,479.78143310546875,479.78143310546875,,,,,,,
425,1783430139.1389742,,,5.2421875,3.8828125,1.359375,5.2421875,,,,,,,,,,,,,,,,,
430,1783430139.8527768,,,,,,,490.3827819824219,23.140625,0.74787837266922,0.13475945591926575,31.479129791259766,0.1918342560529709,3.65625,0.47581714391708374,490.3827819824219,490.3827819824219,,,,,,,
435,1783430140.4844778,,,4.82421875,3.51171875,1.3125,4.82421875,,,,,,,,,,,,,,,,,
440,1783430141.1974788,,,,,,,490.2674255371094,22.421875,0.7314668893814087,0.13713589310646057,30.714908599853516,0.19003628194332123,3.65625,0.522041916847229,490.2674255371094,490.2674255371094,,,,,,,
445,1783430141.825577,,,4.56591796875,3.228515625,1.33740234375,4.56591796875,,,,,,,,,,,,,,,,,
450,1783430142.5387013,,,,,,,489.23529052734375,22.421875,0.7179162502288818,0.13426950573921204,30.982995986938477,0.18995706737041473,3.65625,0.5096443295478821,489.23529052734375,489.23529052734375,,,,,,,
455,1783430143.166412,,,4.9189453125,3.59375,1.3251953125,4.9189453125,,,,,,,,,,,,,,,,,
460,1783430143.8792384,,,,,,,490.44580078125,22.6875,0.7452555894851685,0.13847869634628296,31.544235229492188,0.19036652147769928,3.65625,0.48621129989624023,490.44580078125,490.44580078125,,,,,,,
465,1783430144.509227,,,4.95263671875,3.611328125,1.34130859375,4.95263671875,,,,,,,,,,,,,,,,,
470,1783430145.2244308,,,,,,,492.85009765625,23.390625,0.7440922856330872,0.130451962351799,32.35205841064453,0.18896609544754028,3.65625,0.5166546106338501,492.85009765625,492.85009765625,,,,,,,
475,1783430145.8552282,,,5.45458984375,3.966796875,1.48779296875,5.45458984375,,,,,,,,,,,,,,,,,
480,1783430146.5700011,,,,,,,492.99664306640625,23.4375,0.7519597411155701,0.12653961777687073,31.854732513427734,0.19237485527992249,3.65625,0.5225573778152466,492.99664306640625,492.99664306640625,,,,,,,
485,1783430147.197522,,,5.171875,3.697265625,1.474609375,5.171875,,,,,,,,,,,,,,,,,
490,1783430147.908619,,,,,,,486.46697998046875,21.296875,0.7059192657470703,0.1134638637304306,29.55046272277832,0.18676574528217316,3.6875,0.49650999903678894,486.46697998046875,486.46697998046875,,,,,,,
495,1783430148.5376153,,,4.9892578125,3.521484375,1.4677734375,4.9892578125,,,,,,,,,,,,,,,,,
500,1783430149.2474666,,,,,,,486.9120178222656,22.765625,0.7220306992530823,0.1141820102930069,30.720335006713867,0.18874266743659973,3.65625,0.4734017252922058,486.9120178222656,486.9120178222656,,,,,,,
505,1783430149.8746653,,,4.994140625,3.662109375,1.33203125,4.994140625,,,,,,,,,,,,,,,,,
510,1783430150.5927732,,,,,,,490.7215576171875,23.28125,0.7505180239677429,0.12126409262418747,31.37434196472168,0.1919764280319214,3.65625,0.4932631850242615,490.7215576171875,490.7215576171875,,,,,,,
515,1783430151.2225099,,,5.53125,4.10546875,1.42578125,5.53125,,,,,,,,,,,,,,,,,
520,1783430151.9381654,,,,,,,493.94134521484375,23.734375,0.7683155536651611,0.12915368378162384,32.10737991333008,0.19000601768493652,3.65625,0.5147379040718079,493.94134521484375,493.94134521484375,,,,,,,
525,1783430152.565718,,,5.71484375,4.171875,1.54296875,5.71484375,,,,,,,,,,,,,,,,,
530,1783430153.2783687,,,,,,,483.9891357421875,21.265625,0.6990078687667847,0.11355080455541611,28.55683135986328,0.1803436279296875,3.6875,0.47746872901916504,483.9891357421875,483.9891357421875,,,,,,,
535,1783430153.910553,,,5.654296875,4.0859375,1.568359375,5.654296875,,,,,,,,,,,,,,,,,
540,1783430154.62252,,,,,,,493.6532897949219,23.296875,0.7315008044242859,0.152788907289505,31.450971603393555,0.1895572543144226,3.65625,0.5462741851806641,493.6532897949219,493.6532897949219,,,,,,,
545,1783430155.2490854,,,5.03955078125,3.525390625,1.51416015625,5.03955078125,,,,,,,,,,,,,,,,,
550,1783430155.961926,,,,,,,493.1856689453125,24.265625,0.7137171030044556,0.1386907994747162,32.108009338378906,0.18980956077575684,3.65625,0.5313831567764282,493.1856689453125,493.1856689453125,,,,,,,
555,1783430156.5855496,,,5.68994140625,4.12109375,1.56884765625,5.68994140625,,,,,,,,,,,,,,,,,
560,1783430157.299496,,,,,,,486.8619689941406,22.5625,0.7202404141426086,0.1059752106666565,31.758573532104492,0.1872374266386032,3.65625,0.4652332365512848,486.8619689941406,486.8619689941406,,,,,,,
565,1783430157.926856,,,5.4658203125,3.93359375,1.5322265625,5.4658203125,,,,,,,,,,,,,,,,,
570,1783430158.6365473,,,,,,,488.1307373046875,22.34375,0.7243406772613525,0.12705804407596588,30.57213020324707,0.1873844861984253,3.65625,0.4993242025375366,488.1307373046875,488.1307373046875,,,,,,,
575,1783430159.263832,,,5.12890625,3.712890625,1.416015625,5.12890625,,,,,,,,,,,,,,,,,
580,1783430159.978413,,,,,,,489.73712158203125,23.234375,0.7423926591873169,0.12440785020589828,30.7581787109375,0.18615756928920746,3.65625,0.4969208240509033,489.73712158203125,489.73712158203125,,,,,,,
585,1783430160.6077425,,,5.392578125,3.822265625,1.5703125,5.392578125,,,,,,,,,,,,,,,,,
590,1783430161.3207943,,,,,,,494.6224060058594,24.421875,0.7626581788063049,0.14156943559646606,31.830974578857422,0.19279110431671143,3.65625,0.5111936330795288,494.6224060058594,494.6224060058594,,,,,,,
595,1783430161.9471726,,,5.60791015625,4.11328125,1.49462890625,5.60791015625,,,,,,,,,,,,,,,,,
600,1783430162.6604946,,,,,,,487.589599609375,22.625,0.7530772089958191,0.12063595652580261,30.09177589416504,0.19175292551517487,3.65625,0.46504074335098267,487.589599609375,487.589599609375,,,,,,,
605,1783430163.2903638,,,5.1884765625,3.638671875,1.5498046875,5.1884765625,,,,,,,,,,,,,,,,,
610,1783430163.9987664,,,,,,,488.63201904296875,22.515625,0.7365529537200928,0.12571938335895538,31.091854095458984,0.18802013993263245,3.65625,0.48358580470085144,488.63201904296875,488.63201904296875,,,,,,,
615,1783430164.6309276,,,5.2265625,3.75390625,1.47265625,5.2265625,,,,,,,,,,,,,,,,,
620,1783430165.3422391,,,,,,,491.7373962402344,23.375,0.7485337853431702,0.11724506318569183,32.66474151611328,0.1883424073457718,3.65625,0.4947158396244049,491.7373962402344,491.7373962402344,,,,,,,
625,1783430165.9728136,,,5.19921875,3.732421875,1.466796875,5.19921875,,,,,,,,,,,,,,,,,
630,1783430166.685575,,,,,,,483.8034973144531,22.5,0.7021626234054565,0.1113799437880516,29.252464294433594,0.18164193630218506,3.65625,0.47261619567871094,483.8034973144531,483.8034973144531,,,,,,,
635,1783430167.3125017,,,5.25390625,3.681640625,1.572265625,5.25390625,,,,,,,,,,,,,,,,,
640,1783430168.02573,,,,,,,489.1127014160156,24.359375,0.7127476334571838,0.11780596524477005,32.39890670776367,0.18357442319393158,3.65625,0.46041539311408997,489.1127014160156,489.1127014160156,,,,,,,
645,1783430168.6550663,,,5.53369140625,4.10546875,1.42822265625,5.53369140625,,,,,,,,,,,,,,,,,
650,1783430169.3699424,,,,,,,489.6520080566406,23.1875,0.7644318342208862,0.11643320322036743,30.924306869506836,0.19383157789707184,3.65625,0.47064048051834106,489.6520080566406,489.6520080566406,,,,,,,
655,1783430169.9981554,,,5.4609375,3.943359375,1.517578125,5.4609375,,,,,,,,,,,,,,,,,
660,1783430170.7095046,,,,,,,492.49896240234375,23.859375,0.753916323184967,0.14318619668483734,33.17207336425781,0.19215776026248932,3.625,0.5433506965637207,492.49896240234375,492.49896240234375,,,,,,,
665,1783430171.336979,,,5.3974609375,3.91015625,1.4873046875,5.3974609375,,,,,,,,,,,,,,,,,
670,1783430172.0501363,,,,,,,488.6474609375,22.96875,0.7246193885803223,0.11803407967090607,30.801090240478516,0.1875661313533783,3.65625,0.5003939867019653,488.6474609375,488.6474609375,,,,,,,
675,1783430172.6809974,,,5.908203125,4.296875,1.611328125,5.908203125,,,,,,,,,,,,,,,,,
680,1783430173.3909516,,,,,,,488.6120300292969,22.484375,0.7167819738388062,0.13169336318969727,31.282108306884766,0.18697956204414368,3.65625,0.49444615840911865,488.6120300292969,488.6120300292969,,,,,,,
685,1783430174.0191388,,,5.1416015625,3.626953125,1.5146484375,5.1416015625,,,,,,,,,,,,,,,,,
690,1783430174.7304254,,,,,,,488.2167053222656,23.375,0.7101856470108032,0.12372176349163055,30.794151306152344,0.18560828268527985,3.65625,0.49265235662460327,488.2167053222656,488.2167053222656,,,,,,,
695,1783430175.3568292,,,5.3837890625,3.833984375,1.5498046875,5.3837890625,,,,,,,,,,,,,,,,,
700,1783430176.0677376,,,,,,,491.2651672363281,22.8125,0.7505297660827637,0.13714322447776794,30.300708770751953,0.19007563591003418,3.65625,0.5256282091140747,491.2651672363281,491.2651672363281,,,,,,,
705,1783430176.6971343,,,5.552734375,4.00390625,1.548828125,5.552734375,,,,,,,,,,,,,,,,,
710,1783430177.408226,,,,,,,487.08135986328125,21.9375,0.7082676291465759,0.13409751653671265,30.95781707763672,0.18525727093219757,3.65625,0.4876227378845215,487.08135986328125,487.08135986328125,,,,,,,
715,1783430178.0379057,,,5.228515625,3.78125,1.447265625,5.228515625,,,,,,,,,,,,,,,,,
720,1783430178.7510002,,,,,,,485.278076171875,24.171875,0.7409591674804688,0.10803864896297455,30.663928985595703,0.191432386636734,3.625,0.4805086851119995,485.278076171875,485.278076171875,,,,,,,
725,1783430179.384776,,,5.375,3.8984375,1.4765625,5.375,,,,,,,,,,,,,,,,,
730,1783430180.0973537,,,,,,,493.09759521484375,23.453125,0.7693450450897217,0.13104939460754395,31.983013153076172,0.1894986778497696,3.65625,0.5025843381881714,493.09759521484375,493.09759521484375,,,,,,,
735,1783430180.7277174,,,5.22216796875,3.79296875,1.42919921875,5.22216796875,,,,,,,,,,,,,,,,,
740,1783430181.441363,,,,,,,483.1884765625,22.65625,0.7453217506408691,0.10450087487697601,31.244300842285156,0.18810191750526428,3.625,0.4573623538017273,483.1884765625,483.1884765625,,,,,,,
745,1783430182.0724053,,,5.3486328125,3.87890625,1.4697265625,5.3486328125,,,,,,,,,,,,,,,,,
750,1783430182.7837815,,,,,,,490.3094787597656,23.34375,0.7569543719291687,0.14034661650657654,31.99197006225586,0.19247914850711823,3.625,0.5318589806556702,490.3094787597656,490.3094787597656,,,,,,,
755,1783430183.410823,,,5.412109375,3.84375,1.568359375,5.412109375,,,,,,,,,,,,,,,,,
760,1783430184.1254985,,,,,,,499.9925842285156,23.5,0.7826660871505737,0.16449064016342163,32.1793098449707,0.19503943622112274,3.65625,0.5980989933013916,499.9925842285156,499.9925842285156,,,,,,,
765,1783430184.7516568,,,5.7802734375,4.193359375,1.5869140625,5.7802734375,,,,,,,,,,,,,,,,,
770,1783430185.460517,,,,,,,480.35400390625,21.71875,0.7068048715591431,0.1087019294500351,28.8287353515625,0.18494470417499542,3.65625,0.41747063398361206,480.35400390625,480.35400390625,,,,,,,
775,1783430186.084469,,,5.5146484375,3.99609375,1.5185546875,5.5146484375,,,,,,,,,,,,,,,,,
780,1783430186.7588007,,,,,,,482.2340393066406,19.625,0.750764012336731,0.12130806595087051,26.823749542236328,0.19292524456977844,3.65625,0.4857863187789917,482.2340393066406,482.2340393066406,,,,,,,
780,1783430188.1119492,,,,,,,,,,,,,,,,,438.7895794677734,0.7329488205909729,0.1528884420543909,0.1850329189002514,3.647003564834595,0.5755569753050804,438.7895794677734
780,1783430189.4009447,1284.7753409999996,531.7956619262695,,,,,,,,,,,,,,,,,,,,,
780,1783430190.6480281,1242.640090000009,531.7956619262695,,,,,,,,,,,,,,,,,,,,,
785,1783430191.3381608,,,5.71484375,4.14453125,1.5703125,5.71484375,,,,,,,,,,,,,,,,,
790,1783430192.0543802,,,,,,,489.67626953125,22.328125,0.7466816306114197,0.1329043209552765,30.467134475708008,0.187355175614357,3.65625,0.5081932544708252,489.67626953125,489.67626953125,,,,,,,
795,1783430192.6928222,,,5.3623046875,3.951171875,1.4111328125,5.3623046875,,,,,,,,,,,,,,,,,
800,1783430193.411381,,,,,,,487.5469665527344,24.09375,0.715532124042511,0.11235083639621735,31.86928939819336,0.1832927018404007,3.65625,0.44624531269073486,487.5469665527344,487.5469665527344,,,,,,,
805,1783430194.044722,,,5.1826171875,3.732421875,1.4501953125,5.1826171875,,,,,,,,,,,,,,,,,
810,1783430194.7657092,,,,,,,489.291748046875,21.6015625,0.7231534123420715,0.13914406299591064,29.29327392578125,0.1845867931842804,3.6875,0.5174916982650757,489.291748046875,489.291748046875,,,,,,,
815,1783430195.3975635,,,5.22509765625,3.7841796875,1.44091796875,5.22509765625,,,,,,,,,,,,,,,,,
820,1783430196.113733,,,,,,,485.0259704589844,21.328125,0.7370185256004333,0.12595510482788086,28.727741241455078,0.1859099119901657,3.65625,0.4837856590747833,485.0259704589844,485.0259704589844,,,,,,,
825,1783430196.7425554,,,5.2294921875,3.7109375,1.5185546875,5.2294921875,,,,,,,,,,,,,,,,,
830,1783430197.4523952,,,,,,,484.74688720703125,21.640625,0.7013118863105774,0.1358805000782013,28.38648796081543,0.18450035154819489,3.65625,0.5054138898849487,484.74688720703125,484.74688720703125,,,,,,,
835,1783430198.078035,,,5.61669921875,4.111328125,1.50537109375,5.61669921875,,,,,,,,,,,,,,,,,
840,1783430198.7896028,,,,,,,484.91094970703125,22.375,0.7392662167549133,0.12384093552827835,29.0256404876709,0.1860203742980957,3.65625,0.4511023163795471,484.91094970703125,484.91094970703125,,,,,,,
845,1783430199.4193466,,,5.73583984375,4.193359375,1.54248046875,5.73583984375,,,,,,,,,,,,,,,,,
850,1783430200.1293538,,,,,,,487.7066955566406,22.484375,0.7541065216064453,0.10796137154102325,30.106531143188477,0.1881585419178009,3.65625,0.4856800436973572,487.7066955566406,487.7066955566406,,,,,,,
855,1783430200.7568681,,,5.5205078125,3.81640625,1.7041015625,5.5205078125,,,,,,,,,,,,,,,,,
860,1783430201.4670534,,,,,,,485.80108642578125,21.671875,0.7418400645256042,0.12470665574073792,29.01399040222168,0.18594299256801605,3.65625,0.48340457677841187,485.80108642578125,485.80108642578125,,,,,,,
865,1783430202.0948641,,,5.986328125,4.25390625,1.732421875,5.986328125,,,,,,,,,,,,,,,,,
870,1783430202.8078558,,,,,,,488.32440185546875,22.15625,0.7220985293388367,0.125219464302063,30.381284713745117,0.18546584248542786,3.65625,0.5180343985557556,488.32440185546875,488.32440185546875,,,,,,,
875,1783430203.4386816,,,5.2314453125,3.83203125,1.3994140625,5.2314453125,,,,,,,,,,,,,,,,,
880,1783430204.150954,,,,,,,485.72760009765625,22.28125,0.7139138579368591,0.12624911963939667,29.609378814697266,0.18135333061218262,3.65625,0.4859717786312103,485.72760009765625,485.72760009765625,,,,,,,
885,1783430204.78037,,,5.6796875,4.138671875,1.541015625,5.6796875,,,,,,,,,,,,,,,,,
890,1783430205.4932992,,,,,,,485.8441162109375,22.375,0.7333926558494568,0.11190366744995117,29.580265045166016,0.18771585822105408,3.65625,0.47562873363494873,485.8441162109375,485.8441162109375,,,,,,,
895,1783430206.1224375,,,5.671875,4.107421875,1.564453125,5.671875,,,,,,,,,,,,,,,,,
900,1783430206.8337145,,,,,,,489.0459289550781,22.84375,0.754019558429718,0.11876055598258972,30.796072006225586,0.1896936446428299,3.65625,0.47988367080688477,489.0459289550781,489.0459289550781,,,,,,,
905,1783430207.4640982,,,5.353515625,3.818359375,1.53515625,5.353515625,,,,,,,,,,,,,,,,,
910,1783430208.183886,,,,,,,495.509521484375,23.421875,0.7662970423698425,0.14301985502243042,32.3631591796875,0.19333432614803314,3.65625,0.5356712341308594,495.509521484375,495.509521484375,,,,,,,
915,1783430208.8119469,,,5.48193359375,4.009765625,1.47216796875,5.48193359375,,,,,,,,,,,,,,,,,
920,1783430209.5279183,,,,,,,484.31341552734375,21.84375,0.7243182063102722,0.12283238768577576,29.100900650024414,0.185800239443779,3.65625,0.46413204073905945,484.31341552734375,484.31341552734375,,,,,,,
925,1783430210.1569467,,,5.29150390625,3.80078125,1.49072265625,5.29150390625,,,,,,,,,,,,,,,,,
930,1783430210.871224,,,,,,,486.5831298828125,23.0,0.7471752166748047,0.11678694933652878,32.123985290527344,0.19071291387081146,3.625,0.4888608455657959,486.5831298828125,486.5831298828125,,,,,,,
935,1783430211.499762,,,6.236328125,4.48828125,1.748046875,6.236328125,,,,,,,,,,,,,,,,,
940,1783430212.2376587,,,,,,,489.2738952636719,23.8125,0.789313793182373,0.1254100799560547,30.71938705444336,0.19403742253780365,3.625,0.507727861404419,489.2738952636719,489.2738952636719,,,,,,,
945,1783430212.865173,,,5.146484375,3.578125,1.568359375,5.146484375,,,,,,,,,,,,,,,,,
950,1783430213.579424,,,,,,,497.0901794433594,23.1875,0.8055070638656616,0.15873047709465027,30.95323371887207,0.19726048409938812,3.65625,0.5484897494316101,497.0901794433594,497.0901794433594,,,,,,,
955,1783430214.2113843,,,5.7939453125,4.15234375,1.6416015625,5.7939453125,,,,,,,,,,,,,,,,,
960,1783430214.927606,,,,,,,491.40936279296875,23.359375,0.7600911259651184,0.14368262887001038,32.68819046020508,0.19263099133968353,3.625,0.5338569283485413,491.40936279296875,491.40936279296875,,,,,,,
965,1783430215.5573769,,,5.2998046875,3.8515625,1.4482421875,5.2998046875,,,,,,,,,,,,,,,,,
970,1783430216.2695024,,,,,,,487.61505126953125,22.9375,0.7455686330795288,0.1270945966243744,31.45378303527832,0.18930360674858093,3.625,0.5207827091217041,487.61505126953125,487.61505126953125,,,,,,,
975,1783430216.9020967,,,5.548828125,3.822265625,1.7265625,5.548828125,,,,,,,,,,,,,,,,,
980,1783430217.6170726,,,,,,,487.166748046875,22.15625,0.7282624244689941,0.13755765557289124,29.73008155822754,0.188287615776062,3.65625,0.48545747995376587,487.166748046875,487.166748046875,,,,,,,
985,1783430218.2475748,,,5.5546875,3.912109375,1.642578125,5.5546875,,,,,,,,,,,,,,,,,
990,1783430218.9637337,,,,,,,477.0310363769531,21.78125,0.6933102607727051,0.10977063328027725,28.352075576782227,0.18480870127677917,3.625,0.4542814791202545,477.0310363769531,477.0310363769531,,,,,,,
995,1783430219.6002135,,,5.14453125,3.6953125,1.44921875,5.14453125,,,,,,,,,,,,,,,,,
1000,1783430220.3156621,,,,,,,489.524658203125,22.90625,0.7332539558410645,0.12616686522960663,30.42612075805664,0.18484707176685333,3.65625,0.5155607461929321,489.524658203125,489.524658203125,,,,,,,
1005,1783430220.9436426,,,5.6923828125,4.068359375,1.6240234375,5.6923828125,,,,,,,,,,,,,,,,,
1010,1783430221.6543655,,,,,,,490.8018798828125,23.15625,0.7380589246749878,0.12192439287900925,32.495643615722656,0.18766428530216217,3.65625,0.4890192747116089,490.8018798828125,490.8018798828125,,,,,,,
1015,1783430222.2842069,,,5.50927734375,3.931640625,1.57763671875,5.50927734375,,,,,,,,,,,,,,,,,
1020,1783430222.999372,,,,,,,484.0180969238281,22.625,0.7108172178268433,0.12726503610610962,31.05618667602539,0.1821562945842743,3.625,0.4983595609664917,484.0180969238281,484.0180969238281,,,,,,,
1025,1783430223.6278532,,,5.650390625,3.96875,1.681640625,5.650390625,,,,,,,,,,,,,,,,,
1030,1783430224.3463511,,,,,,,488.6194763183594,22.1875,0.7401357293128967,0.13089245557785034,30.122453689575195,0.1904725581407547,3.65625,0.5009334683418274,488.6194763183594,488.6194763183594,,,,,,,
1035,1783430224.977788,,,5.6923828125,4.05078125,1.6416015625,5.6923828125,,,,,,,,,,,,,,,,,
1040,1783430225.6914794,,,,,,,485.1646423339844,22.71875,0.71931391954422,0.1195090264081955,29.946067810058594,0.18352656066417694,3.65625,0.45542407035827637,485.1646423339844,485.1646423339844,,,,,,,
1045,1783430226.3181975,,,5.9208984375,4.220703125,1.7001953125,5.9208984375,,,,,,,,,,,,,,,,,
1050,1783430227.0318,,,,,,,490.6522216796875,22.5625,0.7252874970436096,0.141953706741333,32.16375732421875,0.18879219889640808,3.65625,0.49787724018096924,490.6522216796875,490.6522216796875,,,,,,,
1055,1783430227.6608577,,,5.35546875,3.751953125,1.603515625,5.35546875,,,,,,,,,,,,,,,,,
1060,1783430228.3706307,,,,,,,486.42401123046875,22.265625,0.744570255279541,0.118482306599617,29.781734466552734,0.1873738169670105,3.65625,0.46905452013015747,486.42401123046875,486.42401123046875,,,,,,,
1065,1783430229.0004919,,,6.103515625,4.51953125,1.583984375,6.103515625,,,,,,,,,,,,,,,,,
1070,1783430229.7128596,,,,,,,489.6506042480469,22.359375,0.7464807629585266,0.13813114166259766,30.663089752197266,0.19022740423679352,3.65625,0.4946744441986084,489.6506042480469,489.6506042480469,,,,,,,
1075,1783430230.341934,,,5.38134765625,3.787109375,1.59423828125,5.38134765625,,,,,,,,,,,,,,,,,
1080,1783430231.0537472,,,,,,,478.1766052246094,21.765625,0.7168962955474854,0.1101495772600174,28.656579971313477,0.1842135339975357,3.625,0.4499494433403015,478.1766052246094,478.1766052246094,,,,,,,
1085,1783430231.680834,,,5.79150390625,4.16015625,1.63134765625,5.79150390625,,,,,,,,,,,,,,,,,
1090,1783430232.3908691,,,,,,,488.6234130859375,22.765625,0.7416244745254517,0.11889306455850601,30.693710327148438,0.187521830201149,3.65625,0.4889397919178009,488.6234130859375,488.6234130859375,,,,,,,
1095,1783430233.0200472,,,5.37158203125,3.751953125,1.61962890625,5.37158203125,,,,,,,,,,,,,,,,,
1100,1783430233.7308743,,,,,,,493.2974853515625,23.4375,0.7598901391029358,0.15916025638580322,30.48090362548828,0.18784871697425842,3.65625,0.5237476825714111,493.2974853515625,493.2974853515625,,,,,,,
1105,1783430234.3594775,,,5.8251953125,4.30078125,1.5244140625,5.8251953125,,,,,,,,,,,,,,,,,
1110,1783430235.0733433,,,,,,,491.1119384765625,23.625,0.7320176362991333,0.13535600900650024,31.722854614257812,0.1894933432340622,3.65625,0.49344635009765625,491.1119384765625,491.1119384765625,,,,,,,
1115,1783430235.70117,,,5.4267578125,3.904296875,1.5224609375,5.4267578125,,,,,,,,,,,,,,,,,
1120,1783430236.4153028,,,,,,,486.18182373046875,21.859375,0.7089260816574097,0.1281716376543045,29.89376449584961,0.1854538470506668,3.65625,0.4980853199958801,486.18182373046875,486.18182373046875,,,,,,,
1125,1783430237.0463066,,,5.412109375,3.86328125,1.548828125,5.412109375,,,,,,,,,,,,,,,,,
1130,1783430237.7576275,,,,,,,491.0447082519531,23.203125,0.7476577162742615,0.13301239907741547,31.06319808959961,0.18925467133522034,3.65625,0.5029283165931702,491.0447082519531,491.0447082519531,,,,,,,
1135,1783430238.387876,,,5.560546875,3.93359375,1.626953125,5.560546875,,,,,,,,,,,,,,,,,
1140,1783430239.0978088,,,,,,,481.93646240234375,22.265625,0.715684175491333,0.11582579463720322,29.61477279663086,0.1840556561946869,3.625,0.4967916011810303,481.93646240234375,481.93646240234375,,,,,,,
1145,1783430239.7270675,,,5.73046875,4.13671875,1.59375,5.73046875,,,,,,,,,,,,,,,,,
1150,1783430240.4386158,,,,,,,487.805908203125,22.65625,0.7131579518318176,0.12242759764194489,29.946346282958984,0.18600423634052277,3.65625,0.5162615180015564,487.805908203125,487.805908203125,,,,,,,
1155,1783430241.0656257,,,5.525390625,3.900390625,1.625,5.525390625,,,,,,,,,,,,,,,,,
1160,1783430241.7736766,,,,,,,487.30572509765625,22.84375,0.7361336946487427,0.11277873069047928,30.85118865966797,0.18620933592319489,3.65625,0.46733999252319336,487.30572509765625,487.30572509765625,,,,,,,
1165,1783430242.3996313,,,5.771484375,4.130859375,1.640625,5.771484375,,,,,,,,,,,,,,,,,
1170,1783430243.0774646,,,,,,,481.7231140136719,20.328125,0.7375078201293945,0.14083434641361237,28.094654083251953,0.18715375661849976,3.625,0.5189557075500488,481.7231140136719,481.7231140136719,,,,,,,
1170,1783430244.4407105,,,,,,,,,,,,,,,,,438.24786895751953,0.7324011474847794,0.15148757167160512,0.18428488492965697,3.643107829093933,0.5748729029297829,438.24786895751953
1170,1783430245.7488143,1304.1199510000183,531.7956619262695,,,,,,,,,,,,,,,,,,,,,
1170,1783430247.0052607,1252.7811390000352,531.7956619262695,,,,,,,,,,,,,,,,,,,,,
1175,1783430247.6839283,,,5.61328125,3.974609375,1.638671875,5.61328125,,,,,,,,,,,,,,,,,
1180,1783430248.3929622,,,,,,,486.36138916015625,22.4375,0.736091136932373,0.13594432175159454,31.066221237182617,0.18607211112976074,3.625,0.516507089138031,486.36138916015625,486.36138916015625,,,,,,,
1185,1783430249.0209148,,,5.9033203125,4.345703125,1.5576171875,5.9033203125,,,,,,,,,,,,,,,,,
1190,1783430249.7409108,,,,,,,489.1271667480469,23.46875,0.7387503981590271,0.1069265827536583,31.995800018310547,0.18555989861488342,3.65625,0.47237712144851685,489.1271667480469,489.1271667480469,,,,,,,
1195,1783430250.376247,,,5.5400390625,3.974609375,1.5654296875,5.5400390625,,,,,,,,,,,,,,,,,
1200,1783430251.0875154,,,,,,,485.2023010253906,22.328125,0.7051553130149841,0.13435761630535126,29.275554656982422,0.17904920876026154,3.65625,0.4836295247077942,485.2023010253906,485.2023010253906,,,,,,,
1205,1783430251.718807,,,6.130859375,4.431640625,1.69921875,6.130859375,,,,,,,,,,,,,,,,,
1210,1783430252.4308264,,,,,,,488.71356201171875,22.5625,0.7098173499107361,0.14355778694152832,28.897361755371094,0.1839822679758072,3.65625,0.5460575819015503,488.71356201171875,488.71356201171875,,,,,,,
1215,1783430253.0613644,,,5.48046875,3.724609375,1.755859375,5.48046875,,,,,,,,,,,,,,,,,
1220,1783430253.7744367,,,,,,,478.1332092285156,21.953125,0.7421137094497681,0.10017005354166031,28.852378845214844,0.1866791993379593,3.625,0.4227636456489563,478.1332092285156,478.1332092285156,,,,,,,
1225,1783430254.4029558,,,5.927734375,4.259765625,1.66796875,5.927734375,,,,,,,,,,,,,,,,,
1230,1783430255.1156797,,,,,,,482.4503479003906,22.28125,0.7367172241210938,0.11467349529266357,30.36172866821289,0.1878688633441925,3.625,0.46757060289382935,482.4503479003906,482.4503479003906,,,,,,,
1235,1783430255.7464538,,,5.6865234375,4.060546875,1.6259765625,5.6865234375,,,,,,,,,,,,,,,,,
1240,1783430256.4595342,,,,,,,485.4556884765625,23.34375,0.7223873734474182,0.12058108299970627,32.099822998046875,0.1860557198524475,3.625,0.48235630989074707,485.4556884765625,485.4556884765625,,,,,,,
1245,1783430257.091353,,,5.9482421875,4.326171875,1.6220703125,5.9482421875,,,,,,,,,,,,,,,,,
1250,1783430257.8078253,,,,,,,482.1409912109375,21.96875,0.745000422000885,0.10200197994709015,27.989154815673828,0.18498781323432922,3.65625,0.43874430656433105,482.1409912109375,482.1409912109375,,,,,,,
1255,1783430258.4393115,,,5.9130859375,4.29296875,1.6201171875,5.9130859375,,,,,,,,,,,,,,,,,
1260,1783430259.1530213,,,,,,,479.3587951660156,21.21875,0.7148340940475464,0.09941975772380829,28.613140106201172,0.1791381537914276,3.65625,0.41831716895103455,479.3587951660156,479.3587951660156,,,,,,,
1265,1783430259.7805247,,,5.833984375,4.13671875,1.697265625,5.833984375,,,,,,,,,,,,,,,,,
1270,1783430260.4946525,,,,,,,488.9613037109375,21.796875,0.7466374039649963,0.13884520530700684,28.6552734375,0.1902003139257431,3.65625,0.5356310606002808,488.9613037109375,488.9613037109375,,,,,,,
1275,1783430261.124606,,,5.3701171875,3.8359375,1.5341796875,5.3701171875,,,,,,,,,,,,,,,,,
1280,1783430261.8375547,,,,,,,490.8142395019531,23.09375,0.7628864645957947,0.12643322348594666,30.62466049194336,0.18893413245677948,3.65625,0.5016530752182007,490.8142395019531,490.8142395019531,,,,,,,
1285,1783430262.4682279,,,5.8291015625,4.111328125,1.7177734375,5.8291015625,,,,,,,,,,,,,,,,,
1290,1783430263.18305,,,,,,,488.28985595703125,21.828125,0.7473217248916626,0.12384513765573502,29.593204498291016,0.18803837895393372,3.65625,0.5156509876251221,488.28985595703125,488.28985595703125,,,,,,,
1295,1783430263.8143227,,,6.1044921875,4.314453125,1.7900390625,6.1044921875,,,,,,,,,,,,,,,,,
1300,1783430264.525332,,,,,,,494.8099365234375,22.359375,0.7806112766265869,0.1501118689775467,31.235191345214844,0.19285187125205994,3.65625,0.5478771924972534,494.8099365234375,494.8099365234375,,,,,,,
1305,1783430265.1527157,,,5.380859375,3.810546875,1.5703125,5.380859375,,,,,,,,,,,,,,,,,
1310,1783430265.8667245,,,,,,,488.9605407714844,22.9375,0.7416784167289734,0.11815956234931946,30.641855239868164,0.18558178842067719,3.65625,0.4963850975036621,488.9605407714844,488.9605407714844,,,,,,,
1315,1783430266.4983644,,,5.7509765625,4.14453125,1.6064453125,5.7509765625,,,,,,,,,,,,,,,,,
1320,1783430267.2115848,,,,,,,491.7729797363281,23.5,0.7556149363517761,0.13232365250587463,31.031543731689453,0.18995045125484467,3.65625,0.5052535533905029,491.7729797363281,491.7729797363281,,,,,,,
1325,1783430267.8412166,,,5.85546875,4.228515625,1.626953125,5.85546875,,,,,,,,,,,,,,,,,
1330,1783430268.5514913,,,,,,,485.15582275390625,22.21875,0.7100189328193665,0.11766406893730164,29.76317596435547,0.1830691546201706,3.65625,0.48200058937072754,485.15582275390625,485.15582275390625,,,,,,,
1335,1783430269.179809,,,5.3623046875,3.810546875,1.5517578125,5.3623046875,,,,,,,,,,,,,,,,,
1340,1783430269.8952546,,,,,,,484.33154296875,21.9375,0.7291147708892822,0.10711927711963654,29.407081604003906,0.18526223301887512,3.65625,0.4671024680137634,484.33154296875,484.33154296875,,,,,,,
1345,1783430270.5236921,,,5.931640625,4.26171875,1.669921875,5.931640625,,,,,,,,,,,,,,,,,
1350,1783430271.2366729,,,,,,,489.21368408203125,22.25,0.7948674559593201,0.14211487770080566,30.68645477294922,0.1920909285545349,3.625,0.5215312242507935,489.21368408203125,489.21368408203125,,,,,,,
1355,1783430271.8636339,,,5.4755859375,3.8984375,1.5771484375,5.4755859375,,,,,,,,,,,,,,,,,
1360,1783430272.574934,,,,,,,483.4658508300781,23.546875,0.7129300236701965,0.11435384303331375,30.528087615966797,0.18474489450454712,3.625,0.48554670810699463,483.4658508300781,483.4658508300781,,,,,,,
1365,1783430273.205087,,,5.3056640625,3.744140625,1.5615234375,5.3056640625,,,,,,,,,,,,,,,,,
1370,1783430273.9159477,,,,,,,487.48406982421875,23.046875,0.7333635687828064,0.1301850974559784,32.3240966796875,0.18744103610515594,3.625,0.5070785284042358,487.48406982421875,487.48406982421875,,,,,,,
1375,1783430274.5435462,,,5.31005859375,3.853515625,1.45654296875,5.31005859375,,,,,,,,,,,,,,,,,
1380,1783430275.2557921,,,,,,,485.41326904296875,22.578125,0.7036399841308594,0.11810106784105301,29.3283748626709,0.18209043145179749,3.65625,0.49631935358047485,485.41326904296875,485.41326904296875,,,,,,,
1385,1783430275.8838828,,,5.5576171875,3.908203125,1.6494140625,5.5576171875,,,,,,,,,,,,,,,,,
1390,1783430276.594399,,,,,,,487.0721130371094,22.453125,0.7302724123001099,0.1245114728808403,29.58234405517578,0.18717029690742493,3.65625,0.49219340085983276,487.0721130371094,487.0721130371094,,,,,,,
1395,1783430277.2251275,,,5.615234375,4.126953125,1.48828125,5.615234375,,,,,,,,,,,,,,,,,
1400,1783430277.9392695,,,,,,,484.0697326660156,22.640625,0.7384591102600098,0.1193145215511322,30.01011848449707,0.18736028671264648,3.625,0.4975106120109558,484.0697326660156,484.0697326660156,,,,,,,
1405,1783430278.5716581,,,5.7841796875,4.177734375,1.6064453125,5.7841796875,,,,,,,,,,,,,,,,,
1410,1783430279.2849078,,,,,,,487.0118713378906,22.140625,0.7171730399131775,0.137050062417984,28.87420082092285,0.18330645561218262,3.65625,0.5179598927497864,487.0118713378906,487.0118713378906,,,,,,,
1415,1783430279.9195344,,,5.5107421875,3.97265625,1.5380859375,5.5107421875,,,,,,,,,,,,,,,,,
1420,1783430280.6331518,,,,,,,483.48602294921875,22.296875,0.7341324090957642,0.13430698215961456,30.029083251953125,0.18849481642246246,3.625,0.4799557328224182,483.48602294921875,483.48602294921875,,,,,,,
1425,1783430281.263272,,,5.8408203125,4.17578125,1.6650390625,5.8408203125,,,,,,,,,,,,,,,,,
1430,1783430281.9776967,,,,,,,490.891357421875,23.046875,0.734474241733551,0.13702023029327393,30.644166946411133,0.18473318219184875,3.65625,0.5260013341903687,490.891357421875,490.891357421875,,,,,,,
1435,1783430282.6052935,,,6.0478515625,4.376953125,1.6708984375,6.0478515625,,,,,,,,,,,,,,,,,
1440,1783430283.322125,,,,,,,484.42926025390625,21.703125,0.7166938185691833,0.11828064173460007,29.59518051147461,0.18241089582443237,3.65625,0.4744132459163666,484.42926025390625,484.42926025390625,,,,,,,
1445,1783430283.9524806,,,5.7333984375,4.0625,1.6708984375,5.7333984375,,,,,,,,,,,,,,,,,
1450,1783430284.6633143,,,,,,,489.19097900390625,22.71875,0.7437803149223328,0.1411409080028534,29.28046226501465,0.18766625225543976,3.65625,0.5094517469406128,489.19097900390625,489.19097900390625,,,,,,,
1455,1783430285.294087,,,5.24755859375,3.6572265625,1.59033203125,5.24755859375,,,,,,,,,,,,,,,,,
1460,1783430286.0071158,,,,,,,484.1922607421875,22.625,0.7492910027503967,0.11088775098323822,30.819503784179688,0.18936312198638916,3.625,0.4781864285469055,484.1922607421875,484.1922607421875,,,,,,,
1465,1783430286.6381924,,,5.2646484375,3.642578125,1.6220703125,5.2646484375,,,,,,,,,,,,,,,,,
1470,1783430287.3526418,,,,,,,484.2637939453125,22.328125,0.721632182598114,0.10481815040111542,29.634769439697266,0.18273469805717468,3.65625,0.46416813135147095,484.2637939453125,484.2637939453125,,,,,,,
1475,1783430287.9803748,,,6.087890625,4.447265625,1.640625,6.087890625,,,,,,,,,,,,,,,,,
1480,1783430288.690755,,,,,,,482.642822265625,21.421875,0.7181823253631592,0.13022029399871826,28.37394142150879,0.18312373757362366,3.65625,0.4539627432823181,482.642822265625,482.642822265625,,,,,,,
1485,1783430289.3247948,,,5.41943359375,3.908203125,1.51123046875,5.41943359375,,,,,,,,,,,,,,,,,
1490,1783430290.0370655,,,,,,,488.3180847167969,22.84375,0.7601122260093689,0.12873706221580505,30.484580993652344,0.18921542167663574,3.625,0.5439291000366211,488.3180847167969,488.3180847167969,,,,,,,
1495,1783430290.6683488,,,5.4921875,4.015625,1.4765625,5.4921875,,,,,,,,,,,,,,,,,
1500,1783430291.3827438,,,,,,,489.27276611328125,22.28125,0.7173805832862854,0.14512662589550018,29.04873275756836,0.18700747191905975,3.65625,0.5492133498191833,489.27276611328125,489.27276611328125,,,,,,,
1505,1783430292.0136101,,,5.7705078125,4.11328125,1.6572265625,5.7705078125,,,,,,,,,,,,,,,,,
1510,1783430292.7226644,,,,,,,489.5603332519531,22.96875,0.7548730373382568,0.13930854201316833,29.188579559326172,0.18954358994960785,3.65625,0.5030080676078796,489.5603332519531,489.5603332519531,,,,,,,
1515,1783430293.356131,,,5.828125,4.142578125,1.685546875,5.828125,,,,,,,,,,,,,,,,,
1520,1783430294.0692506,,,,,,,484.9447021484375,22.59375,0.7083105444908142,0.12418073415756226,29.216842651367188,0.1834326833486557,3.65625,0.4759451150894165,484.9447021484375,484.9447021484375,,,,,,,
1525,1783430294.7033057,,,5.14404296875,3.54296875,1.60107421875,5.14404296875,,,,,,,,,,,,,,,,,
1530,1783430295.4221244,,,,,,,487.639892578125,23.484375,0.7360026240348816,0.1445532739162445,30.555294036865234,0.1882106214761734,3.625,0.5223498344421387,487.639892578125,487.639892578125,,,,,,,
1535,1783430296.0589776,,,5.1904296875,3.765625,1.4248046875,5.1904296875,,,,,,,,,,,,,,,,,
1540,1783430296.7780447,,,,,,,485.994873046875,22.640625,0.7427419424057007,0.11262529343366623,30.16866683959961,0.18493588268756866,3.65625,0.4527090787887573,485.994873046875,485.994873046875,,,,,,,
1545,1783430297.4069014,,,5.6298828125,4.029296875,1.6005859375,5.6298828125,,,,,,,,,,,,,,,,,
1550,1783430298.1197689,,,,,,,490.6029968261719,22.625,0.7158594131469727,0.15071184933185577,30.177946090698242,0.18623587489128113,3.65625,0.5427489280700684,490.6029968261719,490.6029968261719,,,,,,,
1555,1783430298.7516756,,,5.3896484375,3.7734375,1.6162109375,5.3896484375,,,,,,,,,,,,,,,,,
1560,1783430299.4346938,,,,,,,472.43658447265625,18.421875,0.6851332187652588,0.11877697706222534,25.443363189697266,0.17867045104503632,3.625,0.4967827796936035,472.43658447265625,472.43658447265625,,,,,,,
1560,1783430300.862854,,,,,,,,,,,,,,,,,437.8184469604492,0.7330233752727509,0.15004508830606939,0.18384111613035203,3.6394138956069946,0.5748028391599656,437.8184469604492
1560,1783430302.1507978,1284.0902980000237,531.7956619262695,,,,,,,,,,,,,,,,,,,,,
1560,1783430303.434211,1278.9705769999955,531.7956619262695,,,,,,,,,,,,,,,,,,,,,
1565,1783430304.126179,,,5.666015625,4.029296875,1.63671875,5.666015625,,,,,,,,,,,,,,,,,
1570,1783430304.845186,,,,,,,490.3581237792969,21.9375,0.7518953084945679,0.14340156316757202,29.84005355834961,0.18746845424175262,3.65625,0.5301364660263062,490.3581237792969,490.3581237792969,,,,,,,
1575,1783430305.488906,,,5.583984375,3.970703125,1.61328125,5.583984375,,,,,,,,,,,,,,,,,
1580,1783430306.2049417,,,,,,,486.8152770996094,22.5,0.7615969181060791,0.12544897198677063,28.183948516845703,0.18866702914237976,3.65625,0.4827612042427063,486.8152770996094,486.8152770996094,,,,,,,
1585,1783430306.838118,,,5.8798828125,4.21875,1.6611328125,5.8798828125,,,,,,,,,,,,,,,,,
1590,1783430307.557873,,,,,,,481.0787658691406,22.390625,0.7087314128875732,0.12330237030982971,28.715267181396484,0.182347372174263,3.625,0.49612703919410706,481.0787658691406,481.0787658691406,,,,,,,
1595,1783430308.191169,,,5.6376953125,4.080078125,1.5576171875,5.6376953125,,,,,,,,,,,,,,,,,
1600,1783430308.9067764,,,,,,,492.48028564453125,22.75,0.7610452175140381,0.13480578362941742,30.769561767578125,0.1887693852186203,3.65625,0.5367292165756226,492.48028564453125,492.48028564453125,,,,,,,
1605,1783430309.5356996,,,5.625,4.001953125,1.623046875,5.625,,,,,,,,,,,,,,,,,
1610,1783430310.253233,,,,,,,491.4941101074219,22.046875,0.7740755677223206,0.14930656552314758,29.119794845581055,0.19073376059532166,3.65625,0.5376056432723999,491.4941101074219,491.4941101074219,,,,,,,
1615,1783430310.889294,,,5.4736328125,3.8671875,1.6064453125,5.4736328125,,,,,,,,,,,,,,,,,
1620,1783430311.6056006,,,,,,,489.5349426269531,24.078125,0.7822603583335876,0.11682500690221786,32.491119384765625,0.19244520366191864,3.625,0.48548537492752075,489.5349426269531,489.5349426269531,,,,,,,
1625,1783430312.2359324,,,5.85302734375,4.134765625,1.71826171875,5.85302734375,,,,,,,,,,,,,,,,,
1630,1783430312.951493,,,,,,,484.75933837890625,22.25,0.7468699216842651,0.13912108540534973,28.47484016418457,0.18766842782497406,3.625,0.5271074771881104,484.75933837890625,484.75933837890625,,,,,,,
1635,1783430313.5831068,,,6.0556640625,4.2578125,1.7978515625,6.0556640625,,,,,,,,,,,,,,,,,
1640,1783430314.2981691,,,,,,,492.70257568359375,22.625,0.7680469751358032,0.13706372678279877,31.449783325195312,0.1914995014667511,3.65625,0.5173406004905701,492.70257568359375,492.70257568359375,,,,,,,
1645,1783430314.9305093,,,5.75390625,4.06640625,1.6875,5.75390625,,,,,,,,,,,,,,,,,
1650,1783430315.6522622,,,,,,,486.6358337402344,22.265625,0.7382190227508545,0.11925101280212402,29.519287109375,0.18528877198696136,3.65625,0.48726165294647217,486.6358337402344,486.6358337402344,,,,,,,
1655,1783430316.289823,,,5.6376953125,3.9921875,1.6455078125,5.6376953125,,,,,,,,,,,,,,,,,
1660,1783430317.0047615,,,,,,,482.1557312011719,21.65625,0.7271717190742493,0.13303185999393463,28.32982063293457,0.18533064424991608,3.625,0.5137916803359985,482.1557312011719,482.1557312011719,,,,,,,
1665,1783430317.6327322,,,5.9560546875,4.15625,1.7998046875,5.9560546875,,,,,,,,,,,,,,,,,
1670,1783430318.3426905,,,,,,,491.18048095703125,22.96875,0.7663040161132812,0.1281522512435913,30.484909057617188,0.1879739761352539,3.65625,0.5114995241165161,491.18048095703125,491.18048095703125,,,,,,,
1675,1783430318.973494,,,5.3896484375,3.76171875,1.6279296875,5.3896484375,,,,,,,,,,,,,,,,,
1680,1783430319.6907184,,,,,,,486.33953857421875,22.515625,0.7214539647102356,0.13146376609802246,29.060333251953125,0.18517376482486725,3.65625,0.4899883270263672,486.33953857421875,486.33953857421875,,,,,,,
1685,1783430320.320454,,,5.8076171875,4.23828125,1.5693359375,5.8076171875,,,,,,,,,,,,,,,,,
1690,1783430321.0314684,,,,,,,486.52392578125,22.453125,0.7647585272789001,0.12003307789564133,30.672317504882812,0.19153989851474762,3.625,0.510301947593689,486.52392578125,486.52392578125,,,,,,,
1695,1783430321.6642048,,,6.033203125,4.38671875,1.646484375,6.033203125,,,,,,,,,,,,,,,,,
1700,1783430322.3777869,,,,,,,480.81884765625,22.34375,0.7285616993904114,0.1271342635154724,28.32610511779785,0.18547941744327545,3.625,0.47324633598327637,480.81884765625,480.81884765625,,,,,,,
1705,1783430323.0068932,,,5.6669921875,4.166015625,1.5009765625,5.6669921875,,,,,,,,,,,,,,,,,
1710,1783430323.7187786,,,,,,,486.091064453125,22.90625,0.7378434538841248,0.13313409686088562,29.880573272705078,0.18627573549747467,3.625,0.527285635471344,486.091064453125,486.091064453125,,,,,,,
1715,1783430324.3543487,,,5.732421875,4.025390625,1.70703125,5.732421875,,,,,,,,,,,,,,,,,
1720,1783430325.07107,,,,,,,487.45947265625,22.25,0.7250967621803284,0.13767153024673462,29.937637329101562,0.18495406210422516,3.65625,0.4916514754295349,487.45947265625,487.45947265625,,,,,,,
1725,1783430325.7054503,,,5.439453125,3.822265625,1.6171875,5.439453125,,,,,,,,,,,,,,,,,
1730,1783430326.4254975,,,,,,,497.5277099609375,23.5,0.7903043031692505,0.13973736763000488,32.54100036621094,0.1942881941795349,3.65625,0.5531527996063232,497.5277099609375,497.5277099609375,,,,,,,
1735,1783430327.0573106,,,5.4658203125,3.875,1.5908203125,5.4658203125,,,,,,,,,,,,,,,,,
1740,1783430327.7743413,,,,,,,484.82281494140625,22.953125,0.7598947882652283,0.12474450469017029,29.608959197998047,0.18616019189357758,3.625,0.4905507564544678,484.82281494140625,484.82281494140625,,,,,,,
1745,1783430328.4058611,,,5.4580078125,3.919921875,1.5380859375,5.4580078125,,,,,,,,,,,,,,,,,
1750,1783430329.1192312,,,,,,,486.71697998046875,22.71875,0.7195966839790344,0.11892145872116089,29.47052001953125,0.1848515123128891,3.65625,0.49946802854537964,486.71697998046875,486.71697998046875,,,,,,,
1755,1783430329.7463453,,,5.431640625,3.8125,1.619140625,5.431640625,,,,,,,,,,,,,,,,,
1760,1783430330.460335,,,,,,,480.0122985839844,22.625,0.6912814378738403,0.12272751331329346,29.070775985717773,0.1817445456981659,3.625,0.4779475927352905,480.0122985839844,480.0122985839844,,,,,,,
1765,1783430331.087915,,,6.0341796875,4.275390625,1.7587890625,6.0341796875,,,,,,,,,,,,,,,,,
1770,1783430331.7997274,,,,,,,489.9382629394531,22.78125,0.7307077050209045,0.1414443701505661,29.640275955200195,0.1857004016637802,3.65625,0.5314086675643921,489.9382629394531,489.9382629394531,,,,,,,
1775,1783430332.4290133,,,5.6591796875,4.0234375,1.6357421875,5.6591796875,,,,,,,,,,,,,,,,,
1780,1783430333.1485145,,,,,,,485.9289245605469,22.46875,0.7454670071601868,0.11078868806362152,29.436262130737305,0.18773916363716125,3.65625,0.4676471948623657,485.9289245605469,485.9289245605469,,,,,,,
1785,1783430333.7819707,,,5.2578125,3.609375,1.6484375,5.2578125,,,,,,,,,,,,,,,,,
1790,1783430334.4972353,,,,,,,483.7206726074219,21.6875,0.7491681575775146,0.12492136657238007,29.75346565246582,0.18995511531829834,3.625,0.49772679805755615,483.7206726074219,483.7206726074219,,,,,,,
1795,1783430335.1340785,,,5.416015625,3.662109375,1.75390625,5.416015625,,,,,,,,,,,,,,,,,
1800,1783430335.8498785,,,,,,,485.70263671875,21.53125,0.7324538826942444,0.11398175358772278,29.780391693115234,0.1844978630542755,3.65625,0.4888663589954376,485.70263671875,485.70263671875,,,,,,,
1805,1783430336.4808953,,,5.681640625,3.978515625,1.703125,5.681640625,,,,,,,,,,,,,,,,,
1810,1783430337.1954226,,,,,,,479.9671630859375,20.984375,0.7367488741874695,0.09908285737037659,27.1387939453125,0.1854839324951172,3.65625,0.4418841004371643,479.9671630859375,479.9671630859375,,,,,,,
1815,1783430337.8250663,,,5.759765625,4.09765625,1.662109375,5.759765625,,,,,,,,,,,,,,,,,
1820,1783430338.5373874,,,,,,,487.92535400390625,22.25,0.7498300075531006,0.12435531616210938,29.905807495117188,0.18647177517414093,3.65625,0.48977750539779663,487.92535400390625,487.92535400390625,,,,,,,
1825,1783430339.1647239,,,5.7001953125,3.904296875,1.7958984375,5.7001953125,,,,,,,,,,,,,,,,,
1830,1783430339.8798845,,,,,,,493.263427734375,23.25,0.7544392943382263,0.142903670668602,31.156177520751953,0.18962961435317993,3.65625,0.5320776700973511,493.263427734375,493.263427734375,,,,,,,
1835,1783430340.5109446,,,5.72607421875,3.9423828125,1.78369140625,5.72607421875,,,,,,,,,,,,,,,,,
1840,1783430341.225755,,,,,,,486.84808349609375,22.71875,0.7528677582740784,0.12147334963083267,31.02412223815918,0.18865017592906952,3.625,0.5171241760253906,486.84808349609375,486.84808349609375,,,,,,,
1845,1783430341.8565483,,,5.5625,3.943359375,1.619140625,5.5625,,,,,,,,,,,,,,,,,
1850,1783430342.5712123,,,,,,,482.37921142578125,20.375,0.7170045375823975,0.1268530786037445,27.271224975585938,0.18453337252140045,3.65625,0.4990082383155823,482.37921142578125,482.37921142578125,,,,,,,
1855,1783430343.2018816,,,5.97412109375,4.29296875,1.68115234375,5.97412109375,,,,,,,,,,,,,,,,,
1860,1783430343.9215393,,,,,,,485.3270568847656,23.34375,0.7443830370903015,0.1184098869562149,30.5281982421875,0.18755356967449188,3.625,0.49310022592544556,485.3270568847656,485.3270568847656,,,,,,,
1865,1783430344.5519934,,,5.740234375,4.0078125,1.732421875,5.740234375,,,,,,,,,,,,,,,,,
1870,1783430345.269873,,,,,,,483.21905517578125,21.046875,0.7037897109985352,0.1318359673023224,26.974056243896484,0.18169325590133667,3.65625,0.5204170346260071,483.21905517578125,483.21905517578125,,,,,,,
1875,1783430345.9052181,,,5.0478515625,3.4619140625,1.5859375,5.0478515625,,,,,,,,,,,,,,,,,
1880,1783430346.624786,,,,,,,492.51214599609375,22.671875,0.7655274271965027,0.16244173049926758,30.898513793945312,0.19184894859790802,3.625,0.5899993181228638,492.51214599609375,492.51214599609375,,,,,,,
1885,1783430347.2595282,,,6.0927734375,4.3359375,1.7568359375,6.0927734375,,,,,,,,,,,,,,,,,
1890,1783430347.9854653,,,,,,,481.791259765625,21.4375,0.7245520353317261,0.11616137623786926,27.4150390625,0.1844327449798584,3.65625,0.46238091588020325,481.791259765625,481.791259765625,,,,,,,
1895,1783430348.6170566,,,5.927734375,4.13671875,1.791015625,5.927734375,,,,,,,,,,,,,,,,,
1900,1783430349.3307004,,,,,,,488.4842224121094,23.859375,0.7443893551826477,0.1320863962173462,31.56745147705078,0.18689408898353577,3.625,0.5156832933425903,488.4842224121094,488.4842224121094,,,,,,,
1905,1783430349.958678,,,5.7470703125,3.998046875,1.7490234375,5.7470703125,,,,,,,,,,,,,,,,,
1910,1783430350.6699007,,,,,,,483.5898132324219,22.3125,0.7656817436218262,0.11233517527580261,30.649147033691406,0.18841639161109924,3.625,0.458636999130249,483.5898132324219,483.5898132324219,,,,,,,
1915,1783430351.2995923,,,6.2822265625,4.541015625,1.7412109375,6.2822265625,,,,,,,,,,,,,,,,,
1920,1783430352.0138407,,,,,,,484.5812683105469,21.765625,0.7057185173034668,0.1252366453409195,29.140226364135742,0.18455789983272552,3.65625,0.4883846938610077,484.5812683105469,484.5812683105469,,,,,,,
1925,1783430352.6432278,,,5.6826171875,4.052734375,1.6298828125,5.6826171875,,,,,,,,,,,,,,,,,
1930,1783430353.39088,,,,,,,484.97174072265625,22.28125,0.7230982780456543,0.12189996242523193,28.681915283203125,0.18156057596206665,3.65625,0.4847428798675537,484.97174072265625,484.97174072265625,,,,,,,
1935,1783430354.020749,,,5.595703125,4.033203125,1.5625,5.595703125,,,,,,,,,,,,,,,,,
1940,1783430354.7360911,,,,,,,485.2831115722656,22.625,0.737851083278656,0.13205620646476746,30.276142120361328,0.18854905664920807,3.625,0.505586564540863,485.2831115722656,485.2831115722656,,,,,,,
1945,1783430355.363931,,,5.5634765625,3.95703125,1.6064453125,5.5634765625,,,,,,,,,,,,,,,,,
1950,1783430356.04443,,,,,,,482.83843994140625,19.2109375,0.7234354615211487,0.13359034061431885,26.854881286621094,0.18396508693695068,3.65625,0.5317337512969971,482.83843994140625,482.83843994140625,,,,,,,
1950,1783430357.4401498,,,,,,,,,,,,,,,,,437.5922982788086,0.7332525253295898,0.14902036286890508,0.18395275503396988,3.6372076749801634,0.5753639858961105,437.5922982788086
1950,1783430358.6985776,1254.3599559999734,531.7956619262695,,,,,,,,,,,,,,,,,,,,,
1950,1783430359.9525154,1250.0946199999703,531.7956619262695,,,,,,,,,,,,,,,,,,,,,
1955,1783430360.6375647,,,5.802734375,4.14453125,1.658203125,5.802734375,,,,,,,,,,,,,,,,,
1960,1783430361.3496912,,,,,,,485.3648681640625,22.5625,0.7217366099357605,0.13809779286384583,29.943008422851562,0.18472227454185486,3.625,0.5300964117050171,485.3648681640625,485.3648681640625,,,,,,,
1965,1783430361.9785774,,,6.037109375,4.328125,1.708984375,6.037109375,,,,,,,,,,,,,,,,,
1970,1783430362.6888752,,,,,,,489.2728576660156,22.3125,0.7146050930023193,0.12819021940231323,31.14162254333496,0.18349215388298035,3.65625,0.525240421295166,489.2728576660156,489.2728576660156,,,,,,,
1975,1783430363.3181489,,,5.921875,4.2890625,1.6328125,5.921875,,,,,,,,,,,,,,,,,
1980,1783430364.036918,,,,,,,489.7135925292969,22.703125,0.7424022555351257,0.132252037525177,29.851139068603516,0.18961629271507263,3.65625,0.5170474052429199,489.7135925292969,489.7135925292969,,,,,,,
1985,1783430364.6800065,,,6.3037109375,4.556640625,1.7470703125,6.3037109375,,,,,,,,,,,,,,,,,
1990,1783430365.391112,,,,,,,483.4089660644531,22.453125,0.7160292267799377,0.12467266619205475,29.774858474731445,0.18260712921619415,3.625,0.514046311378479,483.4089660644531,483.4089660644531,,,,,,,
1995,1783430366.0230012,,,6.458984375,4.65625,1.802734375,6.458984375,,,,,,,,,,,,,,,,,
2000,1783430366.7374628,,,,,,,486.68548583984375,22.09375,0.737089991569519,0.12782008945941925,28.74309539794922,0.18733352422714233,3.65625,0.49994829297065735,486.68548583984375,486.68548583984375,,,,,,,
2005,1783430367.3655639,,,5.4072265625,3.7109375,1.6962890625,5.4072265625,,,,,,,,,,,,,,,,,
2010,1783430368.0775623,,,,,,,483.8734436035156,22.28125,0.729448676109314,0.13615359365940094,29.433815002441406,0.1869516670703888,3.625,0.5065215826034546,483.8734436035156,483.8734436035156,,,,,,,
2015,1783430368.7036638,,,6.1103515625,4.455078125,1.6552734375,6.1103515625,,,,,,,,,,,,,,,,,
2020,1783430369.4197593,,,,,,,490.5384216308594,23.1875,0.7684577703475952,0.13628998398780823,29.7322940826416,0.1887114942073822,3.65625,0.4980660080909729,490.5384216308594,490.5384216308594,,,,,,,
2025,1783430370.0512142,,,6.3564453125,4.611328125,1.7451171875,6.3564453125,,,,,,,,,,,,,,,,,
2030,1783430370.767939,,,,,,,486.8293762207031,22.15625,0.7407955527305603,0.1261242926120758,28.804443359375,0.18626581132411957,3.65625,0.49945133924484253,486.8293762207031,486.8293762207031,,,,,,,
2035,1783430371.3941872,,,5.6484375,3.916015625,1.732421875,5.6484375,,,,,,,,,,,,,,,,,
2040,1783430372.1074617,,,,,,,486.66357421875,22.328125,0.7313405275344849,0.12429236620664597,29.391277313232422,0.18564514815807343,3.65625,0.49081385135650635,486.66357421875,486.66357421875,,,,,,,
2045,1783430372.7430575,,,5.779296875,4.130859375,1.6484375,5.779296875,,,,,,,,,,,,,,,,,
2050,1783430373.4617782,,,,,,,481.8603515625,22.28125,0.7137423753738403,0.1056659072637558,27.93390464782715,0.1838930994272232,3.65625,0.455480694770813,481.8603515625,481.8603515625,,,,,,,
2055,1783430374.0945437,,,5.89453125,4.228515625,1.666015625,5.89453125,,,,,,,,,,,,,,,,,
2060,1783430374.8067226,,,,,,,487.8651428222656,22.890625,0.74985271692276,0.12357453256845474,30.096263885498047,0.1887037307024002,3.65625,0.46849730610847473,487.8651428222656,487.8651428222656,,,,,,,
2065,1783430375.4339921,,,5.7099609375,4.087890625,1.6220703125,5.7099609375,,,,,,,,,,,,,,,,,
2070,1783430376.151057,,,,,,,488.8726501464844,21.90625,0.7479334473609924,0.1434108018875122,29.093225479125977,0.1893322467803955,3.65625,0.5165048837661743,488.8726501464844,488.8726501464844,,,,,,,
2075,1783430376.7812355,,,5.8798828125,4.123046875,1.7568359375,5.8798828125,,,,,,,,,,,,,,,,,
2080,1783430377.4962158,,,,,,,485.1584777832031,23.71875,0.7143535017967224,0.11835217475891113,31.18252944946289,0.18643903732299805,3.625,0.49768227338790894,485.1584777832031,485.1584777832031,,,,,,,
2085,1783430378.1287813,,,5.67333984375,3.951171875,1.72216796875,5.67333984375,,,,,,,,,,,,,,,,,
2090,1783430378.8401506,,,,,,,484.9609375,22.140625,0.7705149054527283,0.1259220540523529,29.55718994140625,0.19237783551216125,3.625,0.49481016397476196,484.9609375,484.9609375,,,,,,,
2095,1783430379.470136,,,5.7451171875,4.125,1.6201171875,5.7451171875,,,,,,,,,,,,,,,,,
2100,1783430380.1865282,,,,,,,483.1913757324219,21.28125,0.7228410840034485,0.12041254341602325,28.00988006591797,0.1856929063796997,3.65625,0.479947566986084,483.1913757324219,483.1913757324219,,,,,,,
2105,1783430380.8172488,,,5.5546875,3.84765625,1.70703125,5.5546875,,,,,,,,,,,,,,,,,
2110,1783430381.5329523,,,,,,,490.0341796875,22.5625,0.7335242629051208,0.14079108834266663,31.631576538085938,0.1868433803319931,3.625,0.5797325372695923,490.0341796875,490.0341796875,,,,,,,
2115,1783430382.1701183,,,5.509765625,3.755859375,1.75390625,5.509765625,,,,,,,,,,,,,,,,,
2120,1783430382.8872724,,,,,,,487.1003112792969,22.078125,0.725078821182251,0.1408197581768036,28.231882095336914,0.18334005773067474,3.65625,0.52387934923172,487.1003112792969,487.1003112792969,,,,,,,
2125,1783430383.5185459,,,6.0048828125,4.177734375,1.8271484375,6.0048828125,,,,,,,,,,,,,,,,,
2130,1783430384.2335155,,,,,,,483.8586120605469,22.3125,0.7209598422050476,0.13614997267723083,28.5084171295166,0.18297316133975983,3.625,0.538533091545105,483.8586120605469,483.8586120605469,,,,,,,
2135,1783430384.8643007,,,5.7841796875,4.083984375,1.7001953125,5.7841796875,,,,,,,,,,,,,,,,,
2140,1783430385.5798972,,,,,,,488.7756042480469,23.390625,0.7412325739860535,0.12167416512966156,30.026105880737305,0.18453390896320343,3.65625,0.49386829137802124,488.7756042480469,488.7756042480469,,,,,,,
2145,1783430386.2106905,,,5.748046875,4.064453125,1.68359375,5.748046875,,,,,,,,,,,,,,,,,
2150,1783430386.92968,,,,,,,483.4842529296875,21.34375,0.6958411931991577,0.12223970144987106,27.276485443115234,0.17905639111995697,3.65625,0.5331737995147705,483.4842529296875,483.4842529296875,,,,,,,
2155,1783430387.5637875,,,5.7890625,4.01953125,1.76953125,5.7890625,,,,,,,,,,,,,,,,,
2160,1783430388.2823017,,,,,,,486.07598876953125,21.015625,0.7344332337379456,0.16619552671909332,28.51866912841797,0.1833609640598297,3.625,0.5724923610687256,486.07598876953125,486.07598876953125,,,,,,,
2165,1783430388.9146574,,,6.2509765625,4.42578125,1.8251953125,6.2509765625,,,,,,,,,,,,,,,,,
2170,1783430389.6308613,,,,,,,483.2936706542969,22.90625,0.7361217737197876,0.12518924474716187,29.693462371826172,0.1854476034641266,3.625,0.4797738194465637,483.2936706542969,483.2936706542969,,,,,,,
2175,1783430390.264983,,,6.3046875,4.35546875,1.94921875,6.3046875,,,,,,,,,,,,,,,,,
2180,1783430390.9818046,,,,,,,482.4635314941406,21.96875,0.7048868536949158,0.11044248938560486,28.471858978271484,0.17984861135482788,3.65625,0.47199755907058716,482.4635314941406,482.4635314941406,,,,,,,
2185,1783430391.6122212,,,6.1171875,4.25,1.8671875,6.1171875,,,,,,,,,,,,,,,,,
2190,1783430392.3308616,,,,,,,486.8887023925781,22.359375,0.719898521900177,0.13068830966949463,28.370500564575195,0.18488574028015137,3.65625,0.5236116051673889,486.8887023925781,486.8887023925781,,,,,,,
2195,1783430392.9622674,,,5.5830078125,3.923828125,1.6591796875,5.5830078125,,,,,,,,,,,,,,,,,
2200,1783430393.6806824,,,,,,,483.7906494140625,22.390625,0.7497720718383789,0.11695688962936401,29.13764762878418,0.18923510611057281,3.625,0.5054222345352173,483.7906494140625,483.7906494140625,,,,,,,
2205,1783430394.3161564,,,5.7626953125,4.099609375,1.6630859375,5.7626953125,,,,,,,,,,,,,,,,,
2210,1783430395.0360916,,,,,,,487.6155090332031,22.40625,0.7534389495849609,0.1362564116716385,30.707460403442383,0.1887594759464264,3.625,0.5326963663101196,487.6155090332031,487.6155090332031,,,,,,,
2215,1783430395.6717043,,,6.0986328125,4.322265625,1.7763671875,6.0986328125,,,,,,,,,,,,,,,,,
2220,1783430396.3862767,,,,,,,488.0511779785156,22.875,0.7623159885406494,0.11665116250514984,29.591413497924805,0.18848271667957306,3.65625,0.47887831926345825,488.0511779785156,488.0511779785156,,,,,,,
2225,1783430397.0149982,,,5.416015625,3.7041015625,1.7119140625,5.416015625,,,,,,,,,,,,,,,,,
2230,1783430397.72912,,,,,,,488.8783874511719,22.921875,0.7832536101341248,0.12937283515930176,30.768831253051758,0.19243943691253662,3.625,0.521327018737793,488.8783874511719,488.8783874511719,,,,,,,
2235,1783430398.3605187,,,5.7412109375,4.115234375,1.6259765625,5.7412109375,,,,,,,,,,,,,,,,,
2240,1783430399.0741513,,,,,,,486.4141845703125,23.375,0.748929500579834,0.11880360543727875,32.15513610839844,0.1893036663532257,3.609375,0.5181633830070496,486.4141845703125,486.4141845703125,,,,,,,
2245,1783430399.7063255,,,5.986328125,4.19921875,1.787109375,5.986328125,,,,,,,,,,,,,,,,,
2250,1783430400.4233086,,,,,,,483.5458068847656,22.4375,0.7588765621185303,0.11221451312303543,31.036083221435547,0.1883505880832672,3.625,0.45327478647232056,483.5458068847656,483.5458068847656,,,,,,,
2255,1783430401.0540862,,,5.865234375,4.234375,1.630859375,5.865234375,,,,,,,,,,,,,,,,,
2260,1783430401.76737,,,,,,,483.5154724121094,22.140625,0.7057722806930542,0.11171095073223114,28.92129898071289,0.18011218309402466,3.65625,0.47915053367614746,483.5154724121094,483.5154724121094,,,,,,,
2265,1783430402.396016,,,5.9306640625,4.15625,1.7744140625,5.9306640625,,,,,,,,,,,,,,,,,
2270,1783430403.1158834,,,,,,,482.42071533203125,21.421875,0.693170964717865,0.12561911344528198,27.796226501464844,0.18069729208946228,3.65625,0.4939042329788208,482.42071533203125,482.42071533203125,,,,,,,
2275,1783430403.7512867,,,5.6318359375,4.0078125,1.6240234375,5.6318359375,,,,,,,,,,,,,,,,,
2280,1783430404.4685395,,,,,,,484.3022766113281,22.109375,0.7270979881286621,0.1416856050491333,29.04862403869629,0.18491625785827637,3.625,0.5272843837738037,484.3022766113281,484.3022766113281,,,,,,,
2285,1783430405.097783,,,5.537109375,3.89453125,1.642578125,5.537109375,,,,,,,,,,,,,,,,,
2290,1783430405.8093235,,,,,,,489.00958251953125,22.078125,0.7225487232208252,0.13675051927566528,29.70965576171875,0.18445077538490295,3.65625,0.5389560461044312,489.00958251953125,489.00958251953125,,,,,,,
2295,1783430406.4427598,,,6.0400390625,4.31640625,1.7236328125,6.0400390625,,,,,,,,,,,,,,,,,
2300,1783430407.1587303,,,,,,,486.4709167480469,22.453125,0.7419568300247192,0.11173424124717712,29.01671600341797,0.1873893439769745,3.65625,0.4922763407230377,486.4709167480469,486.4709167480469,,,,,,,
2305,1783430407.7900755,,,6.02392578125,4.33203125,1.69189453125,6.02392578125,,,,,,,,,,,,,,,,,
2310,1783430408.506265,,,,,,,481.5205078125,22.5625,0.736290454864502,0.10605905950069427,29.220935821533203,0.18443576991558075,3.625,0.47848302125930786,481.5205078125,481.5205078125,,,,,,,
2315,1783430409.1414852,,,6.1796875,4.314453125,1.865234375,6.1796875,,,,,,,,,,,,,,,,,
2320,1783430409.854903,,,,,,,492.7899169921875,22.84375,0.7425269484519958,0.16074511408805847,29.371742248535156,0.18553674221038818,3.65625,0.568401575088501,492.7899169921875,492.7899169921875,,,,,,,
2325,1783430410.484414,,,5.8720703125,4.25390625,1.6181640625,5.8720703125,,,,,,,,,,,,,,,,,
2330,1783430411.1940317,,,,,,,483.6639099121094,22.90625,0.7251946926116943,0.12606503069400787,29.912841796875,0.18465079367160797,3.625,0.49397414922714233,483.6639099121094,483.6639099121094,,,,,,,
2335,1783430411.8199859,,,6.0341796875,4.33203125,1.7021484375,6.0341796875,,,,,,,,,,,,,,,,,
2340,1783430412.4979434,,,,,,,474.9875793457031,18.8125,0.7353919744491577,0.12921757996082306,26.174121856689453,0.18715228140354156,3.625,0.4593702554702759,474.9875793457031,474.9875793457031,,,,,,,
2340,1783430413.8545413,,,,,,,,,,,,,,,,,437.50686431884765,0.7348490911722183,0.14793470315635204,0.18336239144206046,3.6362453484535218,0.575683374106884,437.50686431884765
2340,1783430415.1292112,1269.5644620000053,531.7956619262695,,,,,,,,,,,,,,,,,,,,,
2340,1783430416.3637152,1230.5726490000097,531.7956619262695,,,,,,,,,,,,,,,,,,,,,
2345,1783430417.05184,,,6.205078125,4.533203125,1.671875,6.205078125,,,,,,,,,,,,,,,,,
2350,1783430417.7633064,,,,,,,476.107177734375,21.375,0.6846912503242493,0.10465037822723389,26.722274780273438,0.17758060991764069,3.65625,0.4110761880874634,476.107177734375,476.107177734375,,,,,,,
2355,1783430418.389084,,,6.0927734375,4.298828125,1.7939453125,6.0927734375,,,,,,,,,,,,,,,,,
2360,1783430419.0987196,,,,,,,481.43743896484375,21.890625,0.7167272567749023,0.13290748000144958,27.96846580505371,0.18380340933799744,3.625,0.5127477645874023,481.43743896484375,481.43743896484375,,,,,,,
2365,1783430419.727233,,,6.091796875,4.298828125,1.79296875,6.091796875,,,,,,,,,,,,,,,,,
2370,1783430420.4417028,,,,,,,484.560791015625,22.4375,0.7534708976745605,0.12250068038702011,29.473373413085938,0.186354398727417,3.625,0.5076716542243958,484.560791015625,484.560791015625,,,,,,,
2375,1783430421.0830982,,,5.759765625,3.986328125,1.7734375,5.759765625,,,,,,,,,,,,,,,,,
2380,1783430421.798749,,,,,,,486.6469421386719,22.90625,0.7177037596702576,0.13171124458312988,31.143728256225586,0.18349790573120117,3.625,0.5359079837799072,486.6469421386719,486.6469421386719,,,,,,,
2385,1783430422.4264443,,,5.7158203125,4.0439453125,1.671875,5.7158203125,,,,,,,,,,,,,,,,,
2390,1783430423.1382773,,,,,,,481.0724182128906,22.4375,0.7380062937736511,0.11883172392845154,28.112934112548828,0.1855139583349228,3.625,0.4803595542907715,481.0724182128906,481.0724182128906,,,,,,,
2395,1783430423.7690282,,,5.7412109375,4.04296875,1.6982421875,5.7412109375,,,,,,,,,,,,,,,,,
2400,1783430424.4815297,,,,,,,481.4726257324219,21.34375,0.7080201506614685,0.11266939342021942,27.90463638305664,0.1821553111076355,3.65625,0.46880513429641724,481.4726257324219,481.4726257324219,,,,,,,
2405,1783430425.111444,,,5.943359375,4.21875,1.724609375,5.943359375,,,,,,,,,,,,,,,,,
2410,1783430425.8206723,,,,,,,483.5635070800781,21.890625,0.7503914833068848,0.1108999252319336,29.97041130065918,0.19147981703281403,3.625,0.49617284536361694,483.5635070800781,483.5635070800781,,,,,,,
2415,1783430426.4493456,,,5.705078125,3.99609375,1.708984375,5.705078125,,,,,,,,,,,,,,,,,
2420,1783430427.1620936,,,,,,,487.06121826171875,22.515625,0.7129149436950684,0.1261344999074936,29.35772705078125,0.18057093024253845,3.65625,0.5178871154785156,487.06121826171875,487.06121826171875,,,,,,,
2425,1783430427.7897022,,,5.63671875,3.970703125,1.666015625,5.63671875,,,,,,,,,,,,,,,,,
2430,1783430428.5006886,,,,,,,475.5579833984375,21.046875,0.7271347045898438,0.1001494750380516,27.412317276000977,0.18217213451862335,3.625,0.43718305230140686,475.5579833984375,475.5579833984375,,,,,,,
2435,1783430429.1327472,,,5.77587890625,3.857421875,1.91845703125,5.77587890625,,,,,,,,,,,,,,,,,
2440,1783430429.8433235,,,,,,,484.28631591796875,22.5,0.7431714534759521,0.13110977411270142,30.45702362060547,0.1868491768836975,3.625,0.4795205891132355,484.28631591796875,484.28631591796875,,,,,,,
2445,1783430430.470616,,,5.5205078125,3.89453125,1.6259765625,5.5205078125,,,,,,,,,,,,,,,,,
2450,1783430431.183861,,,,,,,481.37530517578125,22.515625,0.7230589985847473,0.11569635570049286,29.700817108154297,0.18404637277126312,3.625,0.46961820125579834,481.37530517578125,481.37530517578125,,,,,,,
2455,1783430431.812763,,,5.853515625,4.162109375,1.69140625,5.853515625,,,,,,,,,,,,,,,,,
2460,1783430432.5225713,,,,,,,487.8934020996094,21.203125,0.7470883131027222,0.14980071783065796,28.97420883178711,0.18514348566532135,3.65625,0.5116581916809082,487.8934020996094,487.8934020996094,,,,,,,
2465,1783430433.1489623,,,6.3662109375,4.546875,1.8193359375,6.3662109375,,,,,,,,,,,,,,,,,
2470,1783430433.857372,,,,,,,480.98480224609375,21.578125,0.7138867974281311,0.10783486068248749,28.28635025024414,0.1823815554380417,3.65625,0.4430152177810669,480.98480224609375,480.98480224609375,,,,,,,
2475,1783430434.4848094,,,5.904296875,4.06640625,1.837890625,5.904296875,,,,,,,,,,,,,,,,,
2480,1783430435.193297,,,,,,,484.4065856933594,22.546875,0.7249984741210938,0.12657183408737183,30.294301986694336,0.18634046614170074,3.625,0.5079866647720337,484.4065856933594,484.4065856933594,,,,,,,
2485,1783430435.8249018,,,6.1650390625,4.423828125,1.7412109375,6.1650390625,,,,,,,,,,,,,,,,,
2490,1783430436.5421607,,,,,,,481.57757568359375,22.09375,0.7363704442977905,0.10694717615842819,30.297988891601562,0.18521760404109955,3.625,0.46448445320129395,481.57757568359375,481.57757568359375,,,,,,,
2495,1783430437.1736133,,,5.908203125,4.169921875,1.73828125,5.908203125,,,,,,,,,,,,,,,,,
2500,1783430437.8863873,,,,,,,486.32183837890625,21.125,0.7577171325683594,0.12853094935417175,28.372119903564453,0.18893419206142426,3.65625,0.4986999034881592,486.32183837890625,486.32183837890625,,,,,,,
2505,1783430438.5163941,,,5.5576171875,3.873046875,1.6845703125,5.5576171875,,,,,,,,,,,,,,,,,
2510,1783430439.231019,,,,,,,484.18438720703125,22.75,0.7231239080429077,0.12542790174484253,30.148359298706055,0.1851365715265274,3.625,0.5060008764266968,484.18438720703125,484.18438720703125,,,,,,,
2515,1783430439.8605568,,,5.59912109375,3.931640625,1.66748046875,5.59912109375,,,,,,,,,,,,,,,,,
2520,1783430440.57891,,,,,,,480.35205078125,21.84375,0.6933377385139465,0.12077512592077255,28.444671630859375,0.18162107467651367,3.625,0.516791582107544,480.35205078125,480.35205078125,,,,,,,
2525,1783430441.2102146,,,6.1767578125,4.341796875,1.8349609375,6.1767578125,,,,,,,,,,,,,,,,,
2530,1783430441.9261496,,,,,,,487.178466796875,21.390625,0.7399269342422485,0.14623120427131653,28.538423538208008,0.18368594348430634,3.65625,0.5134760141372681,487.178466796875,487.178466796875,,,,,,,
2535,1783430442.558908,,,5.619140625,3.8125,1.806640625,5.619140625,,,,,,,,,,,,,,,,,
2540,1783430443.2782867,,,,,,,489.220947265625,22.703125,0.7321696877479553,0.1467401385307312,30.573392868041992,0.18980377912521362,3.625,0.5744963884353638,489.220947265625,489.220947265625,,,,,,,
2545,1783430443.910245,,,5.7939453125,4.017578125,1.7763671875,5.7939453125,,,,,,,,,,,,,,,,,
2550,1783430444.6252558,,,,,,,482.6844787597656,22.59375,0.7368475794792175,0.12269708514213562,28.827983856201172,0.18721845746040344,3.625,0.49240949749946594,482.6844787597656,482.6844787597656,,,,,,,
2555,1783430445.2541664,,,5.59619140625,4.0390625,1.55712890625,5.59619140625,,,,,,,,,,,,,,,,,
2560,1783430445.9673202,,,,,,,484.34259033203125,21.78125,0.7421515583992004,0.12331881374120712,28.263669967651367,0.18577778339385986,3.65625,0.4664781391620636,484.34259033203125,484.34259033203125,,,,,,,
2565,1783430446.6142426,,,5.5048828125,3.798828125,1.7060546875,5.5048828125,,,,,,,,,,,,,,,,,
2570,1783430447.3239443,,,,,,,486.2187194824219,22.90625,0.7820478081703186,0.13378950953483582,29.329689025878906,0.19089868664741516,3.625,0.49288153648376465,486.2187194824219,486.2187194824219,,,,,,,
2575,1783430447.9505749,,,6.193359375,4.421875,1.771484375,6.193359375,,,,,,,,,,,,,,,,,
2580,1783430448.6648333,,,,,,,482.8193054199219,22.609375,0.702373743057251,0.13043037056922913,28.93398666381836,0.18033254146575928,3.625,0.5263293981552124,482.8193054199219,482.8193054199219,,,,,,,
2585,1783430449.2928436,,,5.6767578125,4.015625,1.6611328125,5.6767578125,,,,,,,,,,,,,,,,,
2590,1783430450.0012732,,,,,,,486.0966491699219,23.09375,0.7344451546669006,0.12978443503379822,29.71591567993164,0.1869642287492752,3.625,0.5329612493515015,486.0966491699219,486.0966491699219,,,,,,,
2595,1783430450.6305945,,,5.7099609375,3.951171875,1.7587890625,5.7099609375,,,,,,,,,,,,,,,,,
2600,1783430451.349374,,,,,,,481.4353942871094,22.828125,0.7168260812759399,0.12739235162734985,28.720590591430664,0.18152892589569092,3.625,0.4828454852104187,481.4353942871094,481.4353942871094,,,,,,,
2605,1783430451.978361,,,6.283203125,4.5078125,1.775390625,6.283203125,,,,,,,,,,,,,,,,,
2610,1783430452.6890616,,,,,,,484.63250732421875,21.46875,0.7144998908042908,0.12354758381843567,28.823867797851562,0.18272066116333008,3.65625,0.4978959858417511,484.63250732421875,484.63250732421875,,,,,,,
2615,1783430453.3149607,,,5.9658203125,4.205078125,1.7607421875,5.9658203125,,,,,,,,,,,,,,,,,
2620,1783430454.0308218,,,,,,,487.0606689453125,22.03125,0.7402368187904358,0.14975833892822266,29.38794708251953,0.1887420117855072,3.625,0.5577398538589478,487.0606689453125,487.0606689453125,,,,,,,
2625,1783430454.659907,,,5.552734375,3.818359375,1.734375,5.552734375,,,,,,,,,,,,,,,,,
2630,1783430455.374917,,,,,,,484.4332580566406,23.09375,0.732177197933197,0.11274094134569168,30.54144287109375,0.18452012538909912,3.625,0.499408096075058,484.4332580566406,484.4332580566406,,,,,,,
2635,1783430456.0026119,,,5.9853515625,4.162109375,1.8232421875,5.9853515625,,,,,,,,,,,,,,,,,
2640,1783430456.7159982,,,,,,,486.072509765625,23.140625,0.7364802360534668,0.12777099013328552,30.308719635009766,0.18576955795288086,3.625,0.5193830728530884,486.072509765625,486.072509765625,,,,,,,
2645,1783430457.3471332,,,6.4501953125,4.646484375,1.8037109375,6.4501953125,,,,,,,,,,,,,,,,,
2650,1783430458.0611398,,,,,,,478.0505676269531,20.859375,0.7038768529891968,0.09565208852291107,26.57093048095703,0.17922277748584747,3.65625,0.457253634929657,478.0505676269531,478.0505676269531,,,,,,,
2655,1783430458.6898317,,,5.900390625,4.0703125,1.830078125,5.900390625,,,,,,,,,,,,,,,,,
2660,1783430459.4002745,,,,,,,486.2136535644531,22.4375,0.7544561624526978,0.12799951434135437,29.868114471435547,0.18861088156700134,3.625,0.5268899202346802,486.2136535644531,486.2136535644531,,,,,,,
2665,1783430460.026737,,,6.2607421875,4.466796875,1.7939453125,6.2607421875,,,,,,,,,,,,,,,,,
2670,1783430460.7371817,,,,,,,483.01629638671875,22.984375,0.726979672908783,0.11834464967250824,29.486587524414062,0.18656371533870697,3.625,0.49134278297424316,483.01629638671875,483.01629638671875,,,,,,,
2675,1783430461.3647947,,,5.22998046875,3.580078125,1.64990234375,5.22998046875,,,,,,,,,,,,,,,,,
2680,1783430462.0771995,,,,,,,484.8217468261719,22.546875,0.7391061782836914,0.13567477464675903,29.992393493652344,0.18859517574310303,3.625,0.4984562397003174,484.8217468261719,484.8217468261719,,,,,,,
2685,1783430462.7085204,,,5.939453125,4.181640625,1.7578125,5.939453125,,,,,,,,,,,,,,,,,
2690,1783430463.4228663,,,,,,,483.2667236328125,22.125,0.7154520750045776,0.11184500902891159,29.082794189453125,0.18128715455532074,3.65625,0.459392249584198,483.2667236328125,483.2667236328125,,,,,,,
2695,1783430464.0555208,,,6.1484375,4.38671875,1.76171875,6.1484375,,,,,,,,,,,,,,,,,
2700,1783430464.7691166,,,,,,,487.69622802734375,21.921875,0.757002592086792,0.1266537308692932,28.23375701904297,0.18786756694316864,3.65625,0.5182662606239319,487.69622802734375,487.69622802734375,,,,,,,
2705,1783430465.3993416,,,5.7421875,4.017578125,1.724609375,5.7421875,,,,,,,,,,,,,,,,,
2710,1783430466.1153247,,,,,,,482.1492919921875,21.609375,0.7133835554122925,0.10683800280094147,28.547805786132812,0.1820436269044876,3.65625,0.4642259180545807,482.1492919921875,482.1492919921875,,,,,,,
2715,1783430466.744932,,,6.1943359375,4.322265625,1.8720703125,6.1943359375,,,,,,,,,,,,,,,,,
2720,1783430467.4533794,,,,,,,485.8218994140625,22.328125,0.7265777587890625,0.11887133866548538,29.44416046142578,0.18345904350280762,3.65625,0.4833063781261444,485.8218994140625,485.8218994140625,,,,,,,
2725,1783430468.078919,,,6.03515625,4.326171875,1.708984375,6.03515625,,,,,,,,,,,,,,,,,
2730,1783430468.7565818,,,,,,,470.1222229003906,18.0625,0.7164353728294373,0.11063104122877121,23.5328426361084,0.18245607614517212,3.625,0.4688529074192047,470.1222229003906,470.1222229003906,,,,,,,
2730,1783430470.1182914,,,,,,,,,,,,,,,,,437.5212240600586,0.7346655106544495,0.14870405800640582,0.18387703895568847,3.6356170892715456,0.5762982547283173,437.5212240600586
2730,1783430471.4196224,1296.9426800000292,531.7956619262695,,,,,,,,,,,,,,,,,,,,,
2735,1783430472.0965652,,,5.7109375,3.994140625,1.716796875,5.7109375,,,,,,,,,,,,,,,,,
2740,1783430472.8123863,,,,,,,478.3697509765625,21.359375,0.7254862785339355,0.11566068232059479,27.39971160888672,0.18377146124839783,3.625,0.47754013538360596,478.3697509765625,478.3697509765625,,,,,,,
2745,1783430473.4434159,,,6.169921875,4.453125,1.716796875,6.169921875,,,,,,,,,,,,,,,,,
2750,1783430474.15397,,,,,,,485.167236328125,20.78125,0.7282665371894836,0.13790416717529297,27.519121170043945,0.1835775226354599,3.65625,0.5250703692436218,485.167236328125,485.167236328125,,,,,,,
2755,1783430474.7807853,,,5.7392578125,4.048828125,1.6904296875,5.7392578125,,,,,,,,,,,,,,,,,
2760,1783430475.491569,,,,,,,485.18621826171875,23.03125,0.7546373605728149,0.11951550096273422,29.810070037841797,0.19104237854480743,3.625,0.4980248808860779,485.18621826171875,485.18621826171875,,,,,,,
2765,1783430476.1296322,,,5.8212890625,4.15234375,1.6689453125,5.8212890625,,,,,,,,,,,,,,,,,
2770,1783430476.8469121,,,,,,,484.87957763671875,22.5,0.7529827356338501,0.13238465785980225,30.173057556152344,0.18691964447498322,3.625,0.4878583252429962,484.87957763671875,484.87957763671875,,,,,,,
2775,1783430477.4780998,,,5.9091796875,4.107421875,1.8017578125,5.9091796875,,,,,,,,,,,,,,,,,
2780,1783430478.1935613,,,,,,,479.7876892089844,21.578125,0.7224071025848389,0.09858494251966476,27.163557052612305,0.18282295763492584,3.65625,0.4416523277759552,479.7876892089844,479.7876892089844,,,,,,,
2785,1783430478.8232317,,,5.59765625,3.796875,1.80078125,5.59765625,,,,,,,,,,,,,,,,,
2790,1783430479.5377572,,,,,,,479.2637939453125,22.109375,0.6984747052192688,0.12155856192111969,29.403011322021484,0.17951083183288574,3.625,0.46159833669662476,479.2637939453125,479.2637939453125,,,,,,,
2795,1783430480.16843,,,5.7421875,4.017578125,1.724609375,5.7421875,,,,,,,,,,,,,,,,,
2800,1783430480.8833408,,,,,,,489.9925537109375,22.4375,0.7586656808853149,0.1554579734802246,30.146005630493164,0.18719597160816193,3.625,0.5744373798370361,489.9925537109375,489.9925537109375,,,,,,,
2805,1783430481.5155585,,,6.0390625,4.318359375,1.720703125,6.0390625,,,,,,,,,,,,,,,,,
2810,1783430482.2344,,,,,,,480.9894714355469,21.265625,0.7307102680206299,0.12354061007499695,28.589393615722656,0.18280254304409027,3.625,0.49926823377609253,480.9894714355469,480.9894714355469,,,,,,,
2815,1783430482.8648124,,,5.9921875,4.21484375,1.77734375,5.9921875,,,,,,,,,,,,,,,,,
2820,1783430483.581129,,,,,,,485.2642517089844,21.71875,0.7401772737503052,0.1487026810646057,28.99258041381836,0.18722926080226898,3.625,0.5361775755882263,485.2642517089844,485.2642517089844,,,,,,,
2825,1783430484.2158284,,,5.853515625,4.015625,1.837890625,5.853515625,,,,,,,,,,,,,,,,,
2830,1783430484.930872,,,,,,,484.5124206542969,22.28125,0.7614372372627258,0.12369407713413239,29.236614227294922,0.18940122425556183,3.625,0.5031250715255737,484.5124206542969,484.5124206542969,,,,,,,
2835,1783430485.5619593,,,6.1044921875,4.240234375,1.8642578125,6.1044921875,,,,,,,,,,,,,,,,,
2840,1783430486.271724,,,,,,,480.47515869140625,22.515625,0.7237119674682617,0.10691574960947037,29.029382705688477,0.18620437383651733,3.625,0.4705040454864502,480.47515869140625,480.47515869140625,,,,,,,
2845,1783430486.9021444,,,6.169921875,4.330078125,1.83984375,6.169921875,,,,,,,,,,,,,,,,,
2850,1783430487.6189806,,,,,,,478.7467041015625,21.921875,0.7213426828384399,0.10699477791786194,28.287586212158203,0.18309512734413147,3.625,0.46717244386672974,478.7467041015625,478.7467041015625,,,,,,,
2855,1783430488.251026,,,6.03125,4.2265625,1.8046875,6.03125,,,,,,,,,,,,,,,,,
2860,1783430488.9646394,,,,,,,491.38067626953125,22.765625,0.7872868776321411,0.13599741458892822,28.917734146118164,0.1931181401014328,3.65625,0.5213159322738647,491.38067626953125,491.38067626953125,,,,,,,
2865,1783430489.5934212,,,5.5703125,3.87109375,1.69921875,5.5703125,,,,,,,,,,,,,,,,,
2870,1783430490.3339968,,,,,,,488.9376525878906,22.703125,0.7687819004058838,0.14020371437072754,30.80326271057129,0.18953770399093628,3.625,0.5332821607589722,488.9376525878906,488.9376525878906,,,,,,,
2875,1783430490.9641337,,,5.4921875,3.818359375,1.673828125,5.4921875,,,,,,,,,,,,,,,,,
2880,1783430491.6773632,,,,,,,482.0365905761719,21.421875,0.7228226065635681,0.11332924664020538,27.570589065551758,0.1832636147737503,3.65625,0.4704541265964508,482.0365905761719,482.0365905761719,,,,,,,
2885,1783430492.3054264,,,6.150390625,4.326171875,1.82421875,6.150390625,,,,,,,,,,,,,,,,,
2890,1783430493.016893,,,,,,,486.09283447265625,22.265625,0.7371169328689575,0.13998353481292725,29.6859188079834,0.18755273520946503,3.625,0.5384865999221802,486.09283447265625,486.09283447265625,,,,,,,
2895,1783430493.6453543,,,5.931640625,4.072265625,1.859375,5.931640625,,,,,,,,,,,,,,,,,
2900,1783430494.3587723,,,,,,,486.0547180175781,22.375,0.7386711239814758,0.12500730156898499,30.07788848876953,0.18814361095428467,3.625,0.5393296480178833,486.0547180175781,486.0547180175781,,,,,,,
2905,1783430494.9842923,,,5.7177734375,3.85546875,1.8623046875,5.7177734375,,,,,,,,,,,,,,,,,
2910,1783430495.6983197,,,,,,,483.1928405761719,22.171875,0.7278269529342651,0.12569311261177063,28.790130615234375,0.18611691892147064,3.625,0.5210486054420471,483.1928405761719,483.1928405761719,,,,,,,
2915,1783430496.3240168,,,5.7666015625,4.015625,1.7509765625,5.7666015625,,,,,,,,,,,,,,,,,
2920,1783430497.0368705,,,,,,,484.39581298828125,22.53125,0.7182453274726868,0.14390087127685547,29.217758178710938,0.18284045159816742,3.625,0.5249427556991577,484.39581298828125,484.39581298828125,,,,,,,
2925,1783430497.66802,,,5.7978515625,4.22265625,1.5751953125,5.7978515625,,,,,,,,,,,,,,,,,
2930,1783430498.3783283,,,,,,,480.84039306640625,21.859375,0.7161990404129028,0.11232350021600723,28.85113525390625,0.1841713786125183,3.625,0.5013031363487244,480.84039306640625,480.84039306640625,,,,,,,
2935,1783430499.004665,,,6.1220703125,4.24609375,1.8759765625,6.1220703125,,,,,,,,,,,,,,,,,
2940,1783430499.7174177,,,,,,,485.4894104003906,21.96875,0.7158663272857666,0.12983311712741852,27.660518646240234,0.1841001808643341,3.65625,0.5226473808288574,485.4894104003906,485.4894104003906,,,,,,,
2945,1783430500.3449426,,,5.6318359375,3.8671875,1.7646484375,5.6318359375,,,,,,,,,,,,,,,,,
2950,1783430501.0565772,,,,,,,487.0024719238281,22.359375,0.767520546913147,0.11558361351490021,29.453392028808594,0.1907181441783905,3.65625,0.4637266993522644,487.0024719238281,487.0024719238281,,,,,,,
2955,1783430501.6848466,,,6.0439453125,4.341796875,1.7021484375,6.0439453125,,,,,,,,,,,,,,,,,
2960,1783430502.400239,,,,,,,486.6525573730469,22.421875,0.7466524243354797,0.15672196447849274,29.55364990234375,0.18709921836853027,3.625,0.5245711207389832,486.6525573730469,486.6525573730469,,,,,,,
2965,1783430503.028681,,,5.841796875,4.1953125,1.646484375,5.841796875,,,,,,,,,,,,,,,,,
2970,1783430503.7405248,,,,,,,484.3565979003906,20.84375,0.7194377779960632,0.14024290442466736,27.587806701660156,0.18477196991443634,3.65625,0.5094374418258667,484.3565979003906,484.3565979003906,,,,,,,
2975,1783430504.37092,,,5.6796875,3.876953125,1.802734375,5.6796875,,,,,,,,,,,,,,,,,
2980,1783430505.082812,,,,,,,484.9135437011719,22.0625,0.7085458636283875,0.13960954546928406,29.617128372192383,0.18273647129535675,3.625,0.5520840883255005,484.9135437011719,484.9135437011719,,,,,,,
2985,1783430505.7127564,,,5.8857421875,4.201171875,1.6845703125,5.8857421875,,,,,,,,,,,,,,,,,
2990,1783430506.423399,,,,,,,484.47918701171875,22.109375,0.7322531938552856,0.13457857072353363,29.452335357666016,0.18635399639606476,3.625,0.522758424282074,484.47918701171875,484.47918701171875,,,,,,,
2995,1783430507.050515,,,5.7109375,4.09375,1.6171875,5.7109375,,,,,,,,,,,,,,,,,
3000,1783430507.762464,,,,,,,486.80078125,22.703125,0.7561662197113037,0.11872880905866623,29.017593383789062,0.18737220764160156,3.65625,0.47284457087516785,486.80078125,486.80078125,,,,,,,
3005,1783430508.390747,,,5.9072265625,4.0859375,1.8212890625,5.9072265625,,,,,,,,,,,,,,,,,
3010,1783430509.103698,,,,,,,478.3184509277344,21.34375,0.6999779939651489,0.13350915908813477,27.472209930419922,0.18008668720722198,3.625,0.48648130893707275,478.3184509277344,478.3184509277344,,,,,,,
3015,1783430509.73106,,,5.6259765625,3.958984375,1.6669921875,5.6259765625,,,,,,,,,,,,,,,,,
3020,1783430510.4418063,,,,,,,491.7252197265625,22.296875,0.7238680124282837,0.141573965549469,30.73516273498535,0.18423974514007568,3.65625,0.5657217502593994,491.7252197265625,491.7252197265625,,,,,,,
3025,1783430511.0701938,,,5.501953125,3.830078125,1.671875,5.501953125,,,,,,,,,,,,,,,,,
3030,1783430511.781446,,,,,,,487.7452087402344,22.140625,0.7351903319358826,0.1272461712360382,29.46575355529785,0.1854918748140335,3.65625,0.5107123851776123,487.7452087402344,487.7452087402344,,,,,,,
3035,1783430512.409476,,,5.830078125,4.01953125,1.810546875,5.830078125,,,,,,,,,,,,,,,,,
3040,1783430513.120938,,,,,,,478.4208068847656,20.921875,0.7130653858184814,0.1253109723329544,27.668346405029297,0.18113316595554352,3.625,0.4878365397453308,478.4208068847656,478.4208068847656,,,,,,,
3045,1783430513.7513075,,,5.2421875,3.587890625,1.654296875,5.2421875,,,,,,,,,,,,,,,,,
3050,1783430514.4640965,,,,,,,491.464111328125,22.984375,0.7556463479995728,0.16433675587177277,30.14349937438965,0.18804168701171875,3.625,0.5883359313011169,491.464111328125,491.464111328125,,,,,,,
3055,1783430515.0933645,,,6.298828125,4.43359375,1.865234375,6.298828125,,,,,,,,,,,,,,,,,
3060,1783430515.804508,,,,,,,489.64691162109375,21.03125,0.7525754570960999,0.144392728805542,29.733013153076172,0.1873512864112854,3.65625,0.5352944135665894,489.64691162109375,489.64691162109375,,,,,,,
3065,1783430516.4320745,,,5.955078125,4.158203125,1.796875,5.955078125,,,,,,,,,,,,,,,,,
3070,1783430517.1451068,,,,,,,485.8366394042969,22.0,0.7249252200126648,0.11878473311662674,28.93840217590332,0.1823049634695053,3.65625,0.5050565004348755,485.8366394042969,485.8366394042969,,,,,,,
3075,1783430517.7716267,,,6.0947265625,4.353515625,1.7412109375,6.0947265625,,,,,,,,,,,,,,,,,
3080,1783430518.4847507,,,,,,,487.2925720214844,22.078125,0.7543541193008423,0.14649128913879395,29.368431091308594,0.189747616648674,3.625,0.5504298210144043,487.2925720214844,487.2925720214844,,,,,,,
3085,1783430519.1145282,,,5.9716796875,4.388671875,1.5830078125,5.9716796875,,,,,,,,,,,,,,,,,
3090,1783430519.8282356,,,,,,,486.3726501464844,22.8125,0.7797689437866211,0.12315559387207031,30.444936752319336,0.1895509511232376,3.625,0.4878630042076111,486.3726501464844,486.3726501464844,,,,,,,
3095,1783430520.4556777,,,5.9267578125,4.158203125,1.7685546875,5.9267578125,,,,,,,,,,,,,,,,,
3100,1783430521.1669352,,,,,,,488.19970703125,22.484375,0.7343264818191528,0.1322285532951355,28.756000518798828,0.18401898443698883,3.65625,0.5262999534606934,488.19970703125,488.19970703125,,,,,,,
3105,1783430521.7944973,,,5.607421875,3.869140625,1.73828125,5.607421875,,,,,,,,,,,,,,,,,
3110,1783430522.5005794,,,,,,,482.8003234863281,22.296875,0.7204920649528503,0.12663903832435608,28.34811782836914,0.18461927771568298,3.625,0.527256965637207,482.8003234863281,482.8003234863281,,,,,,,
3115,1783430523.1248198,,,5.833984375,4.111328125,1.72265625,5.833984375,,,,,,,,,,,,,,,,,
3120,1783430523.8008823,,,,,,,475.9246826171875,17.9765625,0.7797678709030151,0.12877681851387024,24.67162322998047,0.19036360085010529,3.625,0.48501408100128174,475.9246826171875,475.9246826171875,,,,,,,
3120,1783430525.1913383,,,,,,,,,,,,,,,,,437.1638171386719,0.7321989172697068,0.14939786091446877,0.18317363917827606,3.633450186252594,0.5756472846865655,437.1638171386719
3120,1783430526.476449,1278.9106019999963,531.7956619262695,,,,,,,,,,,,,,,,,,,,,
3120,1783430527.7431476,1261.9241410000086,531.7956619262695,,,,,,,,,,,,,,,,,,,,,
3125,1783430528.4182596,,,6.53515625,4.6796875,1.85546875,6.53515625,,,,,,,,,,,,,,,,,
3130,1783430529.128329,,,,,,,474.7939147949219,21.546875,0.7076626420021057,0.09731440246105194,27.658639907836914,0.1803741157054901,3.625,0.4277247190475464,474.7939147949219,474.7939147949219,,,,,,,
3135,1783430529.7538004,,,6.19140625,4.421875,1.76953125,6.19140625,,,,,,,,,,,,,,,,,
3140,1783430530.4635534,,,,,,,477.38677978515625,21.9375,0.7249346971511841,0.10425454378128052,28.60018539428711,0.18329781293869019,3.625,0.42860281467437744,477.38677978515625,477.38677978515625,,,,,,,
3145,1783430531.091191,,,5.6982421875,3.970703125,1.7275390625,5.6982421875,,,,,,,,,,,,,,,,,
3150,1783430531.8146293,,,,,,,482.3566589355469,21.984375,0.7238432765007019,0.13018473982810974,28.970767974853516,0.1849682480096817,3.625,0.5032597780227661,482.3566589355469,482.3566589355469,,,,,,,
3155,1783430532.4472659,,,5.68359375,4.0234375,1.66015625,5.68359375,,,,,,,,,,,,,,,,,
3160,1783430533.1596467,,,,,,,485.35162353515625,21.78125,0.7476825714111328,0.1280992478132248,28.048355102539062,0.18418732285499573,3.65625,0.48496460914611816,485.35162353515625,485.35162353515625,,,,,,,
3165,1783430533.7875113,,,5.9619140625,4.203125,1.7587890625,5.9619140625,,,,,,,,,,,,,,,,,
3170,1783430534.4993806,,,,,,,487.02105712890625,22.703125,0.7367326617240906,0.140504851937294,29.820892333984375,0.18820390105247498,3.625,0.5456039309501648,487.02105712890625,487.02105712890625,,,,,,,
3175,1783430535.1275852,,,6.20703125,4.33984375,1.8671875,6.20703125,,,,,,,,,,,,,,,,,
3180,1783430535.8406978,,,,,,,482.8104248046875,21.859375,0.7233160138130188,0.11747731268405914,29.940765380859375,0.1829395443201065,3.625,0.5098291635513306,482.8104248046875,482.8104248046875,,,,,,,
3185,1783430536.4678996,,,6.037109375,4.244140625,1.79296875,6.037109375,,,,,,,,,,,,,,,,,
3190,1783430537.179289,,,,,,,481.21197509765625,23.109375,0.7461817264556885,0.10563870519399643,29.22191619873047,0.18451212346553802,3.625,0.44990426301956177,481.21197509765625,481.21197509765625,,,,,,,
3195,1783430537.806712,,,6.2578125,4.3203125,1.9375,6.2578125,,,,,,,,,,,,,,,,,
3200,1783430538.5179758,,,,,,,482.598388671875,22.296875,0.7392642498016357,0.12215976417064667,28.698959350585938,0.1871079057455063,3.625,0.4981907606124878,482.598388671875,482.598388671875,,,,,,,
3205,1783430539.1459596,,,6.3095703125,4.42578125,1.8837890625,6.3095703125,,,,,,,,,,,,,,,,,
3210,1783430539.871271,,,,,,,494.4424743652344,23.890625,0.7946297526359558,0.13061879575252533,31.416507720947266,0.19150376319885254,3.65625,0.5084779262542725,494.4424743652344,494.4424743652344,,,,,,,
3215,1783430540.4983366,,,5.9140625,4.203125,1.7109375,5.9140625,,,,,,,,,,,,,,,,,
3220,1783430541.2102973,,,,,,,480.76849365234375,21.0625,0.7160849571228027,0.10665864497423172,28.231399536132812,0.1808098554611206,3.65625,0.4514378011226654,480.76849365234375,480.76849365234375,,,,,,,
3225,1783430541.8382728,,,5.931640625,4.1953125,1.736328125,5.931640625,,,,,,,,,,,,,,,,,
3230,1783430542.5495112,,,,,,,486.21038818359375,22.65625,0.7638474106788635,0.1229315996170044,30.759380340576172,0.19023148715496063,3.625,0.4962061643600464,486.21038818359375,486.21038818359375,,,,,,,
3235,1783430543.1770146,,,5.759765625,4.03125,1.728515625,5.759765625,,,,,,,,,,,,,,,,,
3240,1783430543.8887532,,,,,,,476.87005615234375,21.9375,0.7164486646652222,0.10271651297807693,28.271757125854492,0.18285615742206573,3.625,0.4348859190940857,476.87005615234375,476.87005615234375,,,,,,,
3245,1783430544.518628,,,5.994140625,4.162109375,1.83203125,5.994140625,,,,,,,,,,,,,,,,,
3250,1783430545.2301834,,,,,,,488.4288024902344,22.609375,0.7462041974067688,0.12191855162382126,29.809335708618164,0.1850307583808899,3.65625,0.5026268362998962,488.4288024902344,488.4288024902344,,,,,,,
3255,1783430545.8579886,,,6.1669921875,4.396484375,1.7705078125,6.1669921875,,,,,,,,,,,,,,,,,
3260,1783430546.570173,,,,,,,479.4688720703125,21.09375,0.752699077129364,0.11400005221366882,27.522785186767578,0.18710756301879883,3.625,0.4762447774410248,479.4688720703125,479.4688720703125,,,,,,,
3265,1783430547.2009716,,,6.212890625,4.2890625,1.923828125,6.212890625,,,,,,,,,,,,,,,,,
3270,1783430547.9148376,,,,,,,483.02679443359375,22.109375,0.7471599578857422,0.12009063363075256,28.052154541015625,0.18568280339241028,3.625,0.5218507647514343,483.02679443359375,483.02679443359375,,,,,,,
3275,1783430548.5432458,,,6.3125,4.41015625,1.90234375,6.3125,,,,,,,,,,,,,,,,,
3280,1783430549.2534568,,,,,,,485.2638854980469,22.890625,0.7146201133728027,0.12762241065502167,29.717021942138672,0.18489189445972443,3.625,0.5430044531822205,485.2638854980469,485.2638854980469,,,,,,,
3285,1783430549.878699,,,5.9287109375,3.978515625,1.9501953125,5.9287109375,,,,,,,,,,,,,,,,,
3290,1783430550.6042423,,,,,,,489.11077880859375,22.75,0.793753445148468,0.12875548005104065,30.96845054626465,0.1935710310935974,3.625,0.5148608088493347,489.11077880859375,489.11077880859375,,,,,,,
3295,1783430551.2708476,,,6.986328125,5.01953125,1.966796875,6.986328125,,,,,,,,,,,,,,,,,
3300,1783430551.9861226,,,,,,,487.06683349609375,22.984375,0.7813438773155212,0.1286180317401886,30.468303680419922,0.19049839675426483,3.625,0.490965873003006,487.06683349609375,487.06683349609375,,,,,,,
3305,1783430552.6130655,,,5.7529296875,4.11328125,1.6396484375,5.7529296875,,,,,,,,,,,,,,,,,
3310,1783430553.3269954,,,,,,,483.4110412597656,20.71875,0.6990801692008972,0.14118319749832153,27.159704208374023,0.18077698349952698,3.65625,0.5241279006004333,483.4110412597656,483.4110412597656,,,,,,,
3315,1783430553.9558508,,,5.79296875,4.095703125,1.697265625,5.79296875,,,,,,,,,,,,,,,,,
3320,1783430554.6713033,,,,,,,484.4211730957031,21.921875,0.7330882549285889,0.1272704005241394,30.118200302124023,0.18672415614128113,3.625,0.5169414281845093,484.4211730957031,484.4211730957031,,,,,,,
3325,1783430555.301379,,,6.1201171875,4.25390625,1.8662109375,6.1201171875,,,,,,,,,,,,,,,,,
3330,1783430556.0171447,,,,,,,486.73687744140625,21.609375,0.7252307534217834,0.1358400285243988,28.933002471923828,0.18262723088264465,3.65625,0.5161799788475037,486.73687744140625,486.73687744140625,,,,,,,
3335,1783430556.647948,,,6.25390625,4.40625,1.84765625,6.25390625,,,,,,,,,,,,,,,,,
3340,1783430557.359408,,,,,,,492.9276428222656,21.984375,0.7703856825828552,0.1435834765434265,31.35355567932129,0.19048933684825897,3.65625,0.5308687686920166,492.9276428222656,492.9276428222656,,,,,,,
3345,1783430557.9913816,,,5.994140625,4.328125,1.666015625,5.994140625,,,,,,,,,,,,,,,,,
3350,1783430558.7044551,,,,,,,488.4300537109375,22.796875,0.7429631948471069,0.13206781446933746,28.979402542114258,0.18552015721797943,3.65625,0.5095319747924805,488.4300537109375,488.4300537109375,,,,,,,
3355,1783430559.3376021,,,6.005859375,4.185546875,1.8203125,6.005859375,,,,,,,,,,,,,,,,,
3360,1783430560.0520432,,,,,,,485.2383117675781,22.453125,0.7656210064888,0.13548196852207184,29.838523864746094,0.18966057896614075,3.625,0.48582911491394043,485.2383117675781,485.2383117675781,,,,,,,
3365,1783430560.6820016,,,5.83203125,4.0390625,1.79296875,5.83203125,,,,,,,,,,,,,,,,,
3370,1783430561.3981156,,,,,,,479.698974609375,21.71875,0.7347694039344788,0.09155237674713135,27.632415771484375,0.1848183274269104,3.65625,0.41881123185157776,479.698974609375,479.698974609375,,,,,,,
3375,1783430562.026425,,,6.41015625,4.568359375,1.841796875,6.41015625,,,,,,,,,,,,,,,,,
3380,1783430562.739543,,,,,,,486.852783203125,23.453125,0.7257964611053467,0.12468819320201874,31.547199249267578,0.1872614175081253,3.625,0.5145312547683716,486.852783203125,486.852783203125,,,,,,,
3385,1783430563.3682714,,,6.31640625,4.447265625,1.869140625,6.31640625,,,,,,,,,,,,,,,,,
3390,1783430564.0805137,,,,,,,485.8130798339844,22.0,0.754736602306366,0.13034597039222717,29.69780921936035,0.1879567950963974,3.625,0.529522180557251,485.8130798339844,485.8130798339844,,,,,,,
3395,1783430564.7089996,,,5.998046875,4.205078125,1.79296875,5.998046875,,,,,,,,,,,,,,,,,
3400,1783430565.420465,,,,,,,488.75994873046875,22.453125,0.7185148596763611,0.13753710687160492,29.167896270751953,0.1845337152481079,3.65625,0.5402787923812866,488.75994873046875,488.75994873046875,,,,,,,
3405,1783430566.048942,,,6.0830078125,4.283203125,1.7998046875,6.0830078125,,,,,,,,,,,,,,,,,
3410,1783430566.7598403,,,,,,,490.2884826660156,22.390625,0.7431410551071167,0.15265148878097534,28.910259246826172,0.18749207258224487,3.65625,0.5386627316474915,490.2884826660156,490.2884826660156,,,,,,,
3415,1783430567.385681,,,5.8154296875,3.94140625,1.8740234375,5.8154296875,,,,,,,,,,,,,,,,,
3420,1783430568.0963922,,,,,,,482.240478515625,22.375,0.723023533821106,0.1247829794883728,29.212963104248047,0.18096095323562622,3.625,0.49684399366378784,482.240478515625,482.240478515625,,,,,,,
3425,1783430568.7231603,,,5.5283203125,3.869140625,1.6591796875,5.5283203125,,,,,,,,,,,,,,,,,
3430,1783430569.4359865,,,,,,,486.26019287109375,22.5,0.721490740776062,0.12815216183662415,28.651744842529297,0.18199798464775085,3.65625,0.5041026473045349,486.26019287109375,486.26019287109375,,,,,,,
3435,1783430570.0636206,,,5.8955078125,4.072265625,1.8232421875,5.8955078125,,,,,,,,,,,,,,,,,
3440,1783430570.7723107,,,,,,,483.8404846191406,21.984375,0.722059428691864,0.11419335007667542,28.43901824951172,0.18169350922107697,3.65625,0.4802112281322479,483.8404846191406,483.8404846191406,,,,,,,
3445,1783430571.4002929,,,5.7421875,4.013671875,1.728515625,5.7421875,,,,,,,,,,,,,,,,,
3450,1783430572.109285,,,,,,,484.17364501953125,22.109375,0.7513901591300964,0.11315851658582687,30.19240951538086,0.18837767839431763,3.625,0.4997815489768982,484.17364501953125,484.17364501953125,,,,,,,
3455,1783430572.735853,,,6.2646484375,4.5,1.7646484375,6.2646484375,,,,,,,,,,,,,,,,,
3460,1783430573.4489484,,,,,,,481.33331298828125,21.59375,0.7075109481811523,0.10538305342197418,28.530567169189453,0.17878682911396027,3.65625,0.45740774273872375,481.33331298828125,481.33331298828125,,,,,,,
3465,1783430574.0774238,,,5.947265625,4.181640625,1.765625,5.947265625,,,,,,,,,,,,,,,,,
3470,1783430574.7968082,,,,,,,484.82647705078125,22.03125,0.7196876406669617,0.14590197801589966,29.355552673339844,0.1824071705341339,3.625,0.5395516157150269,484.82647705078125,484.82647705078125,,,,,,,
3475,1783430575.425961,,,6.18359375,4.40234375,1.78125,6.18359375,,,,,,,,,,,,,,,,,
3480,1783430576.1372476,,,,,,,486.23370361328125,22.328125,0.7167854309082031,0.13515576720237732,28.161935806274414,0.18140938878059387,3.65625,0.5165085792541504,486.23370361328125,486.23370361328125,,,,,,,
3485,1783430576.7657807,,,5.7763671875,4.03515625,1.7412109375,5.7763671875,,,,,,,,,,,,,,,,,
3490,1783430577.4775836,,,,,,,480.87060546875,22.375,0.7432342171669006,0.1212044432759285,27.358535766601562,0.18726623058319092,3.625,0.4846739172935486,480.87060546875,480.87060546875,,,,,,,
3495,1783430578.1048663,,,6.216796875,4.408203125,1.80859375,6.216796875,,,,,,,,,,,,,,,,,
3500,1783430578.8109686,,,,,,,483.1186218261719,22.34375,0.7536493539810181,0.11759425699710846,29.672969818115234,0.18645653128623962,3.625,0.47789812088012695,483.1186218261719,483.1186218261719,,,,,,,
3505,1783430579.4339614,,,5.8935546875,4.09375,1.7998046875,5.8935546875,,,,,,,,,,,,,,,,,
3510,1783430580.1089363,,,,,,,482.4286193847656,18.21875,0.7636374235153198,0.15258944034576416,24.947437286376953,0.18809770047664642,3.65625,0.5237300992012024,482.4286193847656,482.4286193847656,,,,,,,
3510,1783430581.4086971,,,,,,,,,,,,,,,,,437.03911560058594,0.731789943575859,0.14970503009855748,0.18356270372867584,3.632103190422058,0.5755822151899338,437.03911560058594
3510,1783430582.6970537,1284.3374269999686,531.7956619262695,,,,,,,,,,,,,,,,,,,,,
3510,1783430583.988223,1286.3742549999415,531.7956619262695,,,,,,,,,,,,,,,,,,,,,
3515,1783430584.6653883,,,6.1669921875,4.458984375,1.7080078125,6.1669921875,,,,,,,,,,,,,,,,,
3520,1783430585.3734193,,,,,,,483.61932373046875,20.859375,0.727466881275177,0.15201455354690552,28.404998779296875,0.1854815036058426,3.625,0.5429242849349976,483.61932373046875,483.61932373046875,,,,,,,
3525,1783430585.997554,,,5.9990234375,4.1640625,1.8349609375,5.9990234375,,,,,,,,,,,,,,,,,
3530,1783430586.7075424,,,,,,,483.7168884277344,22.25,0.7120251059532166,0.1479141265153885,29.350801467895508,0.18363331258296967,3.625,0.5145632028579712,483.7168884277344,483.7168884277344,,,,,,,
3535,1783430587.335546,,,6.1982421875,4.328125,1.8701171875,6.1982421875,,,,,,,,,,,,,,,,,
3540,1783430588.044589,,,,,,,483.20440673828125,21.0625,0.7635161280632019,0.1376657783985138,28.072917938232422,0.18901383876800537,3.625,0.5113379955291748,483.20440673828125,483.20440673828125,,,,,,,
3545,1783430588.6722133,,,6.654296875,4.654296875,2.0,6.654296875,,,,,,,,,,,,,,,,,
3550,1783430589.3817203,,,,,,,489.4927062988281,22.453125,0.7524133324623108,0.14108701050281525,30.6982421875,0.19058313965797424,3.625,0.5679462552070618,489.4927062988281,489.4927062988281,,,,,,,
3555,1783430590.0063326,,,5.9033203125,4.142578125,1.7607421875,5.9033203125,,,,,,,,,,,,,,,,,
3560,1783430590.7170265,,,,,,,485.00439453125,23.578125,0.7162696123123169,0.11722680181264877,31.12509536743164,0.18277908861637115,3.625,0.5015286803245544,485.00439453125,485.00439453125,,,,,,,
3565,1783430591.3424659,,,6.16357421875,4.3671875,1.79638671875,6.16357421875,,,,,,,,,,,,,,,,,
3570,1783430592.054869,,,,,,,485.25238037109375,22.03125,0.7425158619880676,0.12096245586872101,29.125804901123047,0.18300774693489075,3.65625,0.4667437672615051,485.25238037109375,485.25238037109375,,,,,,,
3575,1783430592.6817982,,,5.765625,4.07421875,1.69140625,5.765625,,,,,,,,,,,,,,,,,
3580,1783430593.391798,,,,,,,480.7553405761719,20.328125,0.7307004332542419,0.1441361904144287,27.61975860595703,0.18583589792251587,3.625,0.512826681137085,480.7553405761719,480.7553405761719,,,,,,,
3585,1783430594.0254784,,,6.234375,4.310546875,1.923828125,6.234375,,,,,,,,,,,,,,,,,
3590,1783430594.743076,,,,,,,478.8799743652344,21.359375,0.707633376121521,0.10541297495365143,27.02776336669922,0.17959120869636536,3.65625,0.4405362010002136,478.8799743652344,478.8799743652344,,,,,,,
3595,1783430595.3722758,,,6.083984375,4.33203125,1.751953125,6.083984375,,,,,,,,,,,,,,,,,
3600,1783430596.0861068,,,,,,,482.8720703125,22.15625,0.7301326990127563,0.12030744552612305,29.296104431152344,0.1872897893190384,3.625,0.5049301385879517,482.8720703125,482.8720703125,,,,,,,
3605,1783430596.7129424,,,5.994140625,4.203125,1.791015625,5.994140625,,,,,,,,,,,,,,,,,
3610,1783430597.4301732,,,,,,,470.3407897949219,21.0625,0.6791710257530212,0.09358569979667664,25.610292434692383,0.17613649368286133,3.625,0.42150700092315674,470.3407897949219,470.3407897949219,,,,,,,
3615,1783430598.062925,,,6.115234375,4.326171875,1.7890625,6.115234375,,,,,,,,,,,,,,,,,
3620,1783430598.7759073,,,,,,,485.7901306152344,21.703125,0.7330048680305481,0.12609727680683136,28.92462921142578,0.1841728538274765,3.65625,0.49366647005081177,485.7901306152344,485.7901306152344,,,,,,,
3625,1783430599.4038656,,,5.96484375,4.05078125,1.9140625,5.96484375,,,,,,,,,,,,,,,,,
3630,1783430600.1135435,,,,,,,481.0990295410156,21.59375,0.7680259346961975,0.109611377120018,29.157371520996094,0.18993712961673737,3.625,0.45126771926879883,481.0990295410156,481.0990295410156,,,,,,,
3635,1783430600.7406917,,,5.9306640625,4.0546875,1.8759765625,5.9306640625,,,,,,,,,,,,,,,,,
3640,1783430601.4542627,,,,,,,482.0030517578125,22.234375,0.7493289709091187,0.10835660994052887,29.409984588623047,0.18781907856464386,3.625,0.4735776484012604,482.0030517578125,482.0030517578125,,,,,,,
3645,1783430602.080178,,,6.0419921875,4.23046875,1.8115234375,6.0419921875,,,,,,,,,,,,,,,,,
3650,1783430602.793955,,,,,,,483.4512939453125,21.453125,0.7206447720527649,0.1308916211128235,29.51279640197754,0.1839010864496231,3.625,0.5309041142463684,483.4512939453125,483.4512939453125,,,,,,,
3655,1783430603.4233015,,,6.0771484375,4.18359375,1.8935546875,6.0771484375,,,,,,,,,,,,,,,,,
3660,1783430604.1346614,,,,,,,489.8685302734375,22.171875,0.7606245875358582,0.13326536118984222,29.407732009887695,0.18862415850162506,3.65625,0.5239053964614868,489.8685302734375,489.8685302734375,,,,,,,
3665,1783430604.7637143,,,5.9580078125,4.20703125,1.7509765625,5.9580078125,,,,,,,,,,,,,,,,,
3670,1783430605.4735513,,,,,,,485.4709777832031,22.375,0.7720229625701904,0.12270714342594147,29.20541000366211,0.18883612751960754,3.625,0.5140018463134766,485.4709777832031,485.4709777832031,,,,,,,
3675,1783430606.1010337,,,5.78515625,4.0,1.78515625,5.78515625,,,,,,,,,,,,,,,,,
3680,1783430606.812981,,,,,,,481.6976013183594,21.859375,0.7625399231910706,0.1317550539970398,28.780359268188477,0.18954412639141083,3.609375,0.4952242374420166,481.6976013183594,481.6976013183594,,,,,,,
3685,1783430607.441744,,,5.810546875,4.19921875,1.611328125,5.810546875,,,,,,,,,,,,,,,,,
3690,1783430608.150137,,,,,,,481.1267395019531,22.484375,0.714053213596344,0.12199801206588745,28.85381507873535,0.18153588473796844,3.625,0.488825261592865,481.1267395019531,481.1267395019531,,,,,,,
3695,1783430608.7750802,,,5.73046875,3.916015625,1.814453125,5.73046875,,,,,,,,,,,,,,,,,
3700,1783430609.4849641,,,,,,,477.3584289550781,21.640625,0.6922569870948792,0.11440548300743103,28.249713897705078,0.18078204989433289,3.625,0.4674018323421478,477.3584289550781,477.3584289550781,,,,,,,
3705,1783430610.1101735,,,6.16015625,4.361328125,1.798828125,6.16015625,,,,,,,,,,,,,,,,,
3710,1783430610.8210711,,,,,,,490.0820617675781,22.625,0.7848436832427979,0.15120570361614227,30.38364601135254,0.18999260663986206,3.625,0.5422565937042236,490.0820617675781,490.0820617675781,,,,,,,
3715,1783430611.4492052,,,5.8857421875,4.1875,1.6982421875,5.8857421875,,,,,,,,,,,,,,,,,
3720,1783430612.1602805,,,,,,,480.15625,22.703125,0.747892439365387,0.09067362546920776,29.520858764648438,0.18567417562007904,3.625,0.44092071056365967,480.15625,480.15625,,,,,,,
3725,1783430612.7871933,,,5.7783203125,3.994140625,1.7841796875,5.7783203125,,,,,,,,,,,,,,,,,
3730,1783430613.500648,,,,,,,482.3550109863281,22.171875,0.7252428531646729,0.12137903273105621,28.817127227783203,0.18473263084888458,3.625,0.510112464427948,482.3550109863281,482.3550109863281,,,,,,,
3735,1783430614.1258345,,,5.322265625,3.697265625,1.625,5.322265625,,,,,,,,,,,,,,,,,
3740,1783430614.8353705,,,,,,,484.80401611328125,22.0,0.7494574785232544,0.12595269083976746,30.67140007019043,0.19021791219711304,3.625,0.4928743243217468,484.80401611328125,484.80401611328125,,,,,,,
3745,1783430615.4637253,,,6.1171875,4.361328125,1.755859375,6.1171875,,,,,,,,,,,,,,,,,
3750,1783430616.1774704,,,,,,,480.63580322265625,22.4375,0.7253672480583191,0.11481139063835144,28.798107147216797,0.183188334107399,3.625,0.4744150638580322,480.63580322265625,480.63580322265625,,,,,,,
3755,1783430616.803331,,,5.74365234375,4.19921875,1.54443359375,5.74365234375,,,,,,,,,,,,,,,,,
3760,1783430617.5128417,,,,,,,483.2762756347656,22.359375,0.7153430581092834,0.1382831186056137,28.53485679626465,0.18030069768428802,3.625,0.5301190614700317,483.2762756347656,483.2762756347656,,,,,,,
3765,1783430618.1377842,,,5.8388671875,4.04296875,1.7958984375,5.8388671875,,,,,,,,,,,,,,,,,
3770,1783430618.8481495,,,,,,,485.3631896972656,22.53125,0.7329524755477905,0.11571106314659119,29.16280174255371,0.18827582895755768,3.65625,0.4668194055557251,485.3631896972656,485.3631896972656,,,,,,,
3775,1783430619.4763432,,,6.2861328125,4.59765625,1.6884765625,6.2861328125,,,,,,,,,,,,,,,,,
3780,1783430620.1908996,,,,,,,482.8354797363281,23.546875,0.7616819739341736,0.10911037027835846,31.115999221801758,0.18983952701091766,3.609375,0.4543144702911377,482.8354797363281,482.8354797363281,,,,,,,
3785,1783430620.8181846,,,6.1123046875,4.296875,1.8154296875,6.1123046875,,,,,,,,,,,,,,,,,
3790,1783430621.5306025,,,,,,,485.49908447265625,22.0,0.718593180179596,0.1278870403766632,27.99835205078125,0.18275396525859833,3.65625,0.5152260065078735,485.49908447265625,485.49908447265625,,,,,,,
3795,1783430622.157911,,,5.7080078125,3.849609375,1.8583984375,5.7080078125,,,,,,,,,,,,,,,,,
3800,1783430622.8690975,,,,,,,481.0339660644531,22.28125,0.7258765697479248,0.10548160970211029,30.110204696655273,0.18504807353019714,3.625,0.4645382761955261,481.0339660644531,481.0339660644531,,,,,,,
3805,1783430623.4935873,,,5.919921875,4.013671875,1.90625,5.919921875,,,,,,,,,,,,,,,,,
3810,1783430624.2039146,,,,,,,487.2266540527344,21.375,0.7151324152946472,0.14179222285747528,29.00230598449707,0.18096505105495453,3.65625,0.5365395545959473,487.2266540527344,487.2266540527344,,,,,,,
3815,1783430624.8280835,,,5.6669921875,3.95703125,1.7099609375,5.6669921875,,,,,,,,,,,,,,,,,
3820,1783430625.5385773,,,,,,,477.0677185058594,20.2421875,0.7162800431251526,0.11153548210859299,27.99964714050293,0.1807580143213272,3.625,0.4764462113380432,477.0677185058594,477.0677185058594,,,,,,,
3825,1783430626.1652212,,,6.0458984375,4.212890625,1.8330078125,6.0458984375,,,,,,,,,,,,,,,,,
3830,1783430626.8755639,,,,,,,480.7296447753906,21.21875,0.7444241642951965,0.13693968951702118,28.039466857910156,0.18635591864585876,3.625,0.47609007358551025,480.7296447753906,480.7296447753906,,,,,,,
3835,1783430627.5066874,,,5.5810546875,3.83203125,1.7490234375,5.5810546875,,,,,,,,,,,,,,,,,
3840,1783430628.2202396,,,,,,,488.7543029785156,21.78125,0.7364684343338013,0.1389024555683136,28.500579833984375,0.18593797087669373,3.65625,0.5491902232170105,488.7543029785156,488.7543029785156,,,,,,,
3845,1783430628.848484,,,5.98828125,4.294921875,1.693359375,5.98828125,,,,,,,,,,,,,,,,,
3850,1783430629.5584607,,,,,,,483.87225341796875,21.328125,0.7646243572235107,0.12805679440498352,29.54214096069336,0.18944382667541504,3.625,0.495697945356369,483.87225341796875,483.87225341796875,,,,,,,
3855,1783430630.1872272,,,6.0009765625,4.146484375,1.8544921875,6.0009765625,,,,,,,,,,,,,,,,,
3860,1783430630.8990548,,,,,,,482.01287841796875,22.5,0.7587329745292664,0.11004691570997238,29.625215530395508,0.18783773481845856,3.625,0.45199739933013916,482.01287841796875,482.01287841796875,,,,,,,
3865,1783430631.526865,,,5.27392578125,3.6640625,1.60986328125,5.27392578125,,,,,,,,,,,,,,,,,
3870,1783430632.2373235,,,,,,,483.90997314453125,21.640625,0.7203666567802429,0.12415845692157745,27.013328552246094,0.18338166177272797,3.65625,0.5111156105995178,483.90997314453125,483.90997314453125,,,,,,,
3875,1783430632.8642073,,,6.5068359375,4.58203125,1.9248046875,6.5068359375,,,,,,,,,,,,,,,,,
3880,1783430633.5724425,,,,,,,478.9183349609375,21.703125,0.6992920637130737,0.11601150780916214,28.111257553100586,0.18306240439414978,3.625,0.4928322732448578,478.9183349609375,478.9183349609375,,,,,,,
3885,1783430634.1999419,,,5.83935546875,4.04296875,1.79638671875,5.83935546875,,,,,,,,,,,,,,,,,
3890,1783430634.9057562,,,,,,,483.209716796875,22.734375,0.7415467500686646,0.1310446411371231,28.890878677368164,0.18789030611515045,3.609375,0.5302841663360596,483.209716796875,483.209716796875,,,,,,,
3895,1783430635.5284634,,,5.90234375,4.068359375,1.833984375,5.90234375,,,,,,,,,,,,,,,,,
3900,1783430636.2035801,,,,,,,478.33599853515625,18.859375,0.7724423408508301,0.11139708757400513,25.092220306396484,0.18889683485031128,3.65625,0.4469166696071625,478.33599853515625,478.33599853515625,,,,,,,
3900,1783430637.4904354,,,,,,,,,,,,,,,,,436.94501831054686,0.7333556818962097,0.14933925040066243,0.1836606341600418,3.6304117155075075,0.5759520435333252,436.94501831054686
3900,1783430638.756059,1259.4932780000363,531.7956619262695,,,,,,,,,,,,,,,,,,,,,
3900,1783430640.0158145,1254.9682220000022,531.7956619262695,,,,,,,,,,,,,,,,,,,,,
3905,1783430640.6940157,,,5.8369140625,4.138671875,1.6982421875,5.8369140625,,,,,,,,,,,,,,,,,
3910,1783430641.4051292,,,,,,,481.0242919921875,21.171875,0.7386596202850342,0.13306620717048645,27.48307991027832,0.18570540845394135,3.625,0.5063316822052002,481.0242919921875,481.0242919921875,,,,,,,
3915,1783430642.0329797,,,5.7314453125,3.912109375,1.8193359375,5.7314453125,,,,,,,,,,,,,,,,,
3920,1783430642.7439246,,,,,,,484.8198547363281,22.3125,0.7382517457008362,0.12602204084396362,30.038700103759766,0.18652944266796112,3.625,0.5151669979095459,484.8198547363281,484.8198547363281,,,,,,,
3925,1783430643.3694634,,,5.6376953125,4.048828125,1.5888671875,5.6376953125,,,,,,,,,,,,,,,,,
3930,1783430644.0919695,,,,,,,480.09686279296875,22.59375,0.7534473538398743,0.09886972606182098,28.694198608398438,0.18682052195072174,3.625,0.44550496339797974,480.09686279296875,480.09686279296875,,,,,,,
3935,1783430644.7249267,,,6.2080078125,4.212890625,1.9951171875,6.2080078125,,,,,,,,,,,,,,,,,
3940,1783430645.4360962,,,,,,,485.28143310546875,22.609375,0.767667829990387,0.12467898428440094,30.059585571289062,0.18893392384052277,3.625,0.4878857731819153,485.28143310546875,485.28143310546875,,,,,,,
3945,1783430646.0661647,,,5.9150390625,4.318359375,1.5966796875,5.9150390625,,,,,,,,,,,,,,,,,
3950,1783430646.7785773,,,,,,,486.66033935546875,22.65625,0.7790974974632263,0.12038656324148178,30.64632797241211,0.19297735393047333,3.625,0.4932667016983032,486.66033935546875,486.66033935546875,,,,,,,
3955,1783430647.4095178,,,5.6015625,3.8671875,1.734375,5.6015625,,,,,,,,,,,,,,,,,
3960,1783430648.1239033,,,,,,,490.8728332519531,22.125,0.7604527473449707,0.13173431158065796,29.396663665771484,0.19240577518939972,3.65625,0.5454329252243042,490.8728332519531,490.8728332519531,,,,,,,
3965,1783430648.7554202,,,6.3447265625,4.369140625,1.9755859375,6.3447265625,,,,,,,,,,,,,,,,,
3970,1783430649.4678645,,,,,,,485.2403869628906,21.734375,0.7317019701004028,0.13988101482391357,29.182926177978516,0.1865660846233368,3.625,0.549031138420105,485.2403869628906,485.2403869628906,,,,,,,
3975,1783430650.1056252,,,6.140625,4.4140625,1.7265625,6.140625,,,,,,,,,,,,,,,,,
3980,1783430650.8260179,,,,,,,480.0654602050781,21.8125,0.7421974539756775,0.1015215516090393,29.6319580078125,0.18390361964702606,3.625,0.4528438150882721,480.0654602050781,480.0654602050781,,,,,,,
3985,1783430651.4583087,,,5.9794921875,4.1953125,1.7841796875,5.9794921875,,,,,,,,,,,,,,,,,
3990,1783430652.1708689,,,,,,,489.92706298828125,23.03125,0.7830074429512024,0.1493171900510788,30.31705093383789,0.19114257395267487,3.625,0.5338387489318848,489.92706298828125,489.92706298828125,,,,,,,
3995,1783430652.7984798,,,5.6845703125,3.9296875,1.7548828125,5.6845703125,,,,,,,,,,,,,,,,,
4000,1783430653.5116208,,,,,,,482.7550964355469,21.640625,0.7630806565284729,0.12259030342102051,28.810712814331055,0.1893957555294037,3.625,0.4872397482395172,482.7550964355469,482.7550964355469,,,,,,,
4005,1783430654.1420496,,,6.017578125,4.173828125,1.84375,6.017578125,,,,,,,,,,,,,,,,,
4010,1783430654.8562932,,,,,,,483.7513122558594,21.421875,0.7465817928314209,0.11667843908071518,27.97240447998047,0.18793992698192596,3.65625,0.46784472465515137,483.7513122558594,483.7513122558594,,,,,,,
4015,1783430655.5083256,,,5.79150390625,4.01171875,1.77978515625,5.79150390625,,,,,,,,,,,,,,,,,
4020,1783430656.2391021,,,,,,,489.5045166015625,21.828125,0.744815468788147,0.14724570512771606,28.686569213867188,0.18571032583713531,3.65625,0.5442239046096802,489.5045166015625,489.5045166015625,,,,,,,
4025,1783430656.8911622,,,5.779296875,3.9609375,1.818359375,5.779296875,,,,,,,,,,,,,,,,,
4030,1783430657.6616845,,,,,,,483.99853515625,22.546875,0.7700940370559692,0.12702688574790955,29.925704956054688,0.19111129641532898,3.609375,0.5012333989143372,483.99853515625,483.99853515625,,,,,,,
4035,1783430658.343693,,,6.0576171875,4.28515625,1.7724609375,6.0576171875,,,,,,,,,,,,,,,,,
4040,1783430659.0899973,,,,,,,485.7230529785156,22.5625,0.7301337122917175,0.14171361923217773,29.69304656982422,0.18679629266262054,3.625,0.5295233726501465,485.7230529785156,485.7230529785156,,,,,,,
4045,1783430659.75446,,,5.607421875,3.90234375,1.705078125,5.607421875,,,,,,,,,,,,,,,,,
4050,1783430660.512074,,,,,,,484.59381103515625,22.046875,0.7283779978752136,0.11043936014175415,28.843364715576172,0.18327604234218597,3.65625,0.482430636882782,484.59381103515625,484.59381103515625,,,,,,,
4055,1783430661.1868634,,,5.9794921875,4.185546875,1.7939453125,5.9794921875,,,,,,,,,,,,,,,,,
4060,1783430661.9395509,,,,,,,480.7503662109375,22.421875,0.7149438261985779,0.10366570949554443,29.158477783203125,0.18409515917301178,3.625,0.489962100982666,480.7503662109375,480.7503662109375,,,,,,,
4065,1783430662.616281,,,5.654296875,3.98046875,1.673828125,5.654296875,,,,,,,,,,,,,,,,,
4070,1783430663.360693,,,,,,,483.6112976074219,21.890625,0.7292585968971252,0.12926821410655975,28.971492767333984,0.18673335015773773,3.625,0.5269432067871094,483.6112976074219,483.6112976074219,,,,,,,
4075,1783430664.027474,,,6.28125,4.451171875,1.830078125,6.28125,,,,,,,,,,,,,,,,,
4080,1783430664.7494888,,,,,,,477.6524963378906,21.6875,0.6964426040649414,0.11002182215452194,28.162433624267578,0.17917107045650482,3.625,0.4766431748867035,477.6524963378906,477.6524963378906,,,,,,,
4085,1783430665.4183424,,,6.4921875,4.689453125,1.802734375,6.4921875,,,,,,,,,,,,,,,,,
4090,1783430666.1747656,,,,,,,485.5856628417969,22.421875,0.7624199390411377,0.12426123023033142,29.664186477661133,0.1906271129846573,3.625,0.5115717053413391,485.5856628417969,485.5856628417969,,,,,,,
4095,1783430666.8606136,,,5.5390625,3.796875,1.7421875,5.5390625,,,,,,,,,,,,,,,,,
4100,1783430667.627619,,,,,,,484.8692932128906,21.21875,0.7463672757148743,0.12949678301811218,28.23270034790039,0.1857818365097046,3.65625,0.48097339272499084,484.8692932128906,484.8692932128906,,,,,,,
4105,1783430668.300927,,,6.0966796875,4.291015625,1.8056640625,6.0966796875,,,,,,,,,,,,,,,,,
4110,1783430669.0472307,,,,,,,491.21356201171875,21.875,0.7631598711013794,0.1504608690738678,31.067094802856445,0.1880628615617752,3.625,0.593237578868866,491.21356201171875,491.21356201171875,,,,,,,
4115,1783430669.7051032,,,6.041015625,4.1328125,1.908203125,6.041015625,,,,,,,,,,,,,,,,,
4120,1783430670.4323058,,,,,,,486.03338623046875,21.578125,0.7715795040130615,0.13602113723754883,29.53969955444336,0.19025136530399323,3.625,0.5224943161010742,486.03338623046875,486.03338623046875,,,,,,,
4125,1783430671.0647244,,,6.15234375,4.32421875,1.828125,6.15234375,,,,,,,,,,,,,,,,,
4130,1783430671.8174636,,,,,,,485.78363037109375,23.609375,0.7274365425109863,0.11871123313903809,30.492694854736328,0.1836608201265335,3.625,0.5186699628829956,485.78363037109375,485.78363037109375,,,,,,,
4135,1783430672.4930346,,,5.923828125,4.1484375,1.775390625,5.923828125,,,,,,,,,,,,,,,,,
4140,1783430673.2100713,,,,,,,482.02423095703125,21.9375,0.7414973974227905,0.11586584150791168,29.315258026123047,0.1880427598953247,3.625,0.482849657535553,482.02423095703125,482.02423095703125,,,,,,,
4145,1783430673.95795,,,5.67578125,3.833984375,1.841796875,5.67578125,,,,,,,,,,,,,,,,,
4150,1783430674.773695,,,,,,,481.4556579589844,22.765625,0.7268877029418945,0.1045009195804596,30.068241119384766,0.18379485607147217,3.625,0.4653002619743347,481.4556579589844,481.4556579589844,,,,,,,
4155,1783430675.4454129,,,6.12890625,4.2890625,1.83984375,6.12890625,,,,,,,,,,,,,,,,,
4160,1783430676.1657174,,,,,,,487.7748107910156,21.875,0.7214428186416626,0.1431368887424469,28.460697174072266,0.18259267508983612,3.65625,0.5403634309768677,487.7748107910156,487.7748107910156,,,,,,,
4165,1783430676.7947333,,,6.0107421875,4.255859375,1.7548828125,6.0107421875,,,,,,,,,,,,,,,,,
4170,1783430677.5106745,,,,,,,481.6237487792969,22.390625,0.7168368697166443,0.11468341946601868,29.453935623168945,0.18115359544754028,3.625,0.49352937936782837,481.6237487792969,481.6237487792969,,,,,,,
4175,1783430678.1441686,,,5.5263671875,3.84375,1.6826171875,5.5263671875,,,,,,,,,,,,,,,,,
4180,1783430678.8587828,,,,,,,489.7831726074219,22.0625,0.7987909317016602,0.14766955375671387,30.637964248657227,0.19563528895378113,3.625,0.5264084339141846,489.7831726074219,489.7831726074219,,,,,,,
4185,1783430679.4897323,,,6.1826171875,4.3984375,1.7841796875,6.1826171875,,,,,,,,,,,,,,,,,
4190,1783430680.2010415,,,,,,,481.85296630859375,21.890625,0.738052487373352,0.12858957052230835,28.678009033203125,0.18620732426643372,3.625,0.4868021011352539,481.85296630859375,481.85296630859375,,,,,,,
4195,1783430680.828255,,,6.1201171875,4.259765625,1.8603515625,6.1201171875,,,,,,,,,,,,,,,,,
4200,1783430681.5431664,,,,,,,482.52166748046875,22.046875,0.7160665988922119,0.11200743913650513,28.90747833251953,0.18055151402950287,3.65625,0.44842562079429626,482.52166748046875,482.52166748046875,,,,,,,
4205,1783430682.1719267,,,6.3935546875,4.544921875,1.8486328125,6.3935546875,,,,,,,,,,,,,,,,,
4210,1783430682.8818514,,,,,,,480.0097961425781,21.71875,0.7425848245620728,0.1110600084066391,28.31241798400879,0.1849280148744583,3.625,0.47206342220306396,480.0097961425781,480.0097961425781,,,,,,,
4215,1783430683.5064507,,,6.0625,4.181640625,1.880859375,6.0625,,,,,,,,,,,,,,,,,
4220,1783430684.2178576,,,,,,,480.4654846191406,22.046875,0.7306221127510071,0.1279303878545761,27.78387451171875,0.18303415179252625,3.625,0.4836295247077942,480.4654846191406,480.4654846191406,,,,,,,
4225,1783430684.8441682,,,6.2255859375,4.529296875,1.6962890625,6.2255859375,,,,,,,,,,,,,,,,,
4230,1783430685.5549202,,,,,,,485.70062255859375,22.203125,0.733276903629303,0.14255043864250183,28.812381744384766,0.18575580418109894,3.625,0.5536415576934814,485.70062255859375,485.70062255859375,,,,,,,
4235,1783430686.179765,,,6.2353515625,4.3671875,1.8681640625,6.2353515625,,,,,,,,,,,,,,,,,
4240,1783430686.8904326,,,,,,,493.27276611328125,22.515625,0.7413776516914368,0.16883918642997742,29.251821517944336,0.18728069961071014,3.65625,0.5803974270820618,493.27276611328125,493.27276611328125,,,,,,,
4245,1783430687.5187325,,,5.78515625,3.935546875,1.849609375,5.78515625,,,,,,,,,,,,,,,,,
4250,1783430688.237992,,,,,,,484.92071533203125,22.078125,0.7502801418304443,0.12757891416549683,29.095088958740234,0.18806816637516022,3.625,0.5284613370895386,484.92071533203125,484.92071533203125,,,,,,,
4255,1783430688.871048,,,5.55078125,3.703125,1.84765625,5.55078125,,,,,,,,,,,,,,,,,
4260,1783430689.5803072,,,,,,,480.0111389160156,22.359375,0.7263774275779724,0.11029159277677536,29.109294891357422,0.18426668643951416,3.625,0.45778608322143555,480.0111389160156,480.0111389160156,,,,,,,
4265,1783430690.2070148,,,6.037109375,4.265625,1.771484375,6.037109375,,,,,,,,,,,,,,,,,
4270,1783430690.9173691,,,,,,,482.8585510253906,21.640625,0.710222601890564,0.1320137232542038,29.450258255004883,0.18179787695407867,3.625,0.5263585448265076,482.8585510253906,482.8585510253906,,,,,,,
4275,1783430691.5434964,,,6.119140625,4.271484375,1.84765625,6.119140625,,,,,,,,,,,,,,,,,
4280,1783430692.2487826,,,,,,,484.3009948730469,21.96875,0.7225607633590698,0.1339438408613205,28.7626895904541,0.18382777273654938,3.625,0.5501026511192322,484.3009948730469,484.3009948730469,,,,,,,
4285,1783430692.8700612,,,5.81640625,3.939453125,1.876953125,5.81640625,,,,,,,,,,,,,,,,,
4290,1783430693.5812113,,,,,,,472.28143310546875,17.4140625,0.7198168635368347,0.1238039955496788,25.282033920288086,0.179790198802948,3.625,0.47848549485206604,472.28143310546875,472.28143310546875,,,,,,,
4290,1783430694.8614287,,,,,,,,,,,,,,,,,436.6100619506836,0.7319109851121902,0.14814500473439693,0.18300814554095268,3.628839635848999,0.5752936360239983,436.6100619506836
4290,1783430696.1661282,1301.2596069999063,531.7956619262695,,,,,,,,,,,,,,,,,,,,,
4290,1783430697.4846468,1314.4015070000705,531.7956619262695,,,,,,,,,,,,,,,,,,,,,
4295,1783430698.1690822,,,6.0869140625,4.3984375,1.6884765625,6.0869140625,,,,,,,,,,,,,,,,,
4300,1783430698.8825107,,,,,,,481.1016540527344,21.765625,0.7017995119094849,0.1287268102169037,28.983739852905273,0.18182151019573212,3.625,0.506591796875,481.1016540527344,481.1016540527344,,,,,,,
4305,1783430699.5165522,,,5.8876953125,4.00390625,1.8837890625,5.8876953125,,,,,,,,,,,,,,,,,
4310,1783430700.239398,,,,,,,480.5722961425781,21.59375,0.717136800289154,0.15334126353263855,27.839508056640625,0.18383976817131042,3.625,0.4821048974990845,480.5722961425781,480.5722961425781,,,,,,,
4315,1783430700.8695226,,,6.1591796875,4.341796875,1.8173828125,6.1591796875,,,,,,,,,,,,,,,,,
4320,1783430701.5796824,,,,,,,486.87078857421875,22.953125,0.7240362167358398,0.15912282466888428,29.844451904296875,0.18319587409496307,3.625,0.5352723002433777,486.87078857421875,486.87078857421875,,,,,,,
4325,1783430702.2074456,,,5.935546875,4.1875,1.748046875,5.935546875,,,,,,,,,,,,,,,,,
4330,1783430702.9213824,,,,,,,479.9879150390625,21.8125,0.7509522438049316,0.11557522416114807,28.006568908691406,0.18650442361831665,3.625,0.46183159947395325,479.9879150390625,479.9879150390625,,,,,,,
4335,1783430703.550021,,,5.6513671875,3.873046875,1.7783203125,5.6513671875,,,,,,,,,,,,,,,,,
4340,1783430704.264399,,,,,,,476.1561279296875,21.4375,0.6922664642333984,0.1092071682214737,28.034717559814453,0.17974813282489777,3.625,0.4561987519264221,476.1561279296875,476.1561279296875,,,,,,,
4345,1783430704.89219,,,6.146484375,4.359375,1.787109375,6.146484375,,,,,,,,,,,,,,,,,
4350,1783430705.607054,,,,,,,482.01702880859375,21.578125,0.7351556420326233,0.13028830289840698,29.089492797851562,0.18633057177066803,3.625,0.4893229603767395,482.01702880859375,482.01702880859375,,,,,,,
4355,1783430706.2395246,,,6.130859375,4.345703125,1.78515625,6.130859375,,,,,,,,,,,,,,,,,
4360,1783430706.952405,,,,,,,485.36029052734375,22.890625,0.7550582885742188,0.12706837058067322,29.98040771484375,0.188867449760437,3.625,0.4954342246055603,485.36029052734375,485.36029052734375,,,,,,,
4365,1783430707.581327,,,6.666015625,4.640625,2.025390625,6.666015625,,,,,,,,,,,,,,,,,
4370,1783430708.2970388,,,,,,,486.8927001953125,22.078125,0.7150726318359375,0.13902534544467926,28.02336311340332,0.18234115839004517,3.65625,0.5366982221603394,486.8927001953125,486.8927001953125,,,,,,,
4375,1783430708.9342825,,,6.36328125,4.404296875,1.958984375,6.36328125,,,,,,,,,,,,,,,,,
4380,1783430709.651417,,,,,,,486.7732849121094,22.421875,0.7486503720283508,0.15658143162727356,29.24873161315918,0.18849924206733704,3.625,0.5307731032371521,486.7732849121094,486.7732849121094,,,,,,,
4385,1783430710.2910392,,,5.6318359375,3.900390625,1.7314453125,5.6318359375,,,,,,,,,,,,,,,,,
4390,1783430711.0078847,,,,,,,479.7602233886719,21.828125,0.7257458567619324,0.11258897185325623,28.732921600341797,0.18230028450489044,3.625,0.47268015146255493,479.7602233886719,479.7602233886719,,,,,,,
4395,1783430711.636217,,,5.625,3.95703125,1.66796875,5.625,,,,,,,,,,,,,,,,,
4400,1783430712.3454347,,,,,,,483.5086364746094,22.53125,0.7307910323143005,0.11902247369289398,29.36166000366211,0.1845826953649521,3.625,0.5126198530197144,483.5086364746094,483.5086364746094,,,,,,,
4405,1783430712.976942,,,6.35546875,4.498046875,1.857421875,6.35546875,,,,,,,,,,,,,,,,,
4410,1783430713.6913939,,,,,,,482.48565673828125,21.640625,0.715927004814148,0.11954440176486969,29.384449005126953,0.18374261260032654,3.625,0.5243541598320007,482.48565673828125,482.48565673828125,,,,,,,
4415,1783430714.3199513,,,5.7900390625,4.021484375,1.7685546875,5.7900390625,,,,,,,,,,,,,,,,,
4420,1783430715.0345402,,,,,,,481.82916259765625,21.546875,0.7153889536857605,0.1304866224527359,27.556612014770508,0.18185408413410187,3.625,0.5439523458480835,481.82916259765625,481.82916259765625,,,,,,,
4425,1783430715.663172,,,6.0234375,4.27734375,1.74609375,6.0234375,,,,,,,,,,,,,,,,,
4430,1783430716.3751483,,,,,,,485.8609619140625,22.53125,0.755679726600647,0.14398358762264252,29.09259033203125,0.18868032097816467,3.625,0.5169265270233154,485.8609619140625,485.8609619140625,,,,,,,
4435,1783430717.0031033,,,5.560546875,3.77734375,1.783203125,5.560546875,,,,,,,,,,,,,,,,,
4440,1783430717.7150018,,,,,,,473.6580810546875,20.578125,0.698685348033905,0.08608868718147278,25.78835105895996,0.1773352324962616,3.65625,0.3999270796775818,473.6580810546875,473.6580810546875,,,,,,,
4445,1783430718.3453617,,,5.86328125,4.13671875,1.7265625,5.86328125,,,,,,,,,,,,,,,,,
4450,1783430719.0545843,,,,,,,485.2583923339844,23.046875,0.7615635395050049,0.12907718122005463,29.699100494384766,0.18964576721191406,3.625,0.4866562485694885,485.2583923339844,485.2583923339844,,,,,,,
4455,1783430719.6868334,,,6.3564453125,4.3515625,2.0048828125,6.3564453125,,,,,,,,,,,,,,,,,
4460,1783430720.4081707,,,,,,,484.18438720703125,22.53125,0.7493484020233154,0.13580195605754852,28.533077239990234,0.1864788830280304,3.625,0.5088168382644653,484.18438720703125,484.18438720703125,,,,,,,
4465,1783430721.0388784,,,5.876953125,4.0703125,1.806640625,5.876953125,,,,,,,,,,,,,,,,,
4470,1783430721.7537763,,,,,,,487.294677734375,22.703125,0.7853285074234009,0.14507749676704407,29.249778747558594,0.19130787253379822,3.625,0.5081031322479248,487.294677734375,487.294677734375,,,,,,,
4475,1783430722.38116,,,5.873046875,4.11328125,1.759765625,5.873046875,,,,,,,,,,,,,,,,,
4480,1783430723.090501,,,,,,,479.43878173828125,21.21875,0.7220410108566284,0.12052071839570999,28.124080657958984,0.18236252665519714,3.625,0.4883192777633667,479.43878173828125,479.43878173828125,,,,,,,
4485,1783430723.7197342,,,5.8701171875,4.072265625,1.7978515625,5.8701171875,,,,,,,,,,,,,,,,,
4490,1783430724.4332464,,,,,,,480.97149658203125,22.03125,0.7064201831817627,0.12701359391212463,28.245349884033203,0.1812194287776947,3.625,0.5118996500968933,480.97149658203125,480.97149658203125,,,,,,,
4495,1783430725.063694,,,5.8935546875,4.0546875,1.8388671875,5.8935546875,,,,,,,,,,,,,,,,,
4500,1783430725.7748437,,,,,,,480.60498046875,21.890625,0.7338147163391113,0.11328547447919846,28.352703094482422,0.18414536118507385,3.625,0.4879031777381897,480.60498046875,480.60498046875,,,,,,,
4505,1783430726.4043849,,,5.7763671875,3.884765625,1.8916015625,5.7763671875,,,,,,,,,,,,,,,,,
4510,1783430727.1167674,,,,,,,481.5413513183594,21.4375,0.7509732246398926,0.12456364184617996,28.219341278076172,0.18575650453567505,3.625,0.49169600009918213,481.5413513183594,481.5413513183594,,,,,,,
4515,1783430727.744563,,,6.154296875,4.234375,1.919921875,6.154296875,,,,,,,,,,,,,,,,,
4520,1783430728.4536526,,,,,,,481.513671875,22.21875,0.743786633014679,0.11635927855968475,29.583105087280273,0.18436984717845917,3.625,0.46019166707992554,481.513671875,481.513671875,,,,,,,
4525,1783430729.083641,,,5.8125,4.01953125,1.79296875,5.8125,,,,,,,,,,,,,,,,,
4530,1783430729.7972107,,,,,,,483.431640625,21.265625,0.7264562249183655,0.15383802354335785,28.16628646850586,0.18334801495075226,3.625,0.5363521575927734,483.431640625,483.431640625,,,,,,,
4535,1783430730.4280703,,,6.0615234375,4.302734375,1.7587890625,6.0615234375,,,,,,,,,,,,,,,,,
4540,1783430731.1367884,,,,,,,477.72625732421875,21.34375,0.7097117900848389,0.11352603882551193,28.25302505493164,0.18027691543102264,3.625,0.46602946519851685,477.72625732421875,477.72625732421875,,,,,,,
4545,1783430731.7617576,,,6.2470703125,4.330078125,1.9169921875,6.2470703125,,,,,,,,,,,,,,,,,
4550,1783430732.4715843,,,,,,,481.74072265625,22.109375,0.7389057874679565,0.10823799669742584,29.452178955078125,0.18649618327617645,3.625,0.48145246505737305,481.74072265625,481.74072265625,,,,,,,
4555,1783430733.0971818,,,5.6796875,4.03125,1.6484375,5.6796875,,,,,,,,,,,,,,,,,
4560,1783430733.8070636,,,,,,,479.7981872558594,21.828125,0.7293115854263306,0.09956134855747223,29.531272888183594,0.18303821980953217,3.625,0.4645058512687683,479.7981872558594,479.7981872558594,,,,,,,
4565,1783430734.4319859,,,5.935546875,4.244140625,1.69140625,5.935546875,,,,,,,,,,,,,,,,,
4570,1783430735.142032,,,,,,,479.897216796875,20.703125,0.7350940704345703,0.1248893067240715,27.658214569091797,0.18536467850208282,3.625,0.49989449977874756,479.897216796875,479.897216796875,,,,,,,
4575,1783430735.7692127,,,6.271484375,4.416015625,1.85546875,6.271484375,,,,,,,,,,,,,,,,,
4580,1783430736.482206,,,,,,,486.6497497558594,23.296875,0.7331621646881104,0.1422756314277649,30.035762786865234,0.184031680226326,3.625,0.5253546237945557,486.6497497558594,486.6497497558594,,,,,,,
4585,1783430737.1083477,,,6.595703125,4.673828125,1.921875,6.595703125,,,,,,,,,,,,,,,,,
4590,1783430737.8180456,,,,,,,486.084228515625,22.703125,0.7487266063690186,0.13678821921348572,30.327926635742188,0.18882028758525848,3.625,0.5046250820159912,486.084228515625,486.084228515625,,,,,,,
4595,1783430738.4429317,,,6.388671875,4.498046875,1.890625,6.388671875,,,,,,,,,,,,,,,,,
4600,1783430739.1524365,,,,,,,483.20745849609375,21.640625,0.7352415919303894,0.14265692234039307,28.102951049804688,0.18242432177066803,3.625,0.5277625322341919,483.20745849609375,483.20745849609375,,,,,,,
4605,1783430739.7782054,,,5.703125,3.91015625,1.79296875,5.703125,,,,,,,,,,,,,,,,,
4610,1783430740.487603,,,,,,,479.8670654296875,21.484375,0.7108091115951538,0.12538719177246094,28.180259704589844,0.18372084200382233,3.625,0.49569207429885864,479.8670654296875,479.8670654296875,,,,,,,
4615,1783430741.1130335,,,5.9609375,4.095703125,1.865234375,5.9609375,,,,,,,,,,,,,,,,,
4620,1783430741.8219638,,,,,,,477.5260314941406,21.015625,0.7228467464447021,0.10067159682512283,28.07463836669922,0.1836545318365097,3.625,0.4691770672798157,477.5260314941406,477.5260314941406,,,,,,,
4625,1783430742.4469914,,,5.9326171875,4.1640625,1.7685546875,5.9326171875,,,,,,,,,,,,,,,,,
4630,1783430743.1590736,,,,,,,489.0525207519531,22.046875,0.7412742376327515,0.13274440169334412,29.55050277709961,0.18456116318702698,3.65625,0.5293116569519043,489.0525207519531,489.0525207519531,,,,,,,
4635,1783430743.7861376,,,6.0810546875,4.353515625,1.7275390625,6.0810546875,,,,,,,,,,,,,,,,,
4640,1783430744.4950733,,,,,,,490.38623046875,22.6875,0.7491480112075806,0.15171891450881958,31.35430908203125,0.18933427333831787,3.625,0.5618963241577148,490.38623046875,490.38623046875,,,,,,,
4645,1783430745.1199946,,,6.1572265625,4.4375,1.7197265625,6.1572265625,,,,,,,,,,,,,,,,,
4650,1783430745.8299448,,,,,,,485.7823486328125,22.421875,0.739459753036499,0.14165771007537842,29.084571838378906,0.1867305338382721,3.625,0.5382835865020752,485.7823486328125,485.7823486328125,,,,,,,
4655,1783430746.4563794,,,6.2216796875,4.349609375,1.8720703125,6.2216796875,,,,,,,,,,,,,,,,,
4660,1783430747.1664352,,,,,,,479.1480712890625,20.953125,0.7127413153648376,0.11517834663391113,27.382442474365234,0.18329103291034698,3.625,0.5179557800292969,479.1480712890625,479.1480712890625,,,,,,,
4665,1783430747.7916396,,,6.314453125,4.478515625,1.8359375,6.314453125,,,,,,,,,,,,,,,,,
4670,1783430748.4984174,,,,,,,486.3143005371094,22.40625,0.7522760629653931,0.136375293135643,29.346773147583008,0.19049176573753357,3.625,0.533329427242279,486.3143005371094,486.3143005371094,,,,,,,
4675,1783430749.120892,,,5.4228515625,3.71484375,1.7080078125,5.4228515625,,,,,,,,,,,,,,,,,
4680,1783430749.7977812,,,,,,,471.78277587890625,18.0625,0.7041279673576355,0.11207937449216843,24.41696548461914,0.18234297633171082,3.625,0.49707865715026855,471.78277587890625,471.78277587890625,,,,,,,
4680,1783430751.1227965,,,,,,,,,,,,,,,,,436.69870819091796,0.7336235213279724,0.1475500802695751,0.18345332384109497,3.6286801886558533,0.5760550397634506,436.69870819091796
4680,1783430752.4141371,1286.1657329999616,531.7956619262695,,,,,,,,,,,,,,,,,,,,,
4685,1783430753.0935853,,,6.01171875,4.119140625,1.892578125,6.01171875,,,,,,,,,,,,,,,,,
4690,1783430753.801546,,,,,,,473.5252685546875,20.109375,0.7178171873092651,0.10565461218357086,26.166423797607422,0.1792263388633728,3.625,0.44729071855545044,473.5252685546875,473.5252685546875,,,,,,,
4695,1783430754.4262786,,,5.7978515625,4.029296875,1.7685546875,5.7978515625,,,,,,,,,,,,,,,,,
4700,1783430755.1351507,,,,,,,478.7118835449219,21.859375,0.7221347093582153,0.10966123640537262,27.512897491455078,0.18129992485046387,3.625,0.4833393096923828,478.7118835449219,478.7118835449219,,,,,,,
4705,1783430755.7603512,,,5.7529296875,3.93359375,1.8193359375,5.7529296875,,,,,,,,,,,,,,,,,
4710,1783430756.4723675,,,,,,,480.4985046386719,21.484375,0.7039456963539124,0.12984834611415863,27.4223690032959,0.1828129142522812,3.625,0.5298767685890198,480.4985046386719,480.4985046386719,,,,,,,
4715,1783430757.1057427,,,5.9453125,4.23046875,1.71484375,5.9453125,,,,,,,,,,,,,,,,,
4720,1783430757.8139403,,,,,,,481.61029052734375,21.234375,0.7239887714385986,0.12616077065467834,27.896663665771484,0.18552051484584808,3.625,0.5305349230766296,481.61029052734375,481.61029052734375,,,,,,,
4725,1783430758.4391472,,,6.2880859375,4.474609375,1.8134765625,6.2880859375,,,,,,,,,,,,,,,,,
4730,1783430759.1494887,,,,,,,480.3120422363281,22.0,0.7109946608543396,0.1108306497335434,29.698184967041016,0.18153484165668488,3.625,0.4769482910633087,480.3120422363281,480.3120422363281,,,,,,,
4735,1783430759.775855,,,6.02734375,4.24609375,1.78125,6.02734375,,,,,,,,,,,,,,,,,
4740,1783430760.4874911,,,,,,,485.2032775878906,23.203125,0.7851992249488831,0.1126687154173851,30.626495361328125,0.1903088390827179,3.609375,0.4979046881198883,485.2032775878906,485.2032775878906,,,,,,,
4745,1783430761.1132195,,,5.80078125,3.9453125,1.85546875,5.80078125,,,,,,,,,,,,,,,,,
4750,1783430761.8227785,,,,,,,486.92108154296875,22.140625,0.7282187938690186,0.12259378284215927,29.12720489501953,0.1846887469291687,3.65625,0.5123488903045654,486.92108154296875,486.92108154296875,,,,,,,
4755,1783430762.449847,,,5.40771484375,3.755859375,1.65185546875,5.40771484375,,,,,,,,,,,,,,,,,
4760,1783430763.1588268,,,,,,,487.76812744140625,21.953125,0.7248455882072449,0.14966583251953125,30.285831451416016,0.18562215566635132,3.625,0.5738487243652344,487.76812744140625,487.76812744140625,,,,,,,
4765,1783430763.7845576,,,5.9853515625,4.1796875,1.8056640625,5.9853515625,,,,,,,,,,,,,,,,,
4770,1783430764.4941266,,,,,,,483.5531005859375,21.6875,0.7404314279556274,0.13110923767089844,28.85051727294922,0.1857662796974182,3.625,0.5208052396774292,483.5531005859375,483.5531005859375,,,,,,,
4775,1783430765.1197634,,,5.9248046875,4.05859375,1.8662109375,5.9248046875,,,,,,,,,,,,,,,,,
4780,1783430765.8282473,,,,,,,477.731201171875,21.28125,0.7080865502357483,0.10216774791479111,27.9737606048584,0.1795497089624405,3.625,0.4874451756477356,477.731201171875,477.731201171875,,,,,,,
4785,1783430766.453815,,,6.1953125,4.423828125,1.771484375,6.1953125,,,,,,,,,,,,,,,,,
4790,1783430767.163614,,,,,,,484.1601867675781,22.625,0.7477437853813171,0.12652769684791565,28.236915588378906,0.18529322743415833,3.625,0.5248409509658813,484.1601867675781,484.1601867675781,,,,,,,
4795,1783430767.7896652,,,5.7822265625,3.966796875,1.8154296875,5.7822265625,,,,,,,,,,,,,,,,,
4800,1783430768.4990363,,,,,,,480.706787109375,22.828125,0.7166885137557983,0.10769536346197128,29.230518341064453,0.18486377596855164,3.625,0.47182220220565796,480.706787109375,480.706787109375,,,,,,,
4805,1783430769.125976,,,5.873046875,4.015625,1.857421875,5.873046875,,,,,,,,,,,,,,,,,
4810,1783430769.835608,,,,,,,483.7076110839844,22.25,0.7187871336936951,0.14199750125408173,29.290000915527344,0.18291331827640533,3.625,0.515581488609314,483.7076110839844,483.7076110839844,,,,,,,
4815,1783430770.4618685,,,6.2109375,4.33984375,1.87109375,6.2109375,,,,,,,,,,,,,,,,,
4820,1783430771.1698773,,,,,,,484.7479553222656,21.84375,0.7228335738182068,0.14182142913341522,28.61297607421875,0.18368689715862274,3.625,0.5581299662590027,484.7479553222656,484.7479553222656,,,,,,,
4825,1783430771.794767,,,6.0419921875,4.234375,1.8076171875,6.0419921875,,,,,,,,,,,,,,,,,
4830,1783430772.5049462,,,,,,,481.7305603027344,22.859375,0.7315720319747925,0.1145971417427063,30.231870651245117,0.1838030368089676,3.625,0.45090097188949585,481.7305603027344,481.7305603027344,,,,,,,
4835,1783430773.13103,,,6.21875,4.41796875,1.80078125,6.21875,,,,,,,,,,,,,,,,,
4840,1783430773.8398018,,,,,,,482.3533935546875,22.046875,0.7295477390289307,0.14509916305541992,27.6993350982666,0.18354357779026031,3.625,0.5108582973480225,482.3533935546875,482.3533935546875,,,,,,,
4845,1783430774.4656775,,,5.5439453125,3.87890625,1.6650390625,5.5439453125,,,,,,,,,,,,,,,,,
4850,1783430775.1762688,,,,,,,482.6659851074219,22.046875,0.771727979183197,0.11598589271306992,28.92481231689453,0.18904143571853638,3.625,0.4720073640346527,482.6659851074219,482.6659851074219,,,,,,,
4855,1783430775.8017857,,,5.875,4.05859375,1.81640625,5.875,,,,,,,,,,,,,,,,,
4860,1783430776.510439,,,,,,,480.9332580566406,21.90625,0.7373006939888,0.10857385396957397,28.508264541625977,0.18622155487537384,3.625,0.4905419647693634,480.9332580566406,480.9332580566406,,,,,,,
4865,1783430777.1373303,,,5.712890625,3.990234375,1.72265625,5.712890625,,,,,,,,,,,,,,,,,
4870,1783430777.8471327,,,,,,,480.3160400390625,22.515625,0.7010652422904968,0.12050919234752655,28.501937866210938,0.1813378483057022,3.625,0.4926083981990814,480.3160400390625,480.3160400390625,,,,,,,
4875,1783430778.4725094,,,6.1494140625,4.3828125,1.7666015625,6.1494140625,,,,,,,,,,,,,,,,,
4880,1783430779.1822004,,,,,,,481.4615173339844,21.3125,0.7281674146652222,0.14262346923351288,27.23314666748047,0.18645696341991425,3.625,0.518660306930542,481.4615173339844,481.4615173339844,,,,,,,
4885,1783430779.8114886,,,6.45703125,4.52734375,1.9296875,6.45703125,,,,,,,,,,,,,,,,,
4890,1783430780.5231187,,,,,,,478.50177001953125,21.703125,0.7335538268089294,0.1128622367978096,28.804019927978516,0.1902937889099121,3.609375,0.4742816686630249,478.50177001953125,478.50177001953125,,,,,,,
4895,1783430781.1507988,,,6.236328125,4.421875,1.814453125,6.236328125,,,,,,,,,,,,,,,,,
4900,1783430781.865882,,,,,,,485.90234375,22.0625,0.7182311415672302,0.13501642644405365,28.191543579101562,0.1836938112974167,3.65625,0.5107980966567993,485.90234375,485.90234375,,,,,,,
4905,1783430782.4968803,,,5.9140625,4.03515625,1.87890625,5.9140625,,,,,,,,,,,,,,,,,
4910,1783430783.2096703,,,,,,,478.9416198730469,20.703125,0.7385205626487732,0.11999930441379547,28.03757667541504,0.18415606021881104,3.625,0.47290024161338806,478.9416198730469,478.9416198730469,,,,,,,
4915,1783430783.8376992,,,5.49609375,3.720703125,1.775390625,5.49609375,,,,,,,,,,,,,,,,,
4920,1783430784.5507476,,,,,,,483.41162109375,22.296875,0.761721670627594,0.12360444664955139,28.832298278808594,0.18895824253559113,3.625,0.4875483810901642,483.41162109375,483.41162109375,,,,,,,
4925,1783430785.181909,,,6.548828125,4.603515625,1.9453125,6.548828125,,,,,,,,,,,,,,,,,
4930,1783430785.895958,,,,,,,479.82525634765625,21.984375,0.7154009342193604,0.11577892303466797,28.29793930053711,0.18229368329048157,3.625,0.4874805510044098,479.82525634765625,479.82525634765625,,,,,,,
4935,1783430786.522946,,,5.943359375,4.298828125,1.64453125,5.943359375,,,,,,,,,,,,,,,,,
4940,1783430787.2326758,,,,,,,483.19342041015625,21.71875,0.7329882383346558,0.12487426400184631,29.534156799316406,0.1832602471113205,3.625,0.5131111145019531,483.19342041015625,483.19342041015625,,,,,,,
4945,1783430787.8627007,,,6.6337890625,4.6953125,1.9384765625,6.6337890625,,,,,,,,,,,,,,,,,
4950,1783430788.5736392,,,,,,,482.0950927734375,22.09375,0.7466287612915039,0.12870517373085022,27.930171966552734,0.18533670902252197,3.625,0.49646639823913574,482.0950927734375,482.0950927734375,,,,,,,
4955,1783430789.200962,,,5.7763671875,3.95703125,1.8193359375,5.7763671875,,,,,,,,,,,,,,,,,
4960,1783430789.9099753,,,,,,,481.9281005859375,22.3125,0.7438769936561584,0.12160944938659668,30.232894897460938,0.18659242987632751,3.609375,0.4897593855857849,481.9281005859375,481.9281005859375,,,,,,,
4965,1783430790.5369205,,,6.5087890625,4.591796875,1.9169921875,6.5087890625,,,,,,,,,,,,,,,,,
4970,1783430791.2479036,,,,,,,481.876708984375,22.046875,0.7214463353157043,0.12849880754947662,28.582294464111328,0.1852002888917923,3.625,0.5036888718605042,481.876708984375,481.876708984375,,,,,,,
4975,1783430791.8742733,,,6.4833984375,4.650390625,1.8330078125,6.4833984375,,,,,,,,,,,,,,,,,
4980,1783430792.5852711,,,,,,,483.041259765625,21.359375,0.747642993927002,0.13047979772090912,29.13382339477539,0.18536335229873657,3.625,0.504249632358551,483.041259765625,483.041259765625,,,,,,,
4985,1783430793.2152588,,,5.962890625,4.16015625,1.802734375,5.962890625,,,,,,,,,,,,,,,,,
4990,1783430793.9245071,,,,,,,481.166015625,21.578125,0.7255005836486816,0.12579213082790375,29.343957901000977,0.1850932389497757,3.625,0.4801461696624756,481.166015625,481.166015625,,,,,,,
4995,1783430794.549596,,,5.55859375,3.83203125,1.7265625,5.55859375,,,,,,,,,,,,,,,,,
5000,1783430795.2598152,,,,,,,483.18499755859375,22.65625,0.7819936275482178,0.11745478957891464,28.996076583862305,0.19035303592681885,3.625,0.45536941289901733,483.18499755859375,483.18499755859375,,,,,,,
5005,1783430795.8857715,,,5.775390625,4.005859375,1.76953125,5.775390625,,,,,,,,,,,,,,,,,
5010,1783430796.5969381,,,,,,,481.9150695800781,21.5625,0.757480263710022,0.12325666099786758,27.869503021240234,0.18682795763015747,3.625,0.4987258315086365,481.9150695800781,481.9150695800781,,,,,,,
5015,1783430797.222492,,,6.0087890625,4.185546875,1.8232421875,6.0087890625,,,,,,,,,,,,,,,,,
5020,1783430797.932154,,,,,,,478.4966125488281,21.109375,0.7336201071739197,0.1128152459859848,27.876949310302734,0.18566082417964935,3.625,0.46813225746154785,478.4966125488281,478.4966125488281,,,,,,,
5025,1783430798.5582168,,,6.130859375,4.302734375,1.828125,6.130859375,,,,,,,,,,,,,,,,,
5030,1783430799.268088,,,,,,,480.7516784667969,21.6875,0.7273388504981995,0.13117769360542297,28.285768508911133,0.18199916183948517,3.625,0.48789310455322266,480.7516784667969,480.7516784667969,,,,,,,
5035,1783430799.8937035,,,5.7763671875,4.005859375,1.7705078125,5.7763671875,,,,,,,,,,,,,,,,,
5040,1783430800.6046197,,,,,,,481.9712829589844,21.328125,0.7216996550559998,0.1297329068183899,28.334224700927734,0.1832592487335205,3.625,0.527728259563446,481.9712829589844,481.9712829589844,,,,,,,
5045,1783430801.2307847,,,6.466796875,4.69140625,1.775390625,6.466796875,,,,,,,,,,,,,,,,,
5050,1783430801.9402978,,,,,,,482.65093994140625,22.0625,0.7381979823112488,0.11160867661237717,29.471370697021484,0.18543174862861633,3.625,0.5006966590881348,482.65093994140625,482.65093994140625,,,,,,,
5055,1783430802.5667918,,,5.9072265625,4.1328125,1.7744140625,5.9072265625,,,,,,,,,,,,,,,,,
5060,1783430803.2731402,,,,,,,481.0444641113281,21.640625,0.7240041494369507,0.12542816996574402,27.837730407714844,0.1837688684463501,3.625,0.5127121806144714,481.0444641113281,481.0444641113281,,,,,,,
5065,1783430803.8977206,,,6.1337890625,4.296875,1.8369140625,6.1337890625,,,,,,,,,,,,,,,,,
5070,1783430804.5757163,,,,,,,478.9561767578125,19.5,0.7570529580116272,0.12863095104694366,25.493024826049805,0.18623214960098267,3.625,0.5272660255432129,478.9561767578125,478.9561767578125,,,,,,,
5070,1783430805.942093,,,,,,,,,,,,,,,,,436.51144317626955,0.7319086956977844,0.14764382049441338,0.1830430330336094,3.6283311891555785,0.5747005861997604,436.51144317626955
5070,1783430807.2048433,1259.5105970000304,531.7956619262695,,,,,,,,,,,,,,,,,,,,,
5070,1783430808.4789698,1269.5567729999766,531.7956619262695,,,,,,,,,,,,,,,,,,,,,
