step,time_unix,learning_rate_discriminator,learning_rate_generator,runtime/checkpoint_save_time_ms,runtime/checkpoint_size_mb,train_discriminator_loss,train_discriminator_loss_period,train_discriminator_loss_scale,train_discriminator_loss_total,train_generator_loss,train_generator_loss_adversarial_period,train_generator_loss_adversarial_scale,train_generator_loss_feature_matching_period,train_generator_loss_feature_matching_scale,train_generator_loss_mel,train_generator_loss_total,train_loss,val_loss,val_mel_l1
0,1783431961.603943,,,,,,,,,,,,,,,,,0.616251311302185,0.616251311302185
5,1783432005.7637432,,,,,1.3392016887664795,1.2120453119277954,0.12715640664100647,1.3392016887664795,49.18278121948242,3.0512280464172363,2.915879249572754,4.296135902404785,4.117868900299072,0.5863925814628601,49.18278121948242,49.18278121948242,,
10,1783432006.4876964,,,,,1.2476341724395752,1.1109368801116943,0.13669729232788086,1.2476341724395752,46.55033874511719,3.1775078773498535,2.9277760982513428,4.250695705413818,3.8925857543945312,0.5368553996086121,46.55033874511719,46.55033874511719,,
15,1783432007.2076013,,,,,1.1985374689102173,1.0786982774734497,0.1198391392827034,1.1985374689102173,46.147430419921875,3.2440185546875,2.7333850860595703,4.372105598449707,3.7167444229125977,0.5331627726554871,46.147430419921875,46.147430419921875,,
20,1783432007.935018,,,,,1.3930079936981201,1.2351735830307007,0.15783439576625824,1.3930079936981201,42.86608123779297,3.1848995685577393,2.757401943206787,3.968510389328003,3.4070796966552734,0.49272438883781433,42.86608123779297,42.86608123779297,,
25,1783432009.920389,,,,,1.2464044094085693,1.1215591430664062,0.12484521418809891,1.2464044094085693,45.804054260253906,3.259554386138916,2.7653260231018066,4.540073871612549,3.7471508979797363,0.5156605243682861,45.804054260253906,45.804054260253906,,
30,1783432011.604123,,,,,1.2348558902740479,1.095815896987915,0.1390400230884552,1.2348558902740479,44.53461837768555,3.1453704833984375,2.7629876136779785,4.298737049102783,3.5499191284179688,0.5095321536064148,44.53461837768555,44.53461837768555,,
35,1783432013.3711693,,,,,1.3384244441986084,1.1963837146759033,0.14204072952270508,1.3384244441986084,42.44959259033203,3.0654773712158203,2.7312450408935547,4.082298755645752,3.487034797668457,0.47809338569641113,42.44959259033203,42.44959259033203,,
40,1783432015.3646262,,,,,1.3394191265106201,1.1848188638687134,0.15460026264190674,1.3394191265106201,42.07624816894531,3.185617208480835,2.6842260360717773,4.0177507400512695,3.450073719024658,0.47268348932266235,42.07624816894531,42.07624816894531,,
45,1783432016.6566315,,,,,1.3106387853622437,1.1810251474380493,0.12961359322071075,1.3106387853622437,42.32411193847656,3.1293816566467285,2.7833786010742188,4.058337688446045,3.5380561351776123,0.47152361273765564,42.32411193847656,42.32411193847656,,
50,1783432019.4225633,,,,,1.3378961086273193,1.2103756666183472,0.12752048671245575,1.3378961086273193,42.917423248291016,3.1692309379577637,2.7741241455078125,4.1885175704956055,3.5723764896392822,0.4767172932624817,42.917423248291016,42.917423248291016,,
55,1783432021.0718982,,,,,1.3339823484420776,1.1875288486480713,0.14645349979400635,1.3339823484420776,41.9350700378418,3.203453302383423,2.7468228340148926,3.8540842533111572,3.448432207107544,0.47510582208633423,41.9350700378418,41.9350700378418,,
60,1783432022.6458511,,,,,1.3557090759277344,1.1885913610458374,0.16711775958538055,1.3557090759277344,41.53111267089844,3.1565182209014893,2.753925323486328,4.1111063957214355,3.460228204727173,0.4550666809082031,41.53111267089844,41.53111267089844,,
65,1783432023.8052592,,,,,1.384170413017273,1.2243927717208862,0.15977759659290314,1.384170413017273,41.394378662109375,3.1083667278289795,2.6930618286132812,3.9309840202331543,3.4293079376220703,0.46383029222488403,41.394378662109375,41.394378662109375,,
70,1783432026.4130135,,,,,1.28103768825531,1.145438313484192,0.13559935986995697,1.28103768825531,42.79937744140625,3.0353097915649414,2.749915361404419,4.358063220977783,3.5938315391540527,0.469119131565094,42.79937744140625,42.79937744140625,,
75,1783432028.0281618,,,,,1.4301049709320068,1.2498959302902222,0.1802089959383011,1.4301049709320068,41.30563735961914,2.9734535217285156,2.7792141437530518,3.9625139236450195,3.4542179107666016,0.4604334533214569,41.30563735961914,41.30563735961914,,
80,1783432029.2601852,,,,,1.3950446844100952,1.2538180351257324,0.1412266492843628,1.3950446844100952,41.714725494384766,3.0166208744049072,2.6689252853393555,4.09633731842041,3.4858341217041016,0.4636630117893219,41.714725494384766,41.714725494384766,,
85,1783432030.5021808,,,,,1.3682382106781006,1.2178456783294678,0.1503925323486328,1.3682382106781006,41.248779296875,3.0559144020080566,2.776095151901245,4.216912269592285,3.509227991104126,0.443655401468277,41.248779296875,41.248779296875,,
90,1783432032.9402533,,,,,1.3204411268234253,1.1689951419830322,0.15144594013690948,1.3204411268234253,42.14101028442383,2.9293878078460693,2.757436752319336,4.355011940002441,3.612943172454834,0.455961674451828,42.14101028442383,42.14101028442383,,
95,1783432034.3224254,,,,,1.3311660289764404,1.1849610805511475,0.1462048888206482,1.3311660289764404,42.090248107910156,3.027566909790039,2.706821918487549,4.321385860443115,3.5940988063812256,0.4561086595058441,42.090248107910156,42.090248107910156,,
100,1783432036.3931532,,,,,1.2970120906829834,1.1540218591690063,0.14299021661281586,1.2970120906829834,42.25507736206055,3.0708751678466797,2.7893519401550293,4.336173057556152,3.5635838508605957,0.45767417550086975,42.25507736206055,42.25507736206055,,
105,1783432037.8097618,,,,,1.4802550077438354,1.2976700067520142,0.18258503079414368,1.4802550077438354,39.16044235229492,2.9727208614349365,2.6397929191589355,3.7339344024658203,3.3137083053588867,0.43228092789649963,39.16044235229492,39.16044235229492,,
110,1783432039.7961247,,,,,1.4413368701934814,1.2727057933807373,0.16863103210926056,1.4413368701934814,40.62567901611328,2.982180118560791,2.750709056854248,4.063626289367676,3.4731767177581787,0.4404262602329254,40.62567901611328,40.62567901611328,,
115,1783432041.2935443,,,,,1.3534129858016968,1.188826084136963,0.16458694636821747,1.3534129858016968,40.793052673339844,3.181041955947876,2.776933431625366,4.005500793457031,3.415651559829712,0.4442838728427887,40.793052673339844,40.793052673339844,,
120,1783432042.8457172,,,,,1.4410569667816162,1.2798612117767334,0.1611957997083664,1.4410569667816162,40.77373123168945,3.2001640796661377,2.676360607147217,3.889152765274048,3.3833260536193848,0.4522721469402313,40.77373123168945,40.77373123168945,,
125,1783432044.2607865,,,,,1.3754057884216309,1.218193531036377,0.15721219778060913,1.3754057884216309,41.196571350097656,3.1285758018493652,2.669710636138916,4.072086334228516,3.4332339763641357,0.45305871963500977,41.196571350097656,41.196571350097656,,
130,1783432046.832654,,,,,1.3387200832366943,1.1854510307312012,0.15326902270317078,1.3387200832366943,41.49578857421875,2.998814582824707,2.6949968338012695,4.145532608032227,3.530782461166382,0.45442995429039,41.49578857421875,41.49578857421875,,
135,1783432048.479438,,,,,1.4197522401809692,1.2350462675094604,0.1847059428691864,1.4197522401809692,40.462425231933594,3.047747850418091,2.6401925086975098,3.9695937633514404,3.3588013648986816,0.4470599293708801,40.462425231933594,40.462425231933594,,
140,1783432050.0334604,,,,,1.3532031774520874,1.1605983972549438,0.19260475039482117,1.3532031774520874,41.10215759277344,3.0821871757507324,2.675319194793701,4.34873628616333,3.518484354019165,0.43578240275382996,41.10215759277344,41.10215759277344,,
145,1783432051.717842,,,,,1.4004707336425781,1.1990283727645874,0.20144233107566833,1.4004707336425781,40.19466018676758,3.093482494354248,2.6391711235046387,4.125582695007324,3.3677279949188232,0.4327862858772278,40.19466018676758,40.19466018676758,,
150,1783432053.529331,,,,,1.4577122926712036,1.26780366897583,0.18990866839885712,1.4577122926712036,40.192745208740234,3.028517484664917,2.6811420917510986,4.086816310882568,3.4397215843200684,0.43177804350852966,40.192745208740234,40.192745208740234,,
155,1783432054.864061,,,,,1.4097235202789307,1.2309943437576294,0.17872922122478485,1.4097235202789307,40.245819091796875,3.080921173095703,2.6394448280334473,4.049476146697998,3.3865184783935547,0.4367435872554779,40.245819091796875,40.245819091796875,,
160,1783432056.1997774,,,,,1.444632649421692,1.2864654064178467,0.15816724300384521,1.444632649421692,40.7946662902832,3.046992301940918,2.6833207607269287,4.129220485687256,3.451690912246704,0.4422784447669983,40.7946662902832,40.7946662902832,,
165,1783432057.624768,,,,,1.3217897415161133,1.1723555326461792,0.1494341939687729,1.3217897415161133,40.929969787597656,3.07554030418396,2.6883392333984375,4.236388206481934,3.50471830368042,0.43741947412490845,40.929969787597656,40.929969787597656,,
170,1783432059.9178462,,,,,1.5863127708435059,1.398667812347412,0.18764495849609375,1.5863127708435059,37.65546798706055,2.8038408756256104,2.600266218185425,3.593275785446167,3.2945828437805176,0.4105699062347412,37.65546798706055,37.65546798706055,,
175,1783432061.3750024,,,,,1.3770251274108887,1.210296869277954,0.16672828793525696,1.3770251274108887,40.91425323486328,3.0454459190368652,2.6466314792633057,4.074300765991211,3.5015010833740234,0.4460127353668213,40.91425323486328,40.91425323486328,,
180,1783432062.8792355,,,,,1.436830759048462,1.264283299446106,0.17254739999771118,1.436830759048462,40.12318420410156,2.891313314437866,2.667530059814453,4.115941047668457,3.4266927242279053,0.43286821246147156,40.12318420410156,40.12318420410156,,
185,1783432064.2771163,,,,,1.4270377159118652,1.2698882818222046,0.15714944899082184,1.4270377159118652,39.38713073730469,2.966071844100952,2.70241117477417,3.845320224761963,3.426926612854004,0.4260922968387604,39.38713073730469,39.38713073730469,,
190,1783432066.05205,,,,,1.6115912199020386,1.4089365005493164,0.20265474915504456,1.6115912199020386,38.26765441894531,2.7343084812164307,2.6151976585388184,3.835265874862671,3.376971483230591,0.4109705090522766,38.26765441894531,38.26765441894531,,
195,1783432067.8393474,,,,,1.475711703300476,1.2946420907974243,0.18106956779956818,1.475711703300476,39.363990783691406,2.9410135746002197,2.6300740242004395,3.916928291320801,3.414057970046997,0.42513179779052734,39.363990783691406,39.363990783691406,,
200,1783432069.6479578,,,,,1.4588658809661865,1.2932004928588867,0.1656654328107834,1.4588658809661865,40.90701675415039,3.1043877601623535,2.7508797645568848,4.198477745056152,3.5245139598846436,0.43568363785743713,40.90701675415039,40.90701675415039,,
205,1783432071.4005854,,,,,1.5087884664535522,1.3267135620117188,0.1820748895406723,1.5087884664535522,39.1270751953125,2.8569023609161377,2.6588962078094482,3.8172998428344727,3.3685178756713867,0.42754754424095154,39.1270751953125,39.1270751953125,,
210,1783432074.880835,,,,,1.5054795742034912,1.3321735858917236,0.17330597341060638,1.5054795742034912,39.0041389465332,2.9897806644439697,2.6278467178344727,3.886789321899414,3.418930768966675,0.41722384095191956,39.0041389465332,39.0041389465332,,
215,1783432076.532209,,,,,1.420020341873169,1.2152589559555054,0.20476134121418,1.420020341873169,40.18467330932617,3.0108132362365723,2.6379899978637695,4.237831115722656,3.4582018852233887,0.42541787028312683,40.18467330932617,40.18467330932617,,
220,1783432077.7884517,,,,,1.3933844566345215,1.214828610420227,0.1785559058189392,1.3933844566345215,39.22251892089844,2.9811675548553467,2.613461494445801,3.86704683303833,3.404555559158325,0.4241040349006653,39.22251892089844,39.22251892089844,,
225,1783432079.186674,,,,,1.462707757949829,1.2728630304336548,0.1898447722196579,1.462707757949829,38.61457061767578,3.00846529006958,2.5711560249328613,3.937807083129883,3.3475801944732666,0.41031503677368164,38.61457061767578,38.61457061767578,,
230,1783432081.8156781,,,,,1.4937511682510376,1.3001395463943481,0.19361162185668945,1.4937511682510376,40.110496520996094,2.9103329181671143,2.6713356971740723,4.051356315612793,3.4719252586364746,0.43293920159339905,40.110496520996094,40.110496520996094,,
235,1783432083.7946472,,,,,1.4875932931900024,1.285109281539917,0.20248396694660187,1.4875932931900024,38.6662712097168,2.904008150100708,2.63504695892334,3.914633274078369,3.3439323902130127,0.4135574400424957,38.6662712097168,38.6662712097168,,
240,1783432085.7282805,,,,,1.3733313083648682,1.218156337738037,0.15517500042915344,1.3733313083648682,40.48762512207031,3.1906354427337646,2.7027533054351807,4.137471675872803,3.491471290588379,0.429696649312973,40.48762512207031,40.48762512207031,,
245,1783432087.2906115,,,,,1.340591549873352,1.1858254671096802,0.1547660380601883,1.340591549873352,40.910911560058594,3.191849946975708,2.6854429244995117,4.29652214050293,3.5595340728759766,0.429366797208786,40.910911560058594,40.910911560058594,,
250,1783432089.9422987,,,,,1.3131977319717407,1.1600496768951416,0.1531480848789215,1.3131977319717407,40.837791442871094,3.0574800968170166,2.7145984172821045,4.188023567199707,3.4993462562561035,0.43757715821266174,40.837791442871094,40.837791442871094,,
255,1783432091.5218363,,,,,1.3750994205474854,1.195434808731079,0.17966456711292267,1.3750994205474854,39.79366683959961,2.956298351287842,2.6729235649108887,4.064883708953857,3.42448091506958,0.4263492524623871,39.79366683959961,39.79366683959961,,
260,1783432093.2124157,,,,,1.412139654159546,1.2244867086410522,0.18765291571617126,1.412139654159546,40.09162139892578,3.1111860275268555,2.7066807746887207,3.9974069595336914,3.387786388397217,0.4334081709384918,40.09162139892578,40.09162139892578,,
265,1783432094.902821,,,,,1.5526543855667114,1.3512719869613647,0.20138244330883026,1.5526543855667114,38.28089904785156,2.7955703735351562,2.60992431640625,3.8371047973632812,3.349731206893921,0.41114965081214905,38.28089904785156,38.28089904785156,,
270,1783432097.3547533,,,,,1.5440858602523804,1.343518614768982,0.20056723058223724,1.5440858602523804,38.977333068847656,2.8321685791015625,2.6781163215637207,4.103466033935547,3.4198997020721436,0.40934038162231445,38.977333068847656,38.977333068847656,,
275,1783432098.6121478,,,,,1.4763668775558472,1.264679193496704,0.21168771386146545,1.4763668775558472,38.146209716796875,2.892976760864258,2.5696239471435547,3.85836124420166,3.2874386310577393,0.40871134400367737,38.146209716796875,38.146209716796875,,
280,1783432100.354363,,,,,1.4569779634475708,1.2872501611709595,0.16972781717777252,1.4569779634475708,39.866493225097656,2.9494612216949463,2.6981699466705322,3.977858304977417,3.4012200832366943,0.43246006965637207,39.866493225097656,39.866493225097656,,
285,1783432101.985756,,,,,1.495880365371704,1.2663331031799316,0.22954732179641724,1.495880365371704,38.644927978515625,3.161100149154663,2.5978426933288574,3.901609420776367,3.2874181270599365,0.4112873077392578,38.644927978515625,38.644927978515625,,
290,1783432103.8087234,,,,,1.3341031074523926,1.163888931274414,0.1702142208814621,1.3341031074523926,40.487693786621094,3.0131561756134033,2.6854963302612305,4.198737621307373,3.4464261531829834,0.43330469727516174,40.487693786621094,40.487693786621094,,
295,1783432105.2787805,,,,,1.3644211292266846,1.1943014860153198,0.17011970281600952,1.3644211292266846,40.13789749145508,3.128952980041504,2.6986098289489746,4.215524673461914,3.5125784873962402,0.41898059844970703,40.13789749145508,40.13789749145508,,
300,1783432106.7092073,,,,,1.428429126739502,1.2755839824676514,0.152845099568367,1.428429126739502,38.736083984375,2.8933756351470947,2.7180051803588867,3.9403040409088135,3.4696898460388184,0.4067714810371399,38.736083984375,38.736083984375,,
305,1783432109.1048646,,,,,1.4881662130355835,1.2984931468963623,0.1896730661392212,1.4881662130355835,38.91409683227539,2.9242606163024902,2.60518741607666,3.931711435317993,3.4233510494232178,0.4149893820285797,38.91409683227539,38.91409683227539,,
310,1783432110.6701221,,,,,1.5411655902862549,1.327947735786438,0.2132178694009781,1.5411655902862549,37.47071838378906,2.861966848373413,2.540506601333618,3.67995548248291,3.238589286804199,0.40513673424720764,37.47071838378906,37.47071838378906,,
315,1783432111.9087126,,,,,1.4292601346969604,1.2456921339035034,0.18356800079345703,1.4292601346969604,39.160701751708984,2.9664173126220703,2.6796350479125977,4.0441436767578125,3.383406639099121,0.4146566390991211,39.160701751708984,39.160701751708984,,
320,1783432113.677403,,,,,1.5846116542816162,1.394960641860962,0.1896510273218155,1.5846116542816162,38.174072265625,2.8476998805999756,2.64741587638855,3.760751247406006,3.405463457107544,0.4077005386352539,38.174072265625,38.174072265625,,
325,1783432116.3574283,,,,,1.475699782371521,1.288657784461975,0.1870419681072235,1.475699782371521,39.08452606201172,2.9362919330596924,2.652400493621826,4.017996311187744,3.3990895748138428,0.4147036075592041,39.08452606201172,39.08452606201172,,
330,1783432117.8770223,,,,,1.575530767440796,1.3517433404922485,0.22378744184970856,1.575530767440796,38.27426528930664,2.9221322536468506,2.6173179149627686,3.6468887329101562,3.263563871383667,0.42030906677246094,38.27426528930664,38.27426528930664,,
335,1783432119.2924523,,,,,1.539534568786621,1.3114683628082275,0.22806625068187714,1.539534568786621,38.445648193359375,2.893324851989746,2.6115798950195312,3.9052162170410156,3.315977096557617,0.41107460856437683,38.445648193359375,38.445648193359375,,
340,1783432120.9505696,,,,,1.498457908630371,1.2878406047821045,0.21061734855175018,1.498457908630371,38.55315017700195,3.0884792804718018,2.5979864597320557,4.020710468292236,3.2730343341827393,0.40620431303977966,38.55315017700195,38.55315017700195,,
345,1783432123.1280534,,,,,1.4615192413330078,1.2735978364944458,0.18792138993740082,1.4615192413330078,39.20125198364258,2.846534490585327,2.6605942249298096,4.01642370223999,3.3873698711395264,0.41970083117485046,39.20125198364258,39.20125198364258,,
350,1783432125.1663094,,,,,1.5026699304580688,1.291608214378357,0.21106170117855072,1.5026699304580688,38.41858673095703,3.021430492401123,2.616408348083496,3.994687557220459,3.3725082874298096,0.4010300636291504,38.41858673095703,38.41858673095703,,
355,1783432126.7509525,,,,,1.5858712196350098,1.3911751508712769,0.19469603896141052,1.5858712196350098,37.72747802734375,2.7755088806152344,2.5738344192504883,3.8135972023010254,3.3876922130584717,0.39945685863494873,37.72747802734375,37.72747802734375,,
360,1783432128.5280588,,,,,1.4804439544677734,1.2880064249038696,0.192437544465065,1.4804439544677734,38.559364318847656,2.9176456928253174,2.715815305709839,3.995948553085327,3.3825268745422363,0.4037545621395111,38.559364318847656,38.559364318847656,,
365,1783432130.5511115,,,,,1.5655416250228882,1.3350825309753418,0.2304590940475464,1.5655416250228882,38.19085693359375,2.8830552101135254,2.591982364654541,3.7911951541900635,3.237701416015625,0.41462278366088867,38.19085693359375,38.19085693359375,,
370,1783432132.7944229,,,,,1.495483636856079,1.3182611465454102,0.17722252011299133,1.495483636856079,38.47293472290039,2.8897182941436768,2.612260341644287,4.072316646575928,3.426626205444336,0.39940154552459717,38.47293472290039,38.47293472290039,,
375,1783432135.0809247,,,,,1.3916659355163574,1.2167465686798096,0.17491936683654785,1.3916659355163574,39.62785339355469,3.0802698135375977,2.632974863052368,4.092565059661865,3.410869598388672,0.42017194628715515,39.62785339355469,39.62785339355469,,
380,1783432136.889705,,,,,1.3395349979400635,1.1712232828140259,0.16831167042255402,1.3395349979400635,40.04961395263672,3.2134242057800293,2.6097512245178223,4.31491231918335,3.509800910949707,0.4128224849700928,40.04961395263672,40.04961395263672,,
385,1783432137.9885159,,,,,1.491148591041565,1.2910839319229126,0.20006467401981354,1.491148591041565,38.90154266357422,2.850226402282715,2.6454570293426514,3.902085304260254,3.4132351875305176,0.4172270894050598,38.90154266357422,38.90154266357422,,
390,1783432144.4795625,,,,,1.5055118799209595,1.2947832345962524,0.21072864532470703,1.5055118799209595,39.186378479003906,3.1106059551239014,2.6910128593444824,3.886719226837158,3.371704339981079,0.4192868769168854,39.186378479003906,39.186378479003906,,
390,1783432144.4836123,1.9980000000000002e-05,1.9980000000000002e-05,,,,,,,,,,,,,,,,
390,1783432148.2584918,,,,,,,,,,,,,,,,,0.40410952270030975,0.40410952270030975
390,1783432149.6216798,,,1359.6278019999772,832.1023263931274,,,,,,,,,,,,,,
390,1783432150.9528801,,,1326.8059800000174,832.1023263931274,,,,,,,,,,,,,,
395,1783432151.7549784,,,,,1.4618297815322876,1.280629277229309,0.18120045959949493,1.4618297815322876,39.52133560180664,2.9323983192443848,2.781855344772339,4.134744644165039,3.502885103225708,0.41181835532188416,39.52133560180664,39.52133560180664,,
400,1783432152.482778,,,,,1.5558172464370728,1.3674174547195435,0.1883997768163681,1.5558172464370728,38.629478454589844,2.859098196029663,2.6317226886749268,3.9848620891571045,3.3670856952667236,0.4096613824367523,38.629478454589844,38.629478454589844,,
405,1783432153.2895195,,,,,1.4290657043457031,1.2420501708984375,0.1870155781507492,1.4290657043457031,38.507354736328125,2.90134859085083,2.6337759494781494,3.981433868408203,3.369741678237915,0.40599727630615234,38.507354736328125,38.507354736328125,,
410,1783432154.2890515,,,,,1.3474926948547363,1.1759740114212036,0.1715187281370163,1.3474926948547363,39.769142150878906,3.089355707168579,2.7293267250061035,4.171093463897705,3.4851937294006348,0.4141751825809479,39.769142150878906,39.769142150878906,,
415,1783432155.0524797,,,,,1.4723091125488281,1.2601919174194336,0.21211719512939453,1.4723091125488281,38.30508804321289,2.9276747703552246,2.6651344299316406,3.940805435180664,3.3425166606903076,0.40323638916015625,38.30508804321289,38.30508804321289,,
420,1783432155.7835314,,,,,1.5887877941131592,1.3881915807724,0.2005961537361145,1.5887877941131592,37.18543243408203,2.7650132179260254,2.594878911972046,3.8965725898742676,3.3287100791931152,0.3861105442047119,37.18543243408203,37.18543243408203,,
425,1783432156.5101268,,,,,1.4193089008331299,1.25947904586792,0.15982989966869354,1.4193089008331299,39.5434684753418,3.0924105644226074,2.6603312492370605,4.085806846618652,3.4616079330444336,0.4154644012451172,39.5434684753418,39.5434684753418,,
430,1783432157.227588,,,,,1.437135934829712,1.2507762908935547,0.18635967373847961,1.437135934829712,39.178489685058594,2.8968300819396973,2.657400131225586,4.052119731903076,3.4628958702087402,0.4132051467895508,39.178489685058594,39.178489685058594,,
435,1783432157.9536846,,,,,1.443926453590393,1.2480146884918213,0.1959117352962494,1.443926453590393,39.421443939208984,2.987705707550049,2.6129884719848633,4.1212334632873535,3.420456647872925,0.41638603806495667,39.421443939208984,39.421443939208984,,
440,1783432158.6807637,,,,,1.6265785694122314,1.3309895992279053,0.29558897018432617,1.6265785694122314,37.233123779296875,2.837895631790161,2.40822696685791,3.7588706016540527,3.172700881958008,0.40275245904922485,37.233123779296875,37.233123779296875,,
445,1783432159.412758,,,,,1.4751858711242676,1.30117928981781,0.17400653660297394,1.4751858711242676,37.5438346862793,2.847053050994873,2.6085240840911865,3.820791244506836,3.3187367916107178,0.3957599699497223,37.5438346862793,37.5438346862793,,
450,1783432160.1503205,,,,,1.5127203464508057,1.34361732006073,0.16910302639007568,1.5127203464508057,38.75756072998047,2.8391101360321045,2.679781675338745,4.048354148864746,3.4931530952453613,0.40345898270606995,38.75756072998047,38.75756072998047,,
455,1783432160.87666,,,,,1.4699015617370605,1.3100416660308838,0.15985983610153198,1.4699015617370605,38.987178802490234,2.9979918003082275,2.674984931945801,4.073227405548096,3.4849631786346436,0.4043959677219391,38.987178802490234,38.987178802490234,,
460,1783432161.6097336,,,,,1.5859732627868652,1.3879961967468262,0.19797709584236145,1.5859732627868652,37.59934997558594,2.7645838260650635,2.5448124408721924,3.75449800491333,3.329056739807129,0.40272989869117737,37.59934997558594,37.59934997558594,,
465,1783432162.347326,,,,,1.4415310621261597,1.2516188621520996,0.18991219997406006,1.4415310621261597,39.518978118896484,3.038485050201416,2.623922824859619,4.127605438232422,3.4136695861816406,0.4172004759311676,39.518978118896484,39.518978118896484,,
470,1783432163.0766907,,,,,1.4531952142715454,1.2638317346572876,0.18936346471309662,1.4531952142715454,38.55900573730469,2.983259677886963,2.707451105117798,4.066568851470947,3.353602647781372,0.4006211459636688,38.55900573730469,38.55900573730469,,
475,1783432163.8050015,,,,,1.5942702293395996,1.393263578414917,0.20100663602352142,1.5942702293395996,37.522987365722656,2.8435676097869873,2.637549877166748,3.601674795150757,3.249356508255005,0.40755128860473633,37.522987365722656,37.522987365722656,,
480,1783432164.5351887,,,,,1.4780197143554688,1.270644187927246,0.20737549662590027,1.4780197143554688,38.66483688354492,2.9886016845703125,2.6089425086975098,3.983579397201538,3.4103176593780518,0.4062109887599945,38.66483688354492,38.66483688354492,,
485,1783432165.2624898,,,,,1.565060019493103,1.3299167156219482,0.23514331877231598,1.565060019493103,38.08091735839844,2.9112632274627686,2.63461971282959,3.7703142166137695,3.2604925632476807,0.4105204641819,38.08091735839844,38.08091735839844,,
490,1783432165.9992332,,,,,1.594462275505066,1.387093186378479,0.2073691189289093,1.594462275505066,38.07973098754883,2.722161293029785,2.617173910140991,3.922891139984131,3.3290207386016846,0.40525713562965393,38.07973098754883,38.07973098754883,,
495,1783432166.7310946,,,,,1.4376723766326904,1.2422796487808228,0.1953926682472229,1.4376723766326904,38.21521759033203,2.9938650131225586,2.6407244205474854,4.032362461090088,3.390868663787842,0.3940926194190979,38.21521759033203,38.21521759033203,,
500,1783432167.4531684,,,,,1.4608975648880005,1.2807992696762085,0.1800982654094696,1.4608975648880005,38.9116325378418,2.9092493057250977,2.6798815727233887,4.130771636962891,3.418177843093872,0.4049912393093109,38.9116325378418,38.9116325378418,,
505,1783432168.1771348,,,,,1.508558988571167,1.3117362260818481,0.19682271778583527,1.508558988571167,38.11665344238281,3.0183305740356445,2.639153480529785,3.7944300174713135,3.284778118133545,0.40668344497680664,38.11665344238281,38.11665344238281,,
510,1783432168.8963497,,,,,1.4907093048095703,1.2843258380889893,0.20638343691825867,1.4907093048095703,38.23127746582031,2.999777317047119,2.657891273498535,3.8961830139160156,3.38055682182312,0.400447279214859,38.23127746582031,38.23127746582031,,
515,1783432169.619845,,,,,1.3787795305252075,1.1862326860427856,0.19254682958126068,1.3787795305252075,39.23406982421875,3.150423288345337,2.7097244262695312,4.170259952545166,3.438990831375122,0.4034538269042969,39.23406982421875,39.23406982421875,,
520,1783432170.3393476,,,,,1.4146482944488525,1.218078851699829,0.19656941294670105,1.4146482944488525,38.75449752807617,2.950057029724121,2.568203926086426,4.026936054229736,3.3854122161865234,0.409145325422287,38.75449752807617,38.75449752807617,,
525,1783432171.0640705,,,,,1.494136095046997,1.304949402809143,0.18918664753437042,1.494136095046997,37.84687423706055,2.8794190883636475,2.652137041091919,3.845034122467041,3.3744213581085205,0.39725348353385925,37.84687423706055,37.84687423706055,,
530,1783432171.7945054,,,,,1.5394564867019653,1.3455252647399902,0.1939312368631363,1.5394564867019653,38.657928466796875,2.9112720489501953,2.6674647331237793,3.9978270530700684,3.37178373336792,0.4075549244880676,38.657928466796875,38.657928466796875,,
535,1783432172.523094,,,,,1.6358249187469482,1.3723958730697632,0.26342907547950745,1.6358249187469482,36.7833137512207,2.928269624710083,2.5247271060943604,3.619155168533325,3.2012243270874023,0.3931012749671936,36.7833137512207,36.7833137512207,,
540,1783432173.2952049,,,,,1.4302150011062622,1.2443766593933105,0.18583829700946808,1.4302150011062622,38.90828323364258,2.958670139312744,2.6155295372009277,4.039000034332275,3.3996071815490723,0.4101525843143463,38.90828323364258,38.90828323364258,,
545,1783432174.02585,,,,,1.6145172119140625,1.3776215314865112,0.23689568042755127,1.6145172119140625,37.98170852661133,2.7650885581970215,2.542891263961792,4.016233921051025,3.297701358795166,0.4010190963745117,37.98170852661133,37.98170852661133,,
550,1783432174.7601292,,,,,1.522377371788025,1.2911330461502075,0.231244295835495,1.522377371788025,38.20447540283203,2.920668363571167,2.6852200031280518,3.9624478816986084,3.290236711502075,0.402071475982666,38.20447540283203,38.20447540283203,,
555,1783432175.4970586,,,,,1.62600839138031,1.4075531959533691,0.21845519542694092,1.62600839138031,36.3473014831543,2.7345268726348877,2.6432113647460938,3.568711996078491,3.2029521465301514,0.3872496485710144,36.3473014831543,36.3473014831543,,
560,1783432176.221677,,,,,1.5557632446289062,1.360158920288086,0.1956043690443039,1.5557632446289062,36.88935089111328,2.8300111293792725,2.622208833694458,3.7036144733428955,3.2656049728393555,0.3888598382472992,36.88935089111328,36.88935089111328,,
565,1783432176.944721,,,,,1.5426708459854126,1.3182417154312134,0.22442913055419922,1.5426708459854126,38.59979248046875,2.870753049850464,2.6319499015808105,3.9008400440216064,3.374216318130493,0.41215506196022034,38.59979248046875,38.59979248046875,,
570,1783432177.6697352,,,,,1.5319629907608032,1.329588770866394,0.20237420499324799,1.5319629907608032,37.83534240722656,2.875438690185547,2.665465831756592,3.8870840072631836,3.3862221240997314,0.3943961262702942,37.83534240722656,37.83534240722656,,
575,1783432178.4070592,,,,,1.655005693435669,1.439064383506775,0.21594132483005524,1.655005693435669,36.58633804321289,2.811358690261841,2.5521018505096436,3.5948703289031982,3.2439703941345215,0.3898932635784149,36.58633804321289,36.58633804321289,,
580,1783432179.1477706,,,,,1.4399259090423584,1.2426929473876953,0.19723300635814667,1.4399259090423584,39.296363830566406,2.9574379920959473,2.6793932914733887,4.14109992980957,3.4175000190734863,0.41205188632011414,39.296363830566406,39.296363830566406,,
585,1783432179.8966594,,,,,1.4251517057418823,1.2137961387634277,0.21135559678077698,1.4251517057418823,39.7192497253418,3.23699688911438,2.736640453338623,4.33212423324585,3.458850145339966,0.4036369323730469,39.7192497253418,39.7192497253418,,
590,1783432180.624334,,,,,1.4873698949813843,1.2411836385726929,0.2461862564086914,1.4873698949813843,38.521427154541016,2.8188438415527344,2.5497560501098633,4.054892539978027,3.313286542892456,0.40925487875938416,38.521427154541016,38.521427154541016,,
595,1783432181.3572814,,,,,1.6463481187820435,1.3917392492294312,0.2546088397502899,1.6463481187820435,36.83296585083008,2.8616280555725098,2.567993402481079,3.631883382797241,3.226022481918335,0.3930562436580658,36.83296585083008,36.83296585083008,,
600,1783432182.0865312,,,,,1.4933390617370605,1.2799490690231323,0.2133900225162506,1.4933390617370605,39.352054595947266,3.031808376312256,2.604147434234619,4.108772277832031,3.415989398956299,0.41481277346611023,39.352054595947266,39.352054595947266,,
605,1783432182.8200035,,,,,1.4888972043991089,1.2828500270843506,0.2060471475124359,1.4888972043991089,38.69366455078125,2.990868330001831,2.701282024383545,4.03259801864624,3.4041481018066406,0.4028449058532715,38.69366455078125,38.69366455078125,,
610,1783432183.5551085,,,,,1.621781349182129,1.3914915323257446,0.23028981685638428,1.621781349182129,37.343231201171875,2.896127223968506,2.618203639984131,3.879068613052368,3.3164284229278564,0.3875090479850769,37.343231201171875,37.343231201171875,,
615,1783432184.2864017,,,,,1.5009300708770752,1.2714879512786865,0.2294420599937439,1.5009300708770752,39.2191162109375,2.904421806335449,2.5647573471069336,4.2145538330078125,3.408129930496216,0.4112127423286438,39.2191162109375,39.2191162109375,,
620,1783432185.013463,,,,,1.6492253541946411,1.4452589750289917,0.20396636426448822,1.6492253541946411,36.14919662475586,2.629286289215088,2.556885004043579,3.491502523422241,3.250488758087158,0.3884231746196747,36.14919662475586,36.14919662475586,,
625,1783432185.7444236,,,,,1.6057363748550415,1.3888335227966309,0.21690282225608826,1.6057363748550415,36.186214447021484,2.7349801063537598,2.633364200592041,3.657193899154663,3.217698574066162,0.37929078936576843,36.186214447021484,36.186214447021484,,
630,1783432186.4710088,,,,,1.5995367765426636,1.3839260339736938,0.21561077237129211,1.5995367765426636,37.511268615722656,2.8453447818756104,2.59824275970459,3.7632339000701904,3.3456132411956787,0.3966663181781769,37.511268615722656,37.511268615722656,,
635,1783432187.2032957,,,,,1.4869292974472046,1.2660443782806396,0.22088493406772614,1.4869292974472046,36.88261413574219,2.9934098720550537,2.5818309783935547,3.764176607131958,3.206507682800293,0.385911226272583,36.88261413574219,36.88261413574219,,
640,1783432187.941081,,,,,1.438255786895752,1.2359237670898438,0.202332004904747,1.438255786895752,39.02122497558594,2.8948447704315186,2.601027250289917,4.1912126541137695,3.4023780822753906,0.4075149595737457,39.02122497558594,39.02122497558594,,
645,1783432188.6683233,,,,,1.4193394184112549,1.2133293151855469,0.20601005852222443,1.4193394184112549,38.79701232910156,3.006066083908081,2.608649253845215,4.1500115394592285,3.3598568439483643,0.4036124348640442,38.79701232910156,38.79701232910156,,
650,1783432189.398068,,,,,1.557403326034546,1.3673080205917358,0.19009527564048767,1.557403326034546,37.46841812133789,3.0028305053710938,2.7205276489257812,3.7735443115234375,3.3663017749786377,0.38811931014060974,37.46841812133789,37.46841812133789,,
655,1783432190.126076,,,,,1.5449060201644897,1.3140406608581543,0.23086534440517426,1.5449060201644897,38.432334899902344,2.981992483139038,2.6128768920898438,4.029274940490723,3.3350770473480225,0.4024169147014618,38.432334899902344,38.432334899902344,,
660,1783432190.8534663,,,,,1.3758031129837036,1.186204433441162,0.1895986646413803,1.3758031129837036,39.27103042602539,3.1351752281188965,2.664505958557129,4.358809947967529,3.465137004852295,0.3960767388343811,39.27103042602539,39.27103042602539,,
665,1783432191.5862434,,,,,1.4917501211166382,1.2888832092285156,0.20286695659160614,1.4917501211166382,38.83285903930664,3.046841621398926,2.693962574005127,4.146900177001953,3.370410442352295,0.4012763500213623,38.83285903930664,38.83285903930664,,
670,1783432192.3210468,,,,,1.5253640413284302,1.3213411569595337,0.2040228545665741,1.5253640413284302,38.393314361572266,2.8666391372680664,2.6110587120056152,4.0258378982543945,3.340057134628296,0.4040850102901459,38.393314361572266,38.393314361572266,,
675,1783432193.0529563,,,,,1.3913055658340454,1.203860878944397,0.18744471669197083,1.3913055658340454,39.329734802246094,3.03509783744812,2.646510124206543,4.080272197723389,3.3993453979492188,0.4153086245059967,39.329734802246094,39.329734802246094,,
680,1783432193.7827399,,,,,1.6178327798843384,1.3835111856460571,0.23432160913944244,1.6178327798843384,36.90031433105469,2.784008741378784,2.5701112747192383,3.8041820526123047,3.247933864593506,0.38759908080101013,36.90031433105469,36.90031433105469,,
685,1783432194.5123136,,,,,1.5652929544448853,1.3529181480407715,0.21237483620643616,1.5652929544448853,37.18352127075195,2.842991352081299,2.6047098636627197,3.8786723613739014,3.271719455718994,0.3874453008174896,37.18352127075195,37.18352127075195,,
690,1783432195.2406795,,,,,1.6988880634307861,1.4465408325195312,0.2523472011089325,1.6988880634307861,36.11022186279297,2.6844162940979004,2.576019525527954,3.549288272857666,3.1789839267730713,0.3865164816379547,36.11022186279297,36.11022186279297,,
695,1783432195.9701118,,,,,1.572477102279663,1.3282575607299805,0.24421951174736023,1.572477102279663,37.57803726196289,2.9433438777923584,2.4718754291534424,3.8668410778045654,3.2929091453552246,0.3965182304382324,37.57803726196289,37.57803726196289,,
700,1783432196.6953516,,,,,1.4600238800048828,1.2363392114639282,0.22368468344211578,1.4600238800048828,37.939308166503906,2.9214930534362793,2.5566961765289307,4.067438125610352,3.261436939239502,0.39563044905662537,37.939308166503906,37.939308166503906,,
705,1783432197.4271724,,,,,1.5952311754226685,1.3896334171295166,0.20559775829315186,1.5952311754226685,37.01777267456055,2.786179780960083,2.631284475326538,3.699171543121338,3.33083438873291,0.3897843658924103,37.01777267456055,37.01777267456055,,
710,1783432198.2218997,,,,,1.7183763980865479,1.4568647146224976,0.2615117132663727,1.7183763980865479,35.23661804199219,2.747748374938965,2.5273613929748535,3.3047869205474854,3.1002402305603027,0.3811434209346771,35.23661804199219,35.23661804199219,,
715,1783432199.2913525,,,,,1.6682851314544678,1.397568941116333,0.27071624994277954,1.6682851314544678,36.23981857299805,2.6037161350250244,2.4963672161102295,3.7061591148376465,3.158517360687256,0.38689738512039185,36.23981857299805,36.23981857299805,,
720,1783432200.126177,,,,,1.4589792490005493,1.2641240358352661,0.1948552280664444,1.4589792490005493,39.11766815185547,3.2035446166992188,2.623199462890625,4.040838241577148,3.3408432006835938,0.4117235839366913,39.11766815185547,39.11766815185547,,
725,1783432200.8619707,,,,,1.5118775367736816,1.2871646881103516,0.22471283376216888,1.5118775367736816,37.721920013427734,2.9693665504455566,2.590620994567871,4.063452243804932,3.3118696212768555,0.3869175314903259,37.721920013427734,37.721920013427734,,
730,1783432202.1321528,,,,,1.663994312286377,1.402649164199829,0.2613452076911926,1.663994312286377,37.292198181152344,2.705110549926758,2.60479998588562,3.968778371810913,3.288602113723755,0.38816723227500916,37.292198181152344,37.292198181152344,,
735,1783432203.3299112,,,,,1.5915907621383667,1.3683500289916992,0.22324077785015106,1.5915907621383667,38.04473876953125,2.803070545196533,2.5865838527679443,3.9998528957366943,3.393582582473755,0.39707133173942566,38.04473876953125,38.04473876953125,,
740,1783432204.3365302,,,,,1.6896815299987793,1.4566843509674072,0.23299723863601685,1.6896815299987793,35.58894729614258,2.6799676418304443,2.5200722217559814,3.360358715057373,3.1484978199005127,0.386026531457901,35.58894729614258,35.58894729614258,,
745,1783432205.2139275,,,,,1.513261079788208,1.31613290309906,0.19712819159030914,1.513261079788208,38.46685791015625,3.119870662689209,2.6750426292419434,3.997907876968384,3.394116163253784,0.39750877022743225,38.46685791015625,38.46685791015625,,
750,1783432206.1782298,,,,,1.5832751989364624,1.3604401350021362,0.22283503413200378,1.5832751989364624,37.193965911865234,2.708197832107544,2.646434783935547,3.697922706604004,3.292235851287842,0.3968670070171356,37.193965911865234,37.193965911865234,,
755,1783432206.9243352,,,,,1.566029667854309,1.363624930381775,0.20240478217601776,1.566029667854309,38.03861999511719,3.022639274597168,2.634749174118042,3.7561497688293457,3.29618501663208,0.40614578127861023,38.03861999511719,38.03861999511719,,
760,1783432207.6515384,,,,,1.530135154724121,1.3011987209320068,0.22893647849559784,1.530135154724121,38.868316650390625,2.87160325050354,2.5993659496307373,4.177994251251221,3.3432843685150146,0.4078842103481293,38.868316650390625,38.868316650390625,,
765,1783432208.380072,,,,,1.5974091291427612,1.3752599954605103,0.22214917838573456,1.5974091291427612,37.30909729003906,2.856292486190796,2.5898985862731934,3.778576135635376,3.299626350402832,0.39347782731056213,37.30909729003906,37.30909729003906,,
770,1783432209.0941467,,,,,1.485803484916687,1.2708436250686646,0.21495988965034485,1.485803484916687,38.215171813964844,3.0434467792510986,2.581371784210205,3.963721513748169,3.300539970397949,0.4013740122318268,38.215171813964844,38.215171813964844,,
775,1783432209.8077023,,,,,1.555271029472351,1.3514209985733032,0.20385007560253143,1.555271029472351,37.126060485839844,2.604038953781128,2.5841152667999268,3.807617664337158,3.2936203479766846,0.39412060379981995,37.126060485839844,37.126060485839844,,
780,1783432210.5103593,,,,,1.7096681594848633,1.4699102640151978,0.2397579550743103,1.7096681594848633,37.11085891723633,2.7903895378112793,2.5076115131378174,3.8061294555664062,3.2179884910583496,0.3947694003582001,37.11085891723633,37.11085891723633,,
780,1783432210.5142002,1.9960020000000003e-05,1.9960020000000003e-05,,,,,,,,,,,,,,,,
780,1783432211.1495862,,,,,,,,,,,,,,,,,0.3872796058654785,0.3872796058654785
780,1783432212.531182,,,1378.654221999966,832.1025094985962,,,,,,,,,,,,,,
780,1783432213.8344867,,,1297.7402689999735,832.1025094985962,,,,,,,,,,,,,,
785,1783432214.633291,,,,,1.5040795803070068,1.2806246280670166,0.22345495223999023,1.5040795803070068,38.02445983886719,2.8494434356689453,2.5768933296203613,4.137856483459473,3.3646786212921143,0.39095669984817505,38.02445983886719,38.02445983886719,,
790,1783432215.3627837,,,,,1.7902411222457886,1.5090872049331665,0.28115391731262207,1.7902411222457886,34.74873352050781,2.7704732418060303,2.535454273223877,3.386382818222046,3.0514309406280518,0.36815953254699707,34.74873352050781,34.74873352050781,,
795,1783432216.0961075,,,,,1.6638023853302002,1.4262138605117798,0.23758846521377563,1.6638023853302002,36.1106071472168,2.80118989944458,2.6082372665405273,3.6014106273651123,3.236585855484009,0.3783375024795532,36.1106071472168,36.1106071472168,,
800,1783432216.9047813,,,,,1.7223904132843018,1.4834764003753662,0.23891399800777435,1.7223904132843018,36.49313735961914,2.7792375087738037,2.5623559951782227,3.580735206604004,3.1444091796875,0.3933612108230591,36.49313735961914,36.49313735961914,,
805,1783432217.8842516,,,,,1.5062390565872192,1.3241994380950928,0.18203957378864288,1.5062390565872192,38.289432525634766,2.9133200645446777,2.6454172134399414,4.079832077026367,3.415719985961914,0.39421311020851135,38.289432525634766,38.289432525634766,,
810,1783432218.632744,,,,,1.582409143447876,1.3428399562835693,0.23956917226314545,1.582409143447876,37.004398345947266,2.8257906436920166,2.5903377532958984,3.7957963943481445,3.2214510440826416,0.390083909034729,37.004398345947266,37.004398345947266,,
815,1783432219.3715038,,,,,1.5797781944274902,1.3585293292999268,0.2212488353252411,1.5797781944274902,37.64714431762695,2.7904577255249023,2.581899404525757,4.00543212890625,3.305964469909668,0.3922666013240814,37.64714431762695,37.64714431762695,,
820,1783432220.099605,,,,,1.5720125436782837,1.3336553573608398,0.23835714161396027,1.5720125436782837,38.035648345947266,2.980198621749878,2.546186923980713,4.050116062164307,3.266399621963501,0.39724960923194885,38.035648345947266,38.035648345947266,,
825,1783432220.8336506,,,,,1.5222467184066772,1.285522699356079,0.23672403395175934,1.5222467184066772,37.92536163330078,2.9283833503723145,2.6183903217315674,4.13052225112915,3.30580997467041,0.3890205919742584,37.92536163330078,37.92536163330078,,
830,1783432221.5758176,,,,,1.5844897031784058,1.3707376718521118,0.21375206112861633,1.5844897031784058,37.44197082519531,2.909937858581543,2.6473441123962402,3.7353522777557373,3.279963254928589,0.3967568576335907,37.44197082519531,37.44197082519531,,
835,1783432222.3127003,,,,,1.5534981489181519,1.3299381732940674,0.22355999052524567,1.5534981489181519,37.75286102294922,2.8891704082489014,2.6461524963378906,4.025129795074463,3.3008477687835693,0.3903462290763855,37.75286102294922,37.75286102294922,,
840,1783432223.0511844,,,,,1.4704242944717407,1.2628275156021118,0.2075968235731125,1.4704242944717407,39.05796813964844,3.1010384559631348,2.667541742324829,4.140312671661377,3.471280574798584,0.4014711081981659,39.05796813964844,39.05796813964844,,
845,1783432223.785991,,,,,1.616090178489685,1.3946974277496338,0.22139275074005127,1.616090178489685,37.410240173339844,2.766519784927368,2.584165573120117,3.8081579208374023,3.2876155376434326,0.3970668315887451,37.410240173339844,37.410240173339844,,
850,1783432224.5174417,,,,,1.4582074880599976,1.210325002670288,0.24788251519203186,1.4582074880599976,39.45808410644531,3.217338800430298,2.5828866958618164,4.330677509307861,3.352773666381836,0.4064657390117645,39.45808410644531,39.45808410644531,,
855,1783432225.2479079,,,,,1.6678192615509033,1.4081799983978271,0.25963932275772095,1.6678192615509033,36.68959045410156,2.755995988845825,2.571343421936035,3.707798957824707,3.254605770111084,0.387498676776886,36.68959045410156,36.68959045410156,,
860,1783432225.9738674,,,,,1.566908597946167,1.3461833000183105,0.22072528302669525,1.566908597946167,37.3489990234375,2.7981491088867188,2.5975120067596436,3.8825109004974365,3.3121891021728516,0.39030972123146057,37.3489990234375,37.3489990234375,,
865,1783432226.708709,,,,,1.4581727981567383,1.2637392282485962,0.19443351030349731,1.4581727981567383,38.98552322387695,2.9581542015075684,2.657820701599121,4.167457580566406,3.4227235317230225,0.4042041301727295,38.98552322387695,38.98552322387695,,
870,1783432227.4400594,,,,,1.5042946338653564,1.304207682609558,0.20008696615695953,1.5042946338653564,38.47038269042969,2.7914469242095947,2.659641742706299,4.107503414154053,3.4101827144622803,0.3996427655220032,38.47038269042969,38.47038269042969,,
875,1783432228.1740859,,,,,1.592284083366394,1.3112306594848633,0.2810533940792084,1.592284083366394,37.77165603637695,2.916480541229248,2.6301631927490234,4.006293773651123,3.261826515197754,0.3930838704109192,37.77165603637695,37.77165603637695,,
880,1783432228.8999045,,,,,1.5039927959442139,1.304453730583191,0.19953905045986176,1.5039927959442139,37.16372299194336,2.8860058784484863,2.665766477584839,3.8937549591064453,3.3538148403167725,0.3803735375404358,37.16372299194336,37.16372299194336,,
885,1783432229.6261356,,,,,1.549784779548645,1.3427152633666992,0.207069531083107,1.549784779548645,38.029544830322266,2.842643976211548,2.5757553577423096,4.02140998840332,3.351609706878662,0.39700236916542053,38.029544830322266,38.029544830322266,,
890,1783432230.3629153,,,,,1.5699635744094849,1.3433318138122559,0.2266317903995514,1.5699635744094849,37.500389099121094,2.993500232696533,2.6242897510528564,3.925828456878662,3.237924098968506,0.3901132345199585,37.500389099121094,37.500389099121094,,
895,1783432231.0984225,,,,,1.5138481855392456,1.3323334455490112,0.18151476979255676,1.5138481855392456,37.883785247802734,2.8752174377441406,2.6861181259155273,3.9153709411621094,3.3578970432281494,0.3950202465057373,37.883785247802734,37.883785247802734,,
900,1783432231.8271248,,,,,1.5784432888031006,1.3224064111709595,0.2560368776321411,1.5784432888031006,36.842655181884766,2.914398670196533,2.504713296890259,3.7355380058288574,3.1776671409606934,0.3910473883152008,36.842655181884766,36.842655181884766,,
905,1783432232.5612338,,,,,1.6178399324417114,1.3484532833099365,0.2693866491317749,1.6178399324417114,36.95158386230469,2.8256916999816895,2.5832607746124268,3.851752758026123,3.27104115486145,0.38437867164611816,36.95158386230469,36.95158386230469,,
910,1783432233.299622,,,,,1.474634051322937,1.253738522529602,0.22089557349681854,1.474634051322937,37.847999572753906,2.966864585876465,2.5814366340637207,4.042054176330566,3.300917148590088,0.3914167582988739,37.847999572753906,37.847999572753906,,
915,1783432234.0325918,,,,,1.5529640913009644,1.3469191789627075,0.20604488253593445,1.5529640913009644,37.78110122680664,2.7954516410827637,2.595353603363037,3.8291304111480713,3.336081027984619,0.4013305604457855,37.78110122680664,37.78110122680664,,
920,1783432234.7736323,,,,,1.5888372659683228,1.3791276216506958,0.20970965921878815,1.5888372659683228,37.00210952758789,2.723045587539673,2.615832567214966,3.918436050415039,3.3273940086364746,0.38159042596817017,37.00210952758789,37.00210952758789,,
925,1783432235.5116932,,,,,1.5213505029678345,1.2722238302230835,0.24912670254707336,1.5213505029678345,38.03492736816406,2.904785394668579,2.5897634029388428,4.00429105758667,3.3419418334960938,0.3966202735900879,38.03492736816406,38.03492736816406,,
930,1783432236.2430477,,,,,1.501816987991333,1.3182413578033447,0.1835755854845047,1.501816987991333,37.720375061035156,2.813295841217041,2.6134896278381348,4.170068740844727,3.409770965576172,0.3807535767555237,37.720375061035156,37.720375061035156,,
935,1783432236.977104,,,,,1.536456823348999,1.3218895196914673,0.21456731855869293,1.536456823348999,36.4575309753418,2.864217519760132,2.598080635070801,3.795356512069702,3.262624740600586,0.3750948905944824,36.4575309753418,36.4575309753418,,
940,1783432237.707874,,,,,1.5920742750167847,1.3814013004302979,0.21067297458648682,1.5920742750167847,37.97248840332031,2.75982666015625,2.573202133178711,3.8977537155151367,3.32027006149292,0.404520183801651,37.97248840332031,37.97248840332031,,
945,1783432238.443059,,,,,1.596610426902771,1.3614684343338013,0.23514197766780853,1.596610426902771,36.47221374511719,2.911190986633301,2.5565621852874756,3.720855712890625,3.246629238128662,0.37932202219963074,36.47221374511719,36.47221374511719,,
950,1783432239.1816487,,,,,1.5792529582977295,1.3545608520507812,0.22469212114810944,1.5792529582977295,38.07648468017578,2.8901538848876953,2.6134755611419678,4.097797393798828,3.3851206302642822,0.3912671208381653,38.07648468017578,38.07648468017578,,
955,1783432239.91804,,,,,1.5666255950927734,1.3288342952728271,0.2377912700176239,1.5666255950927734,36.5852165222168,2.745072364807129,2.548642635345459,3.750878095626831,3.217045307159424,0.38568124175071716,36.5852165222168,36.5852165222168,,
960,1783432240.652617,,,,,1.5322377681732178,1.3269965648651123,0.20524117350578308,1.5322377681732178,38.307167053222656,2.903327703475952,2.5659239292144775,4.093083381652832,3.3806285858154297,0.39756637811660767,38.307167053222656,38.307167053222656,,
965,1783432241.3851905,,,,,1.4717875719070435,1.2473094463348389,0.2244780957698822,1.4717875719070435,38.76978302001953,3.0846807956695557,2.690063714981079,4.1179070472717285,3.3584728240966797,0.4009394645690918,38.76978302001953,38.76978302001953,,
970,1783432242.1226206,,,,,1.6739158630371094,1.3742302656173706,0.2996855676174164,1.6739158630371094,36.38756561279297,2.780102491378784,2.646247386932373,3.7509925365448,3.136664390563965,0.38190898299217224,36.38756561279297,36.38756561279297,,
975,1783432242.8557596,,,,,1.7650246620178223,1.5229158401489258,0.24210883677005768,1.7650246620178223,35.1373405456543,2.611072301864624,2.53486967086792,3.4201741218566895,3.144585609436035,0.3747084140777588,35.1373405456543,35.1373405456543,,
980,1783432243.5804546,,,,,1.5078933238983154,1.2601807117462158,0.247712641954422,1.5078933238983154,37.35517501831055,3.1300816535949707,2.582106351852417,3.863795518875122,3.2946436405181885,0.38502463698387146,37.35517501831055,37.35517501831055,,
985,1783432244.303257,,,,,1.5811384916305542,1.3610522747039795,0.2200862616300583,1.5811384916305542,37.0890007019043,2.861539125442505,2.5668892860412598,3.7741503715515137,3.2576358318328857,0.3910444676876068,37.0890007019043,37.0890007019043,,
990,1783432245.0397127,,,,,1.4877846240997314,1.2687619924545288,0.21902260184288025,1.4877846240997314,36.636592864990234,2.799785852432251,2.55275559425354,3.6299843788146973,3.213660955429077,0.391039103269577,36.636592864990234,36.636592864990234,,
995,1783432245.7760122,,,,,1.5467957258224487,1.3371920585632324,0.20960363745689392,1.5467957258224487,36.99122619628906,2.8988823890686035,2.614297389984131,3.8895864486694336,3.2886741161346436,0.3804783523082733,36.99122619628906,36.99122619628906,,
1000,1783432246.5084925,,,,,1.623395562171936,1.3627805709838867,0.26061496138572693,1.623395562171936,36.613643646240234,2.7808053493499756,2.538134813308716,3.8534581661224365,3.205673933029175,0.38169869780540466,36.613643646240234,36.613643646240234,,
1005,1783432247.2421098,,,,,1.517348289489746,1.3070732355117798,0.21027511358261108,1.517348289489746,37.18461608886719,2.9408788681030273,2.551194429397583,3.9440436363220215,3.290895938873291,0.3827258050441742,37.18461608886719,37.18461608886719,,
1010,1783432247.971873,,,,,1.5338239669799805,1.325623869895935,0.20820006728172302,1.5338239669799805,38.241600036621094,3.0568244457244873,2.6511902809143066,4.031507968902588,3.304244041442871,0.3969351351261139,38.241600036621094,38.241600036621094,,
1015,1783432248.7040625,,,,,1.4992095232009888,1.2811211347579956,0.21808841824531555,1.4992095232009888,37.94593048095703,2.8081884384155273,2.5780341625213623,4.1702656745910645,3.359996795654297,0.3888706862926483,37.94593048095703,37.94593048095703,,
1020,1783432249.4256785,,,,,1.64357328414917,1.38212251663208,0.26145070791244507,1.64357328414917,35.95494842529297,2.749220371246338,2.6184825897216797,3.537814140319824,3.1814615726470947,0.38108211755752563,35.95494842529297,35.95494842529297,,
1025,1783432250.1464758,,,,,1.5918465852737427,1.3464689254760742,0.24537762999534607,1.5918465852737427,37.05146026611328,2.832512378692627,2.6509838104248047,3.9357261657714844,3.272881031036377,0.3811277151107788,37.05146026611328,37.05146026611328,,
1030,1783432250.869277,,,,,1.4890248775482178,1.282987117767334,0.20603778958320618,1.4890248775482178,37.626686096191406,2.892670154571533,2.576314687728882,4.014473915100098,3.3681552410125732,0.3864987790584564,37.626686096191406,37.626686096191406,,
1035,1783432251.6059232,,,,,1.5532022714614868,1.3449764251708984,0.20822589099407196,1.5532022714614868,36.31364822387695,2.784852981567383,2.617964506149292,3.729569911956787,3.2203617095947266,0.3780214786529541,36.31364822387695,36.31364822387695,,
1040,1783432252.3493195,,,,,1.5712182521820068,1.3399780988693237,0.23124010860919952,1.5712182521820068,38.207916259765625,2.9828381538391113,2.6082658767700195,4.055582523345947,3.382601261138916,0.3942320942878723,38.207916259765625,38.207916259765625,,
1045,1783432253.0946245,,,,,1.6149179935455322,1.3545631170272827,0.2603548765182495,1.6149179935455322,37.337852478027344,2.9411587715148926,2.5517325401306152,3.9919891357421875,3.233954906463623,0.386512815952301,37.337852478027344,37.337852478027344,,
1050,1783432253.8407483,,,,,1.5350462198257446,1.3300420045852661,0.20500421524047852,1.5350462198257446,37.59788513183594,3.0230133533477783,2.6253247261047363,3.7373037338256836,3.335789442062378,0.39563024044036865,37.59788513183594,37.59788513183594,,
1055,1783432254.5772803,,,,,1.5245850086212158,1.335935354232788,0.18864969909191132,1.5245850086212158,38.05604934692383,2.8643298149108887,2.606437921524048,4.025217533111572,3.3904788494110107,0.39453086256980896,38.05604934692383,38.05604934692383,,
1060,1783432255.3163211,,,,,1.5992090702056885,1.389318823814392,0.2098902016878128,1.5992090702056885,37.72136306762695,2.8615927696228027,2.5771846771240234,3.9411752223968506,3.280177593231201,0.396441787481308,37.72136306762695,37.72136306762695,,
1065,1783432256.0621872,,,,,1.4937185049057007,1.289839744567871,0.2038787454366684,1.4937185049057007,37.779258728027344,2.8516039848327637,2.591358184814453,3.8702681064605713,3.305668830871582,0.3996538817882538,37.779258728027344,37.779258728027344,,
1070,1783432256.7971096,,,,,1.4116519689559937,1.2055459022521973,0.2061060518026352,1.4116519689559937,38.7797966003418,2.9967730045318604,2.6107943058013916,4.268335342407227,3.3695850372314453,0.3976975381374359,38.7797966003418,38.7797966003418,,
1075,1783432257.5392969,,,,,1.5336430072784424,1.2943649291992188,0.23927801847457886,1.5336430072784424,36.812747955322266,2.93973970413208,2.580514669418335,3.8347723484039307,3.259254217147827,0.38009870052337646,36.812747955322266,36.812747955322266,,
1080,1783432258.2881725,,,,,1.6198921203613281,1.3997513055801392,0.22014078497886658,1.6198921203613281,36.72852325439453,2.69435715675354,2.5296988487243652,3.8627102375030518,3.3249292373657227,0.3806486129760742,36.72852325439453,36.72852325439453,,
1085,1783432259.0217707,,,,,1.4403425455093384,1.2418880462646484,0.19845449924468994,1.4403425455093384,38.14939498901367,3.1197726726531982,2.5803422927856445,4.146184921264648,3.332062005996704,0.38872861862182617,38.14939498901367,38.14939498901367,,
1090,1783432259.7569509,,,,,1.5445704460144043,1.347716212272644,0.19685421884059906,1.5445704460144043,37.23337936401367,2.769803047180176,2.653930187225342,3.854677200317383,3.345580816268921,0.38686954975128174,37.23337936401367,37.23337936401367,,
1095,1783432260.499641,,,,,1.56532621383667,1.3553292751312256,0.20999696850776672,1.56532621383667,37.16716766357422,2.9070637226104736,2.6690731048583984,3.8327794075012207,3.271681785583496,0.3862690329551697,37.16716766357422,37.16716766357422,,
1100,1783432261.251932,,,,,1.6605454683303833,1.426076889038086,0.23446853458881378,1.6605454683303833,36.021419525146484,2.7523980140686035,2.612884759902954,3.5471746921539307,3.2034571170806885,0.38121935725212097,36.021419525146484,36.021419525146484,,
1105,1783432261.98453,,,,,1.5502309799194336,1.3343654870986938,0.21586549282073975,1.5502309799194336,37.89320755004883,2.9754810333251953,2.590752601623535,3.9341928958892822,3.339268207550049,0.3951122462749481,37.89320755004883,37.89320755004883,,
1110,1783432262.7317765,,,,,1.5446267127990723,1.3279390335083008,0.21668772399425507,1.5446267127990723,38.44683074951172,2.982167959213257,2.5862619876861572,4.038267612457275,3.312041997909546,0.4039507806301117,38.44683074951172,38.44683074951172,,
1115,1783432263.465634,,,,,1.4946343898773193,1.2756412029266357,0.2189931422472,1.4946343898773193,38.008487701416016,2.9037232398986816,2.612710952758789,4.041478633880615,3.349456548690796,0.39355966448783875,38.008487701416016,38.008487701416016,,
1120,1783432264.1984162,,,,,1.578913927078247,1.312935471534729,0.2659783959388733,1.578913927078247,37.87287521362305,2.994065761566162,2.5198936462402344,4.0380964279174805,3.2986204624176025,0.3930107057094574,37.87287521362305,37.87287521362305,,
1125,1783432265.0307615,,,,,1.5258868932724,1.2702683210372925,0.2556185722351074,1.5258868932724,37.366703033447266,2.8664674758911133,2.516172409057617,3.9022300243377686,3.250833749771118,0.39284297823905945,37.366703033447266,37.366703033447266,,
1130,1783432265.954923,,,,,1.6202946901321411,1.402132272720337,0.21816237270832062,1.6202946901321411,37.04498291015625,2.812150716781616,2.5565221309661865,3.978362798690796,3.3410401344299316,0.3786112666130066,37.04498291015625,37.04498291015625,,
1135,1783432266.7642968,,,,,1.6092934608459473,1.387525200843811,0.22176824510097504,1.6092934608459473,36.795040130615234,2.9323272705078125,2.5516304969787598,3.7886223793029785,3.2474634647369385,0.3830869197845459,36.795040130615234,36.795040130615234,,
1140,1783432267.5037155,,,,,1.5652220249176025,1.3598387241363525,0.2053832858800888,1.5652220249176025,37.510345458984375,2.828658103942871,2.6024839878082275,3.808682918548584,3.3437089920043945,0.39498716592788696,37.510345458984375,37.510345458984375,,
1145,1783432268.2440076,,,,,1.505308747291565,1.2878011465072632,0.21750761568546295,1.505308747291565,37.22944641113281,2.8957483768463135,2.621953010559082,3.8548314571380615,3.265418529510498,0.3882499039173126,37.22944641113281,37.22944641113281,,
1150,1783432268.9952748,,,,,1.523796558380127,1.3178784847259521,0.2059181034564972,1.523796558380127,36.76396560668945,2.8416948318481445,2.6417698860168457,3.8025267124176025,3.284939765930176,0.3801237940788269,36.76396560668945,36.76396560668945,,
1155,1783432269.7331536,,,,,1.6134169101715088,1.3787686824798584,0.23464824259281158,1.6134169101715088,36.61689758300781,2.8630518913269043,2.564303159713745,3.7177417278289795,3.214513063430786,0.38500067591667175,36.61689758300781,36.61689758300781,,
1160,1783432270.4504235,,,,,1.5473196506500244,1.291740894317627,0.25557881593704224,1.5473196506500244,37.59336853027344,2.966945171356201,2.516846179962158,4.045063495635986,3.2605347633361816,0.38885292410850525,37.59336853027344,37.59336853027344,,
1165,1783432271.1643226,,,,,1.6370614767074585,1.3853086233139038,0.2517528533935547,1.6370614767074585,36.428253173828125,2.828672170639038,2.5244300365448,3.6604244709014893,3.1960225105285645,0.385827898979187,36.428253173828125,36.428253173828125,,
1170,1783432271.8766413,,,,,1.5503697395324707,1.369935393333435,0.18043430149555206,1.5503697395324707,38.202781677246094,2.832120418548584,2.6410937309265137,3.99951171875,3.430940866470337,0.3970814347267151,38.202781677246094,38.202781677246094,,
1170,1783432271.879646,1.9940059980000003e-05,1.9940059980000003e-05,,,,,,,,,,,,,,,,
1170,1783432272.56067,,,,,,,,,,,,,,,,,0.3789738771319389,0.3789738771319389
1170,1783432274.0634258,,,1499.8112850000211,832.1025094985962,,,,,,,,,,,,,,
1170,1783432275.6834946,,,1614.1708119999976,832.1025094985962,,,,,,,,,,,,,,
1175,1783432276.469367,,,,,1.7298057079315186,1.422292947769165,0.30751273036003113,1.7298057079315186,36.889991760253906,2.879176139831543,2.5384209156036377,3.7133893966674805,3.1528964042663574,0.3942183554172516,36.889991760253906,36.889991760253906,,
1180,1783432277.1981392,,,,,1.5386226177215576,1.2816596031188965,0.2569630444049835,1.5386226177215576,37.27717208862305,2.9467933177948,2.5075266361236572,3.9500091075897217,3.215571641921997,0.3887042701244354,37.27717208862305,37.27717208862305,,
1185,1783432277.9263096,,,,,1.552944302558899,1.3249443769454956,0.22799989581108093,1.552944302558899,37.92693328857422,2.9207828044891357,2.6019129753112793,3.961653232574463,3.3665268421173096,0.3943973183631897,37.92693328857422,37.92693328857422,,
1190,1783432278.657095,,,,,1.615641474723816,1.376065969467163,0.2395755499601364,1.615641474723816,36.85688781738281,2.917715311050415,2.555307626724243,3.930858612060547,3.2725934982299805,0.3772657811641693,36.85688781738281,36.85688781738281,,
1195,1783432279.3926318,,,,,1.533156156539917,1.291779637336731,0.24137653410434723,1.533156156539917,37.984676361083984,2.7757439613342285,2.654057502746582,4.038286209106445,3.286435604095459,0.39789849519729614,37.984676361083984,37.984676361083984,,
1200,1783432280.129379,,,,,1.4930751323699951,1.2791982889175415,0.2138768583536148,1.4930751323699951,38.571495056152344,2.921729564666748,2.648890256881714,4.0581231117248535,3.3648884296417236,0.40344125032424927,38.571495056152344,38.571495056152344,,
1205,1783432280.85861,,,,,1.607674241065979,1.3775966167449951,0.23007766902446747,1.607674241065979,36.63683319091797,2.775611400604248,2.656642436981201,3.7701127529144287,3.2539026737213135,0.38125666975975037,36.63683319091797,36.63683319091797,,
1210,1783432281.5900562,,,,,1.6050704717636108,1.3500521183013916,0.25501832365989685,1.6050704717636108,37.18191146850586,2.926309585571289,2.4631834030151367,3.9726920127868652,3.2369840145111084,0.386068195104599,37.18191146850586,37.18191146850586,,
1215,1783432282.3242335,,,,,1.672585368156433,1.4179670810699463,0.25461825728416443,1.672585368156433,35.765525817871094,2.7344472408294678,2.5128655433654785,3.501567840576172,3.1562623977661133,0.3822789192199707,35.765525817871094,35.765525817871094,,
1220,1783432283.056458,,,,,1.4675042629241943,1.2651493549346924,0.20235489308834076,1.4675042629241943,38.07696533203125,2.9690375328063965,2.6932566165924072,4.024202823638916,3.3422913551330566,0.39292627573013306,38.07696533203125,38.07696533203125,,
1225,1783432283.9935653,,,,,1.6497514247894287,1.3982053995132446,0.25154608488082886,1.6497514247894287,36.30878448486328,2.77104115486145,2.5411157608032227,3.814377784729004,3.2481489181518555,0.37492382526397705,36.30878448486328,36.30878448486328,,
1230,1783432284.7820833,,,,,1.5165098905563354,1.2940852642059326,0.22242461144924164,1.5165098905563354,37.449947357177734,2.8568530082702637,2.53861927986145,3.982943058013916,3.305525302886963,0.3883896768093109,37.449947357177734,37.449947357177734,,
1235,1783432285.5247166,,,,,1.6155436038970947,1.3226066827774048,0.2929369807243347,1.6155436038970947,36.73310852050781,2.85028338432312,2.6341941356658936,3.7595558166503906,3.1553430557250977,0.3870851993560791,36.73310852050781,36.73310852050781,,
1240,1783432286.255012,,,,,1.780482530593872,1.4814180135726929,0.2990644872188568,1.780482530593872,35.93312454223633,2.770535945892334,2.4728167057037354,3.77034854888916,3.0943784713745117,0.376895934343338,35.93312454223633,35.93312454223633,,
1245,1783432286.98677,,,,,1.5902183055877686,1.3781688213348389,0.21204954385757446,1.5902183055877686,38.25809097290039,2.8668909072875977,2.6456265449523926,3.931851387023926,3.3537278175354004,0.4038759171962738,38.25809097290039,38.25809097290039,,
1250,1783432287.7199461,,,,,1.5966652631759644,1.3829729557037354,0.21369227766990662,1.5966652631759644,37.30385208129883,2.977858066558838,2.62412166595459,3.772392988204956,3.3361806869506836,0.38854941725730896,37.30385208129883,37.30385208129883,,
1255,1783432288.4484143,,,,,1.6313483715057373,1.3696246147155762,0.26172372698783875,1.6313483715057373,36.13670349121094,2.7316620349884033,2.5542056560516357,3.866377830505371,3.169752359390259,0.3728572130203247,36.13670349121094,36.13670349121094,,
1260,1783432289.1861403,,,,,1.6008414030075073,1.3641221523284912,0.23671920597553253,1.6008414030075073,37.312583923339844,2.863474130630493,2.5475518703460693,3.9413259029388428,3.3078813552856445,0.3867364525794983,37.312583923339844,37.312583923339844,,
1265,1783432289.9189763,,,,,1.5013794898986816,1.290744662284851,0.21063482761383057,1.5013794898986816,37.77199172973633,2.878962516784668,2.5858607292175293,3.9440388679504395,3.3444747924804688,0.3940030634403229,37.77199172973633,37.77199172973633,,
1270,1783432290.6506062,,,,,1.5954060554504395,1.3230242729187012,0.27238184213638306,1.5954060554504395,37.27006912231445,2.939166307449341,2.5480599403381348,3.94711971282959,3.1531269550323486,0.39071887731552124,37.27006912231445,37.27006912231445,,
1275,1783432291.372252,,,,,1.552657127380371,1.296724796295166,0.2559323012828827,1.552657127380371,37.37663650512695,2.903919219970703,2.5427603721618652,4.0846147537231445,3.240185022354126,0.38400799036026,37.37663650512695,37.37663650512695,,
1280,1783432292.0955334,,,,,1.6552735567092896,1.410855770111084,0.24441775679588318,1.6552735567092896,36.54949188232422,2.80196213722229,2.518465995788574,3.7094733715057373,3.200683116912842,0.3868611752986908,36.54949188232422,36.54949188232422,,
1285,1783432292.8238873,,,,,1.5223321914672852,1.3181911706924438,0.20414096117019653,1.5223321914672852,37.41797637939453,2.826716661453247,2.5826287269592285,4.053926467895508,3.3415303230285645,0.382615864276886,37.41797637939453,37.41797637939453,,
1290,1783432293.5541737,,,,,1.6636172533035278,1.435882806777954,0.22773446142673492,1.6636172533035278,37.49306869506836,2.9361824989318848,2.5449678897857666,3.935994863510132,3.2253408432006836,0.39309436082839966,37.49306869506836,37.49306869506836,,
1295,1783432294.2752717,,,,,1.579074740409851,1.3593883514404297,0.21968641877174377,1.579074740409851,37.052677154541016,2.7846462726593018,2.6386067867279053,4.057483196258545,3.3320088386535645,0.37445420026779175,37.052677154541016,37.052677154541016,,
1300,1783432295.0045059,,,,,1.611075758934021,1.3442562818527222,0.2668195068836212,1.611075758934021,37.56061553955078,2.82029390335083,2.568636417388916,3.970126152038574,3.22910213470459,0.39496055245399475,37.56061553955078,37.56061553955078,,
1305,1783432295.7314,,,,,1.6227432489395142,1.3701069355010986,0.2526363432407379,1.6227432489395142,36.90431213378906,2.7353355884552,2.526913642883301,3.774059772491455,3.2799370288848877,0.3896459639072418,36.90431213378906,36.90431213378906,,
1310,1783432296.4515705,,,,,1.6590436697006226,1.3916985988616943,0.2673451006412506,1.6590436697006226,36.085243225097656,2.6538591384887695,2.5527191162109375,3.639173984527588,3.2220876216888428,0.3812476098537445,36.085243225097656,36.085243225097656,,
1315,1783432297.174082,,,,,1.5621633529663086,1.3549659252166748,0.207197368144989,1.5621633529663086,37.149112701416016,2.8142852783203125,2.5979700088500977,3.838859796524048,3.3005263805389404,0.3879574239253998,37.149112701416016,37.149112701416016,,
1320,1783432297.8954995,,,,,1.5869141817092896,1.369418740272522,0.2174954116344452,1.5869141817092896,36.46427917480469,2.7216217517852783,2.598146438598633,3.815286874771118,3.2826147079467773,0.3766379654407501,36.46427917480469,36.46427917480469,,
1325,1783432298.6206093,,,,,1.5424681901931763,1.3455486297607422,0.19691959023475647,1.5424681901931763,38.851078033447266,2.8727457523345947,2.5969321727752686,4.219779014587402,3.4739670753479004,0.39986464381217957,38.851078033447266,38.851078033447266,,
1330,1783432299.3558886,,,,,1.6157176494598389,1.3865822553634644,0.2291353940963745,1.6157176494598389,36.524391174316406,2.8067076206207275,2.6209659576416016,3.7592010498046875,3.310776472091675,0.376816987991333,36.524391174316406,36.524391174316406,,
1335,1783432300.0944989,,,,,1.4934039115905762,1.2804280519485474,0.21297591924667358,1.4934039115905762,38.066715240478516,2.8086371421813965,2.6649391651153564,4.205944538116455,3.3906867504119873,0.3866639733314514,38.066715240478516,38.066715240478516,,
1340,1783432300.823909,,,,,1.5829089879989624,1.299436092376709,0.2834728956222534,1.5829089879989624,38.32600402832031,3.057647466659546,2.6020405292510986,4.262750148773193,3.335008144378662,0.3882400095462799,38.32600402832031,38.32600402832031,,
1345,1783432301.5537412,,,,,1.6657320261001587,1.436922550201416,0.2288094311952591,1.6657320261001587,36.66156005859375,2.8625993728637695,2.597341775894165,3.763641834259033,3.268448829650879,0.3808319568634033,36.66156005859375,36.66156005859375,,
1350,1783432302.2823892,,,,,1.59433114528656,1.3588981628417969,0.23543298244476318,1.59433114528656,37.1338005065918,2.7743215560913086,2.5287766456604004,4.005688190460205,3.291313648223877,0.3830377757549286,37.1338005065918,37.1338005065918,,
1355,1783432303.0121956,,,,,1.5320841073989868,1.3248554468154907,0.20722870528697968,1.5320841073989868,36.381614685058594,2.892369508743286,2.5886316299438477,3.7716517448425293,3.2424116134643555,0.3749442398548126,36.381614685058594,36.381614685058594,,
1360,1783432303.736876,,,,,1.561185359954834,1.334378719329834,0.22680659592151642,1.561185359954834,36.82066345214844,2.843662738800049,2.584547519683838,3.913512945175171,3.2657485008239746,0.3785317838191986,36.82066345214844,36.82066345214844,,
1365,1783432304.4665952,,,,,1.7277733087539673,1.4700766801834106,0.25769662857055664,1.7277733087539673,35.79987716674805,2.5866928100585938,2.509061336517334,3.715228319168091,3.1673266887664795,0.3764224946498871,35.79987716674805,35.79987716674805,,
1370,1783432305.2181435,,,,,1.5188838243484497,1.307035207748413,0.21184857189655304,1.5188838243484497,37.45962142944336,2.868408679962158,2.63395357131958,3.9939632415771484,3.3100810050964355,0.38553711771965027,37.45962142944336,37.45962142944336,,
1375,1783432305.9517515,,,,,1.5466679334640503,1.3465179204940796,0.2001500129699707,1.5466679334640503,37.75157165527344,2.8992745876312256,2.666421890258789,3.874220609664917,3.3846452236175537,0.3926253914833069,37.75157165527344,37.75157165527344,,
1380,1783432306.6797698,,,,,1.5753356218338013,1.3441162109375,0.23121941089630127,1.5753356218338013,36.15867233276367,2.8183958530426025,2.5178041458129883,3.730823040008545,3.2718677520751953,0.37371307611465454,36.15867233276367,36.15867233276367,,
1385,1783432307.4073186,,,,,1.6521238088607788,1.3551875352859497,0.2969362437725067,1.6521238088607788,37.209808349609375,2.918043851852417,2.4694509506225586,3.841919183731079,3.231111526489258,0.39280563592910767,37.209808349609375,37.209808349609375,,
1390,1783432308.1374376,,,,,1.5698225498199463,1.3423511981964111,0.22747141122817993,1.5698225498199463,37.72776794433594,2.968151807785034,2.653303623199463,3.959841728210449,3.284261703491211,0.3915134370326996,37.72776794433594,37.72776794433594,,
1395,1783432308.866592,,,,,1.5408084392547607,1.320473551750183,0.22033490240573883,1.5408084392547607,38.407501220703125,2.8869268894195557,2.574711322784424,4.0129804611206055,3.37439227104187,0.4038026034832001,38.407501220703125,38.407501220703125,,
1400,1783432309.5972517,,,,,1.5762356519699097,1.3212966918945312,0.2549389898777008,1.5762356519699097,36.65583038330078,2.9794774055480957,2.5419065952301025,3.9025635719299316,3.209587574005127,0.37578099966049194,36.65583038330078,36.65583038330078,,
1405,1783432310.324405,,,,,1.6602833271026611,1.4285163879394531,0.231766939163208,1.6602833271026611,36.50004959106445,2.7098090648651123,2.6217269897460938,3.7222142219543457,3.214115619659424,0.38435226678848267,36.50004959106445,36.50004959106445,,
1410,1783432311.045622,,,,,1.6173518896102905,1.3984661102294922,0.21888577938079834,1.6173518896102905,35.75112533569336,2.7233805656433105,2.5919406414031982,3.612966775894165,3.194040060043335,0.3738175630569458,35.75112533569336,35.75112533569336,,
1415,1783432311.7711437,,,,,1.6088942289352417,1.3901283740997314,0.21876582503318787,1.6088942289352417,36.63958740234375,2.802300453186035,2.6245486736297607,3.7992331981658936,3.3175270557403564,0.3773159980773926,36.63958740234375,36.63958740234375,,
1420,1783432312.5060906,,,,,1.5715348720550537,1.3756279945373535,0.19590692222118378,1.5715348720550537,37.44203567504883,2.8175177574157715,2.69968843460083,3.89633846282959,3.389514207839966,0.3856250047683716,37.44203567504883,37.44203567504883,,
1425,1783432313.237011,,,,,1.5123964548110962,1.2804064750671387,0.2319900095462799,1.5123964548110962,38.196266174316406,2.9677772521972656,2.588865041732788,4.109761714935303,3.304109573364258,0.3958195149898529,38.196266174316406,38.196266174316406,,
1430,1783432313.9751124,,,,,1.6968204975128174,1.453739881515503,0.24308066070079803,1.6968204975128174,36.22321319580078,2.6971206665039062,2.6139602661132812,3.660670042037964,3.2199151515960693,0.38113245368003845,36.22321319580078,36.22321319580078,,
1435,1783432314.7098675,,,,,1.5247938632965088,1.306666374206543,0.21812744438648224,1.5247938632965088,37.695491790771484,2.9771392345428467,2.567162275314331,4.013543128967285,3.3724887371063232,0.3862028121948242,37.695491790771484,37.695491790771484,,
1440,1783432315.4398503,,,,,1.607698678970337,1.3951746225357056,0.21252411603927612,1.607698678970337,36.647666931152344,2.693755626678467,2.6092655658721924,3.8381364345550537,3.300635576248169,0.37926894426345825,36.647666931152344,36.647666931152344,,
1445,1783432316.166461,,,,,1.59783136844635,1.3698840141296387,0.22794735431671143,1.59783136844635,36.823116302490234,2.8308181762695312,2.565812587738037,3.8515570163726807,3.3070781230926514,0.38020482659339905,36.823116302490234,36.823116302490234,,
1450,1783432316.8867266,,,,,1.6092957258224487,1.368414282798767,0.24088139832019806,1.6092957258224487,37.095706939697266,2.858299493789673,2.541008949279785,3.8174688816070557,3.2474398612976074,0.39036843180656433,37.095706939697266,37.095706939697266,,
1455,1783432317.6176376,,,,,1.660370111465454,1.408111572265625,0.2522585988044739,1.660370111465454,36.735836029052734,2.6953272819519043,2.5544087886810303,3.864806652069092,3.3017756938934326,0.3811763525009155,36.735836029052734,36.735836029052734,,
1460,1783432318.3431008,,,,,1.622058391571045,1.3824591636657715,0.23959927260875702,1.622058391571045,36.689697265625,2.8122825622558594,2.5972187519073486,3.846719741821289,3.285897731781006,0.37811025977134705,36.689697265625,36.689697265625,,
1465,1783432319.0739603,,,,,1.4559504985809326,1.2378383874893188,0.21811208128929138,1.4559504985809326,37.759788513183594,3.017057418823242,2.540712356567383,4.022889137268066,3.273268938064575,0.39132675528526306,37.759788513183594,37.759788513183594,,
1470,1783432319.802595,,,,,1.5384104251861572,1.344886064529419,0.1935243010520935,1.5384104251861572,38.40382385253906,2.8787379264831543,2.6412038803100586,4.117575168609619,3.4431955814361572,0.39471858739852905,38.40382385253906,38.40382385253906,,
1475,1783432320.5301526,,,,,1.6220245361328125,1.3800969123840332,0.2419276088476181,1.6220245361328125,36.74114990234375,2.751502513885498,2.601137399673462,3.9031994342803955,3.263319969177246,0.3790104389190674,36.74114990234375,36.74114990234375,,
1480,1783432321.2549982,,,,,1.604489803314209,1.405694842338562,0.19879500567913055,1.604489803314209,37.177425384521484,2.652656078338623,2.6823365688323975,3.9152417182922363,3.4075915813446045,0.3821503818035126,37.177425384521484,37.177425384521484,,
1485,1783432321.987856,,,,,1.5398777723312378,1.3306293487548828,0.2092483788728714,1.5398777723312378,37.85699462890625,2.930748224258423,2.6513586044311523,4.087453365325928,3.346123695373535,0.38683849573135376,37.85699462890625,37.85699462890625,,
1490,1783432322.7154686,,,,,1.6077406406402588,1.3579097986221313,0.24983078241348267,1.6077406406402588,35.602901458740234,2.7117884159088135,2.489121198654175,3.6106903553009033,3.1482818126678467,0.3752010464668274,35.602901458740234,35.602901458740234,,
1495,1783432323.4395902,,,,,1.4884899854660034,1.290817141532898,0.19767281413078308,1.4884899854660034,38.92626190185547,3.0899181365966797,2.607646942138672,4.386604309082031,3.4389896392822266,0.3906113803386688,38.92626190185547,38.92626190185547,,
1500,1783432324.168732,,,,,1.5877147912979126,1.3617112636566162,0.2260035276412964,1.5877147912979126,36.93303680419922,2.8026444911956787,2.582812786102295,3.8692712783813477,3.3052096366882324,0.38219153881073,36.93303680419922,36.93303680419922,,
1505,1783432324.890194,,,,,1.7100093364715576,1.3942753076553345,0.31573396921157837,1.7100093364715576,35.519290924072266,2.6897449493408203,2.4669675827026367,3.670436143875122,3.0625133514404297,0.3754817545413971,35.519290924072266,35.519290924072266,,
1510,1783432325.6186068,,,,,1.643950343132019,1.4077223539352417,0.23622803390026093,1.643950343132019,36.51569747924805,2.6446142196655273,2.5577785968780518,3.7179512977600098,3.3379745483398438,0.3822545111179352,36.51569747924805,36.51569747924805,,
1515,1783432326.3553607,,,,,1.6949419975280762,1.4325037002563477,0.26243823766708374,1.6949419975280762,35.35087203979492,2.760283946990967,2.5480704307556152,3.575753927230835,3.0776147842407227,0.37190625071525574,35.35087203979492,35.35087203979492,,
1520,1783432327.0849903,,,,,1.5828872919082642,1.330636978149414,0.2522502839565277,1.5828872919082642,36.36054611206055,2.778256416320801,2.5721707344055176,3.8296799659729004,3.171689987182617,0.3779418170452118,36.36054611206055,36.36054611206055,,
1525,1783432327.8274136,,,,,1.6769444942474365,1.402593970298767,0.2743505537509918,1.6769444942474365,36.93498611450195,2.9029102325439453,2.6168484687805176,3.814682722091675,3.21472430229187,0.3856980800628662,36.93498611450195,36.93498611450195,,
1530,1783432328.559052,,,,,1.6693177223205566,1.409335732460022,0.25998204946517944,1.6693177223205566,36.42005157470703,2.766090154647827,2.5218937397003174,3.6562082767486572,3.190169334411621,0.3875402510166168,36.42005157470703,36.42005157470703,,
1535,1783432329.2908306,,,,,1.6955019235610962,1.4376847743988037,0.2578171193599701,1.6955019235610962,35.92485809326172,2.73435115814209,2.4590694904327393,3.6697850227355957,3.1548233032226562,0.37960490584373474,35.92485809326172,35.92485809326172,,
1540,1783432330.022367,,,,,1.538233757019043,1.3066736459732056,0.23156017065048218,1.538233757019043,37.68894958496094,2.922353506088257,2.6159324645996094,3.9445037841796875,3.2949750423431396,0.3927045464515686,37.68894958496094,37.68894958496094,,
1545,1783432330.7460043,,,,,1.6899150609970093,1.4103554487228394,0.2795596122741699,1.6899150609970093,35.320743560791016,2.772188901901245,2.605285167694092,3.5761218070983887,3.0980427265167236,0.36877644062042236,35.320743560791016,35.320743560791016,,
1550,1783432331.4494119,,,,,1.56686270236969,1.3419667482376099,0.2248959243297577,1.56686270236969,38.33733367919922,2.976630210876465,2.7057220935821533,3.9905927181243896,3.3614773750305176,0.3989075720310211,38.33733367919922,38.33733367919922,,
1555,1783432332.15063,,,,,1.7112462520599365,1.456912875175476,0.2543334364891052,1.7112462520599365,36.12167739868164,2.7427730560302734,2.555572032928467,3.7679708003997803,3.1659507751464844,0.3767886161804199,36.12167739868164,36.12167739868164,,
1560,1783432332.8490906,,,,,1.676720142364502,1.4434690475463867,0.23325105011463165,1.676720142364502,35.90364074707031,2.60978627204895,2.5626354217529297,3.7840380668640137,3.289196252822876,0.36855000257492065,35.90364074707031,35.90364074707031,,
1560,1783432332.8525445,1.9920119920020002e-05,1.9920119920020002e-05,,,,,,,,,,,,,,,,
1560,1783432333.4766495,,,,,,,,,,,,,,,,,0.3754897493124008,0.3754897493124008
1560,1783432334.9821987,,,1502.789938000035,832.1025094985962,,,,,,,,,,,,,,
1560,1783432336.3309667,,,1344.0486150000197,832.1025094985962,,,,,,,,,,,,,,
1565,1783432337.122519,,,,,1.5682973861694336,1.3331490755081177,0.23514828085899353,1.5682973861694336,37.30260467529297,2.8190560340881348,2.5901458263397217,4.131232261657715,3.321460723876953,0.37751150131225586,37.30260467529297,37.30260467529297,,
1570,1783432337.8511226,,,,,1.6343120336532593,1.410738229751587,0.22357383370399475,1.6343120336532593,37.16116714477539,2.7047176361083984,2.5642542839050293,3.992330312728882,3.332166910171509,0.38318225741386414,37.16116714477539,37.16116714477539,,
1575,1783432338.578953,,,,,1.6863096952438354,1.4332706928253174,0.25303903222084045,1.6863096952438354,36.61582565307617,2.813546657562256,2.6153507232666016,3.5718119144439697,3.23528790473938,0.3905050456523895,36.61582565307617,36.61582565307617,,
1580,1783432339.3122773,,,,,1.684653878211975,1.412345051765442,0.2723088562488556,1.684653878211975,35.88463592529297,2.682771682739258,2.5988848209381104,3.581082582473755,3.158587694168091,0.38052526116371155,35.88463592529297,35.88463592529297,,
1585,1783432340.0363772,,,,,1.5429093837738037,1.323058843612671,0.21985052525997162,1.5429093837738037,37.48043441772461,2.844081401824951,2.544978618621826,4.014244079589844,3.2381839752197266,0.3908115029335022,37.48043441772461,37.48043441772461,,
1590,1783432340.762086,,,,,1.6201266050338745,1.3690550327301025,0.251071572303772,1.6201266050338745,36.014076232910156,2.9096391201019287,2.5078277587890625,3.744748115539551,3.200016498565674,0.3712684214115143,36.014076232910156,36.014076232910156,,
1595,1783432341.485611,,,,,1.5643357038497925,1.3229185342788696,0.24141719937324524,1.5643357038497925,37.68692398071289,2.9055981636047363,2.61484432220459,3.9899935722351074,3.320709705352783,0.38989049196243286,37.68692398071289,37.68692398071289,,
1600,1783432342.2161171,,,,,1.6945565938949585,1.390107274055481,0.3044493496417999,1.6945565938949585,36.692649841308594,2.7553036212921143,2.561495542526245,3.918565034866333,3.189695119857788,0.3813183903694153,36.692649841308594,36.692649841308594,,
1605,1783432342.947435,,,,,1.6609363555908203,1.4318643808364868,0.2290719598531723,1.6609363555908203,35.4398193359375,2.6665232181549072,2.525258779525757,3.5828745365142822,3.180081367492676,0.371602863073349,35.4398193359375,35.4398193359375,,
1610,1783432343.7627735,,,,,1.7228798866271973,1.435546875,0.28733301162719727,1.7228798866271973,35.66242980957031,2.800053358078003,2.523088216781616,3.5499320030212402,3.1557250022888184,0.3761771619319916,35.66242980957031,35.66242980957031,,
1615,1783432344.5094461,,,,,1.6191182136535645,1.3828232288360596,0.2362949699163437,1.6191182136535645,36.99681091308594,2.9021189212799072,2.6180596351623535,3.9151670932769775,3.2335479259490967,0.38176003098487854,36.99681091308594,36.99681091308594,,
1620,1783432345.2394183,,,,,1.4688974618911743,1.2587263584136963,0.21017110347747803,1.4688974618911743,38.847660064697266,3.025928497314453,2.6276087760925293,4.231624126434326,3.394491672515869,0.39870867133140564,38.847660064697266,38.847660064697266,,
1625,1783432345.9865382,,,,,1.620365858078003,1.3639590740203857,0.25640684366226196,1.620365858078003,37.10094451904297,2.9659504890441895,2.6285367012023926,3.9750707149505615,3.264211416244507,0.378397673368454,37.10094451904297,37.10094451904297,,
1630,1783432346.7142658,,,,,1.4836419820785522,1.2774693965911865,0.20617260038852692,1.4836419820785522,38.573997497558594,3.0434556007385254,2.681382894515991,4.192323684692383,3.3979909420013428,0.39263394474983215,38.573997497558594,38.573997497558594,,
1635,1783432347.4425027,,,,,1.612229824066162,1.3820233345031738,0.23020651936531067,1.612229824066162,36.224151611328125,2.784834861755371,2.537412643432617,3.7369301319122314,3.255521297454834,0.37593337893486023,36.224151611328125,36.224151611328125,,
1640,1783432348.1676776,,,,,1.6509480476379395,1.371093511581421,0.27985459566116333,1.6509480476379395,36.47686767578125,2.9861764907836914,2.545422315597534,3.8130362033843994,3.2196967601776123,0.3751067817211151,36.47686767578125,36.47686767578125,,
1645,1783432348.8940687,,,,,1.57807195186615,1.2792868614196777,0.2987850606441498,1.57807195186615,37.41061782836914,3.0246002674102783,2.510559558868408,4.001224040985107,3.170830726623535,0.38958555459976196,37.41061782836914,37.41061782836914,,
1650,1783432349.6180732,,,,,1.5857329368591309,1.3858733177185059,0.1998596340417862,1.5857329368591309,37.05657196044922,2.7693710327148438,2.599220037460327,3.806966781616211,3.324071168899536,0.38724231719970703,37.05657196044922,37.05657196044922,,
1655,1783432350.3440747,,,,,1.5272194147109985,1.3325207233428955,0.19469870626926422,1.5272194147109985,38.21955108642578,3.052584409713745,2.629879951477051,4.016804218292236,3.4191904067993164,0.39255771040916443,38.21955108642578,38.21955108642578,,
1660,1783432351.0747821,,,,,1.6330900192260742,1.3634881973266602,0.2696017920970917,1.6330900192260742,37.16930389404297,2.86120343208313,2.568171501159668,4.063259124755859,3.2258310317993164,0.3813721835613251,37.16930389404297,37.16930389404297,,
1665,1783432351.8028262,,,,,1.4826213121414185,1.250229835510254,0.23239152133464813,1.4826213121414185,36.95855712890625,2.9446351528167725,2.5338709354400635,3.9024343490600586,3.2266387939453125,0.3827090561389923,36.95855712890625,36.95855712890625,,
1670,1783432352.5354939,,,,,1.6440539360046387,1.3783808946609497,0.26567310094833374,1.6440539360046387,36.60198211669922,2.8131072521209717,2.4924001693725586,3.900761127471924,3.2317311763763428,0.378477543592453,36.60198211669922,36.60198211669922,,
1675,1783432353.2684848,,,,,1.5790200233459473,1.341917872428894,0.23710210621356964,1.5790200233459473,37.307125091552734,2.7747385501861572,2.5837316513061523,3.979893207550049,3.258646249771118,0.3882572650909424,37.307125091552734,37.307125091552734,,
1680,1783432353.9950135,,,,,1.5933741331100464,1.3313777446746826,0.26199641823768616,1.5933741331100464,36.64634704589844,2.831286668777466,2.542957067489624,3.867551803588867,3.20985746383667,0.3803841173648834,36.64634704589844,36.64634704589844,,
1685,1783432354.7268035,,,,,1.7271267175674438,1.4474546909332275,0.2796720564365387,1.7271267175674438,35.20359802246094,2.606537103652954,2.507120132446289,3.5266523361206055,3.1741836071014404,0.3708503544330597,35.20359802246094,35.20359802246094,,
1690,1783432355.4547446,,,,,1.5354071855545044,1.2997021675109863,0.23570503294467926,1.5354071855545044,37.52654266357422,3.0555484294891357,2.5625553131103516,3.963883638381958,3.224039077758789,0.38961315155029297,37.52654266357422,37.52654266357422,,
1695,1783432356.1858587,,,,,1.6111080646514893,1.3471813201904297,0.26392680406570435,1.6111080646514893,36.523277282714844,2.785815715789795,2.6088595390319824,3.843719244003296,3.2041268348693848,0.37850913405418396,36.523277282714844,36.523277282714844,,
1700,1783432356.9171536,,,,,1.4905389547348022,1.2777035236358643,0.212835431098938,1.4905389547348022,38.32319641113281,2.925076961517334,2.636545181274414,4.184248924255371,3.3822567462921143,0.39174580574035645,38.32319641113281,38.32319641113281,,
1705,1783432357.6400976,,,,,1.6826956272125244,1.4346909523010254,0.24800464510917664,1.6826956272125244,37.49507522583008,2.935123920440674,2.533426284790039,4.003899574279785,3.293581247329712,0.3873680531978607,37.49507522583008,37.49507522583008,,
1710,1783432358.3662736,,,,,1.5988762378692627,1.3236069679260254,0.2752692401409149,1.5988762378692627,37.0560188293457,2.830287456512451,2.4781792163848877,4.025424003601074,3.263598918914795,0.3815445899963379,37.0560188293457,37.0560188293457,,
1715,1783432359.098135,,,,,1.532245397567749,1.299718976020813,0.23252637684345245,1.532245397567749,37.473026275634766,2.842174768447876,2.688720226287842,4.116306304931641,3.3308956623077393,0.3788383901119232,37.473026275634766,37.473026275634766,,
1720,1783432359.8286533,,,,,1.6379389762878418,1.3697706460952759,0.26816830039024353,1.6379389762878418,36.58732223510742,2.823594570159912,2.4847824573516846,3.802725076675415,3.207019805908203,0.383543461561203,36.58732223510742,36.58732223510742,,
1725,1783432360.5563369,,,,,1.4210808277130127,1.2080461978912354,0.21303460001945496,1.4210808277130127,38.53422927856445,2.9698941707611084,2.5274477005004883,4.256780624389648,3.3682096004486084,0.3952646255493164,38.53422927856445,38.53422927856445,,
1730,1783432361.2790735,,,,,1.615074634552002,1.3871500492095947,0.22792460024356842,1.615074634552002,36.92787170410156,2.7925214767456055,2.611323118209839,3.921975612640381,3.2396888732910156,0.38223767280578613,36.92787170410156,36.92787170410156,,
1735,1783432362.0109975,,,,,1.53557288646698,1.2592030763626099,0.2763698399066925,1.53557288646698,36.21186065673828,2.9202280044555664,2.5208027362823486,3.732767105102539,3.1013007164001465,0.3800599277019501,36.21186065673828,36.21186065673828,,
1740,1783432362.7344635,,,,,1.6488685607910156,1.3843183517456055,0.2645501494407654,1.6488685607910156,36.54384231567383,2.84185528755188,2.48604416847229,3.695265293121338,3.19343900680542,0.38752299547195435,36.54384231567383,36.54384231567383,,
1745,1783432363.4619265,,,,,1.4997706413269043,1.2667030096054077,0.23306763172149658,1.4997706413269043,37.45286560058594,2.856905221939087,2.5768651962280273,3.9916744232177734,3.2929892539978027,0.3877726197242737,37.45286560058594,37.45286560058594,,
1750,1783432364.1923676,,,,,1.5385184288024902,1.3254175186157227,0.21310089528560638,1.5385184288024902,37.7226676940918,2.801447868347168,2.604671001434326,4.06937837600708,3.377216339111328,0.3871857225894928,37.7226676940918,37.7226676940918,,
1755,1783432364.9160619,,,,,1.624773383140564,1.3543930053710938,0.2703803777694702,1.624773383140564,36.48308181762695,2.864147663116455,2.4870445728302,3.865002155303955,3.1341800689697266,0.3807450234889984,36.48308181762695,36.48308181762695,,
1760,1783432365.6494899,,,,,1.5804349184036255,1.3241430521011353,0.25629183650016785,1.5804349184036255,37.081790924072266,2.819422483444214,2.5617878437042236,4.157040596008301,3.2730813026428223,0.37422966957092285,37.081790924072266,37.081790924072266,,
1765,1783432366.3758283,,,,,1.518903136253357,1.2909618616104126,0.22794122993946075,1.518903136253357,37.98759078979492,3.0958003997802734,2.557227373123169,4.042872905731201,3.3270938396453857,0.39099186658859253,37.98759078979492,37.98759078979492,,
1770,1783432367.102204,,,,,1.6255255937576294,1.3058404922485352,0.31968507170677185,1.6255255937576294,36.930511474609375,2.9940125942230225,2.5296764373779297,3.8668041229248047,3.138760805130005,0.3865709900856018,36.930511474609375,36.930511474609375,,
1775,1783432367.83008,,,,,1.5028655529022217,1.2844229936599731,0.2184426188468933,1.5028655529022217,38.49510192871094,2.926886796951294,2.6017932891845703,4.250237941741943,3.368400812149048,0.39398103952407837,38.49510192871094,38.49510192871094,,
1780,1783432368.5635045,,,,,1.6474974155426025,1.429182529449463,0.21831484138965607,1.6474974155426025,37.19807434082031,2.8776042461395264,2.552295446395874,3.8321034908294678,3.302734613418579,0.388855516910553,37.19807434082031,37.19807434082031,,
1785,1783432369.2898407,,,,,1.6179018020629883,1.3696473836898804,0.24825435876846313,1.6179018020629883,36.058433532714844,2.6900126934051514,2.5119149684906006,3.861501932144165,3.181467056274414,0.3726792633533478,36.058433532714844,36.058433532714844,,
1790,1783432370.0197206,,,,,1.6392860412597656,1.4433106184005737,0.1959754079580307,1.6392860412597656,36.84663391113281,2.7898313999176025,2.6862096786499023,3.803321361541748,3.3590309619903564,0.3787975311279297,36.84663391113281,36.84663391113281,,
1795,1783432370.7506459,,,,,1.5763778686523438,1.305418610572815,0.2709592878818512,1.5763778686523438,37.07480239868164,2.9599609375,2.5094637870788574,4.028806209564209,3.1953251361846924,0.3812692165374756,37.07480239868164,37.07480239868164,,
1800,1783432371.4787955,,,,,1.5781749486923218,1.3702975511550903,0.20787742733955383,1.5781749486923218,36.32424545288086,2.8190009593963623,2.5699164867401123,3.8475892543792725,3.285325050354004,0.37043333053588867,36.32424545288086,36.32424545288086,,
1805,1783432372.2133548,,,,,1.7726640701293945,1.5206528902053833,0.2520112097263336,1.7726640701293945,34.668758392333984,2.649073600769043,2.6254889965057373,3.3379242420196533,3.124962091445923,0.3659649193286896,34.668758392333984,34.668758392333984,,
1810,1783432372.9441876,,,,,1.6013450622558594,1.348116159439087,0.25322896242141724,1.6013450622558594,37.089237213134766,2.933411121368408,2.557508707046509,3.9742817878723145,3.284992218017578,0.37955042719841003,37.089237213134766,37.089237213134766,,
1815,1783432373.673264,,,,,1.6230283975601196,1.3175327777862549,0.30549561977386475,1.6230283975601196,37.63004684448242,2.8025665283203125,2.552165985107422,4.047269344329834,3.2531230449676514,0.3927672803401947,37.63004684448242,37.63004684448242,,
1820,1783432374.4071605,,,,,1.7128386497497559,1.4034967422485352,0.3093419671058655,1.7128386497497559,36.05195999145508,2.929640293121338,2.56634783744812,3.8579909801483154,3.0985183715820312,0.36984336376190186,36.05195999145508,36.05195999145508,,
1825,1783432375.1364229,,,,,1.5466997623443604,1.2904714345932007,0.2562282681465149,1.5466997623443604,37.57403564453125,2.9631922245025635,2.555309295654297,4.232872486114502,3.2741751670837402,0.3786986768245697,37.57403564453125,37.57403564453125,,
1830,1783432375.8652778,,,,,1.5948565006256104,1.3473668098449707,0.24748969078063965,1.5948565006256104,35.863494873046875,2.8168375492095947,2.5440175533294678,3.640742063522339,3.1703379154205322,0.3751217722892761,35.863494873046875,35.863494873046875,,
1835,1783432376.590704,,,,,1.7495588064193726,1.4625002145767212,0.28705862164497375,1.7495588064193726,35.397544860839844,2.668142318725586,2.4906797409057617,3.646115303039551,3.1461081504821777,0.37009501457214355,35.397544860839844,35.397544860839844,,
1840,1783432377.3169205,,,,,1.5895835161209106,1.3521175384521484,0.23746594786643982,1.5895835161209106,36.45650100708008,2.8240017890930176,2.5601730346679688,3.841564655303955,3.300999641418457,0.3730488717556,36.45650100708008,36.45650100708008,,
1845,1783432378.0720325,,,,,1.4344091415405273,1.2308439016342163,0.20356525480747223,1.4344091415405273,37.77244567871094,2.9907398223876953,2.6041860580444336,4.153825759887695,3.3405473232269287,0.3819728195667267,37.77244567871094,37.77244567871094,,
1850,1783432378.8077753,,,,,1.5987396240234375,1.3673616647720337,0.23137794435024261,1.5987396240234375,36.91919708251953,2.990664482116699,2.611781120300293,3.77652645111084,3.2195355892181396,0.38499170541763306,36.91919708251953,36.91919708251953,,
1855,1783432379.5362096,,,,,1.5644276142120361,1.363624930381775,0.20080262422561646,1.5644276142120361,36.916141510009766,2.777308940887451,2.6202189922332764,3.932309865951538,3.3648457527160645,0.37609562277793884,36.916141510009766,36.916141510009766,,
1860,1783432380.2648985,,,,,1.7100275754928589,1.3943208456039429,0.3157067596912384,1.7100275754928589,35.82799530029297,2.841655731201172,2.5232529640197754,3.7718002796173096,3.126749277114868,0.3703552186489105,35.82799530029297,35.82799530029297,,
1865,1783432380.989264,,,,,1.6643922328948975,1.4042870998382568,0.2601051926612854,1.6643922328948975,35.41657638549805,2.722059726715088,2.5731515884399414,3.5479941368103027,3.11120867729187,0.37339910864830017,35.41657638549805,35.41657638549805,,
1870,1783432381.7163665,,,,,1.5917414426803589,1.3506380319595337,0.2411033809185028,1.5917414426803589,36.11993408203125,2.804128885269165,2.580179214477539,3.8823235034942627,3.2417101860046387,0.3663902282714844,36.11993408203125,36.11993408203125,,
1875,1783432382.4457536,,,,,1.642439365386963,1.4129843711853027,0.22945497930049896,1.642439365386963,36.730987548828125,2.81831431388855,2.591948986053467,3.8363733291625977,3.269080877304077,0.3802180886268616,36.730987548828125,36.730987548828125,,
1880,1783432383.1762612,,,,,1.526769757270813,1.313167929649353,0.21360187232494354,1.526769757270813,37.50735855102539,2.7682509422302246,2.596059799194336,4.0753865242004395,3.3389883041381836,0.38476213812828064,37.50735855102539,37.50735855102539,,
1885,1783432383.9091287,,,,,1.4261622428894043,1.2158082723617554,0.2103540003299713,1.4261622428894043,38.37408447265625,3.0219602584838867,2.6119961738586426,4.217921257019043,3.396043300628662,0.3891599476337433,38.37408447265625,38.37408447265625,,
1890,1783432384.6366093,,,,,1.6607277393341064,1.3941373825073242,0.26659029722213745,1.6607277393341064,36.24167251586914,2.79512357711792,2.504011631011963,3.8109917640686035,3.146228075027466,0.3784021735191345,36.24167251586914,36.24167251586914,,
1895,1783432385.3668125,,,,,1.5446405410766602,1.3122451305389404,0.23239539563655853,1.5446405410766602,36.94191360473633,2.8225231170654297,2.6091673374176025,3.9358069896698,3.3161418437957764,0.3779183328151703,36.94191360473633,36.94191360473633,,
1900,1783432386.1008303,,,,,1.6582393646240234,1.3959697484970093,0.2622695863246918,1.6582393646240234,36.8299674987793,2.781287670135498,2.6258182525634766,3.783285617828369,3.266247510910034,0.3849732577800751,36.8299674987793,36.8299674987793,,
1905,1783432386.8349118,,,,,1.457473635673523,1.2161850929260254,0.24128849804401398,1.457473635673523,37.94113540649414,3.0502991676330566,2.532536029815674,4.212215900421143,3.2910637855529785,0.3855941891670227,37.94113540649414,37.94113540649414,,
1910,1783432387.5615337,,,,,1.7054439783096313,1.4381098747253418,0.26733407378196716,1.7054439783096313,35.05422592163086,2.6559391021728516,2.5808863639831543,3.5209598541259766,3.1103322505950928,0.3678847849369049,35.05422592163086,35.05422592163086,,
1915,1783432388.2874413,,,,,1.6885786056518555,1.4107340574264526,0.27784448862075806,1.6885786056518555,36.16262435913086,2.8739547729492188,2.59666109085083,3.694685220718384,3.1618599891662598,0.37730923295021057,36.16262435913086,36.16262435913086,,
1920,1783432389.0199833,,,,,1.6279549598693848,1.352766513824463,0.27518847584724426,1.6279549598693848,36.139854431152344,2.7784199714660645,2.4317984580993652,3.8345141410827637,3.1494619846343994,0.3769263029098511,36.139854431152344,36.139854431152344,,
1925,1783432389.7887123,,,,,1.6812574863433838,1.4636871814727783,0.21757031977176666,1.6812574863433838,35.43938446044922,2.7440297603607178,2.477353572845459,3.593731164932251,3.181023597717285,0.3704109191894531,35.43938446044922,35.43938446044922,,
1930,1783432390.5165946,,,,,1.5978407859802246,1.375032663345337,0.22280815243721008,1.5978407859802246,36.818115234375,2.8543946743011475,2.651878833770752,3.7037274837493896,3.2865164279937744,0.38514116406440735,36.818115234375,36.818115234375,,
1935,1783432391.2423205,,,,,1.5406105518341064,1.2973606586456299,0.2432498335838318,1.5406105518341064,36.955360412597656,2.971412181854248,2.620824098587036,3.9640262126922607,3.21444034576416,0.3779153525829315,36.955360412597656,36.955360412597656,,
1940,1783432391.9655035,,,,,1.6151407957077026,1.388677716255188,0.22646306455135345,1.6151407957077026,36.86106491088867,2.862565517425537,2.51766037940979,3.874343156814575,3.266254425048828,0.3822143077850342,36.86106491088867,36.86106491088867,,
1945,1783432392.6778688,,,,,1.575052261352539,1.3457783460617065,0.22927390038967133,1.575052261352539,36.922027587890625,2.823418378829956,2.6495635509490967,3.9844977855682373,3.3011937141418457,0.37505921721458435,36.922027587890625,36.922027587890625,,
1950,1783432393.3768559,,,,,1.5707229375839233,1.3462271690368652,0.2244957834482193,1.5707229375839233,36.63984298706055,2.946091651916504,2.606855869293213,3.793398857116699,3.221953868865967,0.3790264427661896,36.63984298706055,36.63984298706055,,
1950,1783432393.37982,1.9900199800099984e-05,1.9900199800099984e-05,,,,,,,,,,,,,,,,
1950,1783432394.0158274,,,,,,,,,,,,,,,,,0.37159392446279527,0.37159392446279527
1950,1783432395.5066917,,,1487.9725630000848,832.1025094985962,,,,,,,,,,,,,,
1950,1783432397.1654484,,,1655.3892230000429,832.1025094985962,,,,,,,,,,,,,,
1955,1783432397.9607294,,,,,1.6018775701522827,1.3700708150863647,0.23180674016475677,1.6018775701522827,36.77761459350586,2.8041465282440186,2.5849013328552246,3.7760045528411865,3.233323574066162,0.38599804043769836,36.77761459350586,36.77761459350586,,
1960,1783432398.6951587,,,,,1.6287554502487183,1.3775763511657715,0.2511790692806244,1.6287554502487183,37.04631805419922,2.9125826358795166,2.515641212463379,3.7827160358428955,3.211434841156006,0.39177313446998596,37.04631805419922,37.04631805419922,,
1965,1783432399.4259272,,,,,1.6086002588272095,1.3969345092773438,0.2116657942533493,1.6086002588272095,36.6828498840332,2.8763952255249023,2.619198799133301,3.7469482421875,3.2493462562561035,0.38210368156433105,36.6828498840332,36.6828498840332,,
1970,1783432400.1580272,,,,,1.7087761163711548,1.4633939266204834,0.24538220465183258,1.7087761163711548,35.39860153198242,2.7295033931732178,2.545330047607422,3.527743101119995,3.1628589630126953,0.3720569610595703,35.39860153198242,35.39860153198242,,
1975,1783432400.88908,,,,,1.7157618999481201,1.4310182332992554,0.28474360704421997,1.7157618999481201,36.3380126953125,2.852041244506836,2.566375255584717,3.69565486907959,3.1894445419311523,0.3810977637767792,36.3380126953125,36.3380126953125,,
1980,1783432401.6284928,,,,,1.6721633672714233,1.4641188383102417,0.20804454386234283,1.6721633672714233,36.0798454284668,2.6917057037353516,2.618105888366699,3.5941808223724365,3.2556235790252686,0.3793427646160126,36.0798454284668,36.0798454284668,,
1985,1783432402.3571842,,,,,1.4793905019760132,1.250932216644287,0.2284582555294037,1.4793905019760132,37.63914489746094,2.883305311203003,2.625668525695801,4.097550868988037,3.312924861907959,0.3846493363380432,37.63914489746094,37.63914489746094,,
1990,1783432403.0846474,,,,,1.645477056503296,1.4098563194274902,0.23562069237232208,1.645477056503296,36.150325775146484,2.876155138015747,2.562201499938965,3.781184434890747,3.1904044151306152,0.37263980507850647,36.150325775146484,36.150325775146484,,
1995,1783432403.8165247,,,,,1.7143187522888184,1.4773157835006714,0.23700302839279175,1.7143187522888184,35.47687911987305,2.7926013469696045,2.572296380996704,3.5465800762176514,3.207923173904419,0.36895498633384705,35.47687911987305,35.47687911987305,,
2000,1783432404.5467467,,,,,1.7287664413452148,1.4710958003997803,0.25767070055007935,1.7287664413452148,35.14664077758789,2.685495376586914,2.5588085651397705,3.7118566036224365,3.127215623855591,0.3605376183986664,35.14664077758789,35.14664077758789,,
2005,1783432405.3474154,,,,,1.5857999324798584,1.3133747577667236,0.27242517471313477,1.5857999324798584,37.12372970581055,2.828117609024048,2.5224928855895996,4.024860858917236,3.247568368911743,0.3828502297401428,37.12372970581055,37.12372970581055,,
2010,1783432406.1076245,,,,,1.6085580587387085,1.3566190004348755,0.2519390285015106,1.6085580587387085,36.366371154785156,2.9044854640960693,2.487748622894287,3.911749839782715,3.2137036323547363,0.3716273009777069,36.366371154785156,36.366371154785156,,
2015,1783432406.8572063,,,,,1.5916531085968018,1.336843729019165,0.2548094093799591,1.5916531085968018,36.860260009765625,2.8858346939086914,2.5245161056518555,3.884660482406616,3.2471923828125,0.3819156587123871,36.860260009765625,36.860260009765625,,
2020,1783432407.59674,,,,,1.6952630281448364,1.4174258708953857,0.27783718705177307,1.6952630281448364,36.02386474609375,2.8176004886627197,2.5919134616851807,3.6466517448425293,3.1854896545410156,0.37666818499565125,36.02386474609375,36.02386474609375,,
2025,1783432408.3284924,,,,,1.4793256521224976,1.236289620399475,0.24303601682186127,1.4793256521224976,38.132225036621094,2.885089874267578,2.535280227661133,4.304192066192627,3.3154566287994385,0.3882790505886078,38.132225036621094,38.132225036621094,,
2030,1783432409.0610409,,,,,1.6042306423187256,1.365588903427124,0.23864175379276276,1.6042306423187256,36.6666145324707,2.9065394401550293,2.5220913887023926,3.8790934085845947,3.2142438888549805,0.37891799211502075,36.6666145324707,36.6666145324707,,
2035,1783432409.7879767,,,,,1.5991302728652954,1.3442137241363525,0.2549165189266205,1.5991302728652954,36.612060546875,2.764126777648926,2.6112756729125977,3.9699881076812744,3.227733612060547,0.37424927949905396,36.612060546875,36.612060546875,,
2040,1783432410.5228004,,,,,1.6845120191574097,1.411694049835205,0.2728179693222046,1.6845120191574097,36.47264099121094,2.80972957611084,2.5292553901672363,3.7722301483154297,3.2190446853637695,0.3811357319355011,36.47264099121094,36.47264099121094,,
2045,1783432411.2591188,,,,,1.6664789915084839,1.4400447607040405,0.22643423080444336,1.6664789915084839,35.87929153442383,2.7710371017456055,2.499166488647461,3.5355279445648193,3.1676266193389893,0.3822839856147766,35.87929153442383,35.87929153442383,,
2050,1783432411.9988668,,,,,1.6874895095825195,1.4292187690734863,0.2582706809043884,1.6874895095825195,35.98628616333008,2.6550121307373047,2.5651755332946777,3.7359566688537598,3.20538592338562,0.3751869797706604,35.98628616333008,35.98628616333008,,
2055,1783432412.7333567,,,,,1.6886903047561646,1.4255304336547852,0.2631599009037018,1.6886903047561646,35.38129425048828,2.7132153511047363,2.530445098876953,3.65895414352417,3.1452770233154297,0.3673149049282074,35.38129425048828,35.38129425048828,,
2060,1783432413.474176,,,,,1.6731889247894287,1.407716155052185,0.26547273993492126,1.6731889247894287,35.73481369018555,2.8175623416900635,2.5615034103393555,3.646157741546631,3.1464133262634277,0.37268009781837463,35.73481369018555,35.73481369018555,,
2065,1783432414.2090378,,,,,1.607766032218933,1.3906848430633545,0.21708114445209503,1.607766032218933,37.234039306640625,2.837193012237549,2.6221632957458496,3.926825761795044,3.3044683933258057,0.38471317291259766,37.234039306640625,37.234039306640625,,
2070,1783432414.9391303,,,,,1.5342859029769897,1.3332613706588745,0.20102453231811523,1.5342859029769897,38.168373107910156,2.839968204498291,2.6032919883728027,4.075394153594971,3.42978572845459,0.39366114139556885,38.168373107910156,38.168373107910156,,
2075,1783432415.6712809,,,,,1.648817777633667,1.4281638860702515,0.22065389156341553,1.648817777633667,37.29219436645508,2.8060646057128906,2.6072778701782227,3.9340851306915283,3.3729448318481445,0.38366207480430603,37.29219436645508,37.29219436645508,,
2080,1783432416.401346,,,,,1.644519567489624,1.335444688796997,0.30907484889030457,1.644519567489624,36.411277770996094,2.887497901916504,2.4850192070007324,3.812195301055908,3.1299519538879395,0.3812103271484375,36.411277770996094,36.411277770996094,,
2085,1783432417.1389897,,,,,1.5102567672729492,1.3061643838882446,0.204092338681221,1.5102567672729492,37.963340759277344,2.883901357650757,2.6675162315368652,4.205043792724609,3.4176409244537354,0.3814789652824402,37.963340759277344,37.963340759277344,,
2090,1783432417.8691454,,,,,1.5249806642532349,1.2726229429244995,0.25235772132873535,1.5249806642532349,37.499176025390625,3.0139832496643066,2.5882153511047363,4.0627217292785645,3.302997350692749,0.3814564347267151,37.499176025390625,37.499176025390625,,
2095,1783432418.5994747,,,,,1.7191269397735596,1.4558675289154053,0.2632594704627991,1.7191269397735596,35.29494094848633,2.7706055641174316,2.543762445449829,3.5899245738983154,3.1298506259918213,0.3675782382488251,35.29494094848633,35.29494094848633,,
2100,1783432419.344015,,,,,1.692722201347351,1.441868782043457,0.25085338950157166,1.692722201347351,35.94325637817383,2.819082021713257,2.6109540462493896,3.640441417694092,3.197032928466797,0.37418386340141296,35.94325637817383,35.94325637817383,,
2105,1783432420.0737624,,,,,1.615060567855835,1.3402575254440308,0.2748029828071594,1.615060567855835,36.631866455078125,2.9623889923095703,2.5679264068603516,3.8642024993896484,3.175495147705078,0.37827011942863464,36.631866455078125,36.631866455078125,,
2110,1783432420.8056064,,,,,1.574933648109436,1.3899013996124268,0.18503227829933167,1.574933648109436,37.68535614013672,2.880683422088623,2.6285452842712402,4.130623817443848,3.3359336853027344,0.38317808508872986,37.68535614013672,37.68535614013672,,
2115,1783432421.5340168,,,,,1.7782409191131592,1.4643549919128418,0.3138859272003174,1.7782409191131592,36.27656555175781,2.7252418994903564,2.5644023418426514,3.8865716457366943,3.1778533458709717,0.3746238648891449,36.27656555175781,36.27656555175781,,
2120,1783432422.2649097,,,,,1.4671459197998047,1.2691519260406494,0.19799405336380005,1.4671459197998047,37.80116271972656,3.020864963531494,2.627476215362549,4.04463529586792,3.3490171432495117,0.3859003484249115,37.80116271972656,37.80116271972656,,
2125,1783432422.995469,,,,,1.5310627222061157,1.292231559753418,0.23883111774921417,1.5310627222061157,37.57254409790039,2.8515195846557617,2.5902209281921387,4.10249137878418,3.3346424102783203,0.3834785521030426,37.57254409790039,37.57254409790039,,
2130,1783432423.7206092,,,,,1.5761057138442993,1.3367249965667725,0.23938070237636566,1.5761057138442993,36.26713943481445,2.9705100059509277,2.548370122909546,3.773251533508301,3.2058663368225098,0.37311169505119324,36.26713943481445,36.26713943481445,,
2135,1783432424.4465144,,,,,1.6720534563064575,1.4198670387268066,0.2521863877773285,1.6720534563064575,35.54295349121094,2.774859666824341,2.5180039405822754,3.828490972518921,3.167093276977539,0.36130934953689575,35.54295349121094,35.54295349121094,,
2140,1783432425.1721299,,,,,1.5714118480682373,1.3762375116348267,0.19517439603805542,1.5714118480682373,36.80875015258789,2.8544249534606934,2.6218643188476562,3.890794277191162,3.3190159797668457,0.3758408725261688,36.80875015258789,36.80875015258789,,
2145,1783432425.8992794,,,,,1.5625178813934326,1.3166083097457886,0.24590955674648285,1.5625178813934326,37.91704559326172,2.879805564880371,2.574962615966797,4.145824432373047,3.333103656768799,0.38898715376853943,37.91704559326172,37.91704559326172,,
2150,1783432426.6277733,,,,,1.6865956783294678,1.4420663118362427,0.24452932178974152,1.6865956783294678,35.548431396484375,2.775668144226074,2.5185322761535645,3.5984487533569336,3.1666221618652344,0.3716464042663574,35.548431396484375,35.548431396484375,,
2155,1783432427.3580062,,,,,1.6686396598815918,1.4176673889160156,0.2509722411632538,1.6686396598815918,36.542903900146484,2.8721048831939697,2.618380308151245,3.7549519538879395,3.235401153564453,0.37937140464782715,36.542903900146484,36.542903900146484,,
2160,1783432428.0852587,,,,,1.6342264413833618,1.3879764080047607,0.24625001847743988,1.6342264413833618,36.36610412597656,2.724465847015381,2.558210611343384,3.823071002960205,3.2763671875,0.37521228194236755,36.36610412597656,36.36610412597656,,
2165,1783432428.8104036,,,,,1.6093274354934692,1.4055235385894775,0.2038038969039917,1.6093274354934692,36.668060302734375,2.7555246353149414,2.645038366317749,3.945706367492676,3.322338104248047,0.37180909514427185,36.668060302734375,36.668060302734375,,
2170,1783432429.538443,,,,,1.5623100996017456,1.316224217414856,0.24608586728572845,1.5623100996017456,35.42028045654297,2.782780170440674,2.4543728828430176,3.6254446506500244,3.178417921066284,0.3683422803878784,35.42028045654297,35.42028045654297,,
2175,1783432430.263814,,,,,1.6670475006103516,1.3838976621627808,0.2831498384475708,1.6670475006103516,35.908199310302734,2.7263035774230957,2.437098264694214,3.774240732192993,3.1470351219177246,0.3756054639816284,35.908199310302734,35.908199310302734,,
2180,1783432430.9890296,,,,,1.608270287513733,1.3446465730667114,0.26362374424934387,1.608270287513733,36.54149627685547,2.831120014190674,2.5566322803497314,3.911491632461548,3.188549518585205,0.37674805521965027,36.54149627685547,36.54149627685547,,
2185,1783432431.72517,,,,,1.7091374397277832,1.4621013402938843,0.24703603982925415,1.7091374397277832,35.28313446044922,2.664405584335327,2.5772385597229004,3.6693599224090576,3.188547134399414,0.36279281973838806,35.28313446044922,35.28313446044922,,
2190,1783432432.462691,,,,,1.5029988288879395,1.271423578262329,0.23157522082328796,1.5029988288879395,37.710941314697266,3.022891044616699,2.555582046508789,4.128205299377441,3.32861590385437,0.3826406002044678,37.710941314697266,37.710941314697266,,
2195,1783432433.2030287,,,,,1.6939119100570679,1.4051380157470703,0.28877389430999756,1.6939119100570679,35.76332473754883,2.814924478530884,2.6042017936706543,3.6924710273742676,3.1055757999420166,0.37218010425567627,35.76332473754883,35.76332473754883,,
2200,1783432433.943198,,,,,1.4673646688461304,1.233054757118225,0.23430989682674408,1.4673646688461304,38.72426223754883,3.152523994445801,2.6133084297180176,4.286599159240723,3.3763928413391113,0.391832172870636,38.72426223754883,38.72426223754883,,
2205,1783432434.6837165,,,,,1.5405482053756714,1.3188879489898682,0.22166025638580322,1.5405482053756714,37.06510543823242,2.823132276535034,2.6486947536468506,4.048968315124512,3.3604471683502197,0.37276551127433777,37.06510543823242,37.06510543823242,,
2210,1783432435.4439924,,,,,1.5038561820983887,1.2685201168060303,0.23533602058887482,1.5038561820983887,38.32405090332031,3.150930643081665,2.5590221881866455,4.182760715484619,3.3376965522766113,0.3905152380466461,38.32405090332031,38.32405090332031,,
2215,1783432436.1866524,,,,,1.55461847782135,1.3082549571990967,0.2463635504245758,1.55461847782135,36.99068832397461,2.9051218032836914,2.5655932426452637,3.8677680492401123,3.2859935760498047,0.3824988305568695,36.99068832397461,36.99068832397461,,
2220,1783432436.9202518,,,,,1.5483217239379883,1.283409595489502,0.2649121582508087,1.5483217239379883,37.13285827636719,2.8514275550842285,2.61403226852417,4.016630172729492,3.253762722015381,0.3805914521217346,37.13285827636719,37.13285827636719,,
2225,1783432437.64777,,,,,1.4839606285095215,1.2520489692687988,0.23191161453723907,1.4839606285095215,38.26164627075195,2.962714195251465,2.5896623134613037,4.27548885345459,3.3765616416931152,0.3867815434932709,38.26164627075195,38.26164627075195,,
2230,1783432438.3825674,,,,,1.568623423576355,1.35775887966156,0.21086455881595612,1.568623423576355,36.90494155883789,2.7222678661346436,2.6009509563446045,3.8980422019958496,3.3384742736816406,0.3801930844783783,36.90494155883789,36.90494155883789,,
2235,1783432439.1169734,,,,,1.654496431350708,1.3820174932479858,0.2724788784980774,1.654496431350708,35.694732666015625,2.8468055725097656,2.475031852722168,3.6056199073791504,3.133790969848633,0.3754238486289978,35.694732666015625,35.694732666015625,,
2240,1783432439.8464835,,,,,1.5626777410507202,1.3483200073242188,0.21435771882534027,1.5626777410507202,37.17166519165039,2.866300344467163,2.6521060466766357,4.0263352394104,3.316866397857666,0.377041220664978,37.17166519165039,37.17166519165039,,
2245,1783432440.5861056,,,,,1.754098653793335,1.5111792087554932,0.2429194152355194,1.754098653793335,35.45482635498047,2.5918703079223633,2.541356325149536,3.681788444519043,3.2393007278442383,0.36620932817459106,35.45482635498047,35.45482635498047,,
2250,1783432441.3177836,,,,,1.607839822769165,1.380530595779419,0.22730916738510132,1.607839822769165,37.21582794189453,2.842036724090576,2.5572893619537354,4.056065082550049,3.3328397274017334,0.3786376118659973,37.21582794189453,37.21582794189453,,
2255,1783432442.0426908,,,,,1.5815808773040771,1.3607654571533203,0.22081536054611206,1.5815808773040771,36.467891693115234,2.7226831912994385,2.601985216140747,3.739434242248535,3.2869606018066406,0.3797873854637146,36.467891693115234,36.467891693115234,,
2260,1783432442.7586544,,,,,1.7431535720825195,1.4449577331542969,0.29819589853286743,1.7431535720825195,35.234954833984375,2.8003556728363037,2.4432830810546875,3.6251423358917236,3.0688607692718506,0.36896243691444397,35.234954833984375,35.234954833984375,,
2265,1783432443.4774175,,,,,1.578669548034668,1.3554577827453613,0.22321170568466187,1.578669548034668,36.46499252319336,2.8827598094940186,2.62322998046875,3.814598560333252,3.2738540172576904,0.3729355037212372,36.46499252319336,36.46499252319336,,
2270,1783432444.2072783,,,,,1.590279221534729,1.373451828956604,0.21682734787464142,1.590279221534729,37.07665252685547,2.9115726947784424,2.579470634460449,3.824582099914551,3.2682926654815674,0.3866635262966156,37.07665252685547,37.07665252685547,,
2275,1783432444.9396822,,,,,1.6723500490188599,1.4381192922592163,0.23423080146312714,1.6723500490188599,36.3515739440918,2.730823040008545,2.5912208557128906,3.829686403274536,3.2649359703063965,0.3742285966873169,36.3515739440918,36.3515739440918,,
2280,1783432445.6709619,,,,,1.717877745628357,1.4891291856765747,0.22874855995178223,1.717877745628357,35.12311553955078,2.665423631668091,2.5356602668762207,3.4922332763671875,3.174752950668335,0.3686234951019287,35.12311553955078,35.12311553955078,,
2285,1783432446.406932,,,,,1.5735441446304321,1.3360826969146729,0.23746146261692047,1.5735441446304321,37.21758270263672,2.8583855628967285,2.5608174800872803,3.9508581161499023,3.2928597927093506,0.3846876621246338,37.21758270263672,37.21758270263672,,
2290,1783432447.136286,,,,,1.6959614753723145,1.4120118618011475,0.283949613571167,1.6959614753723145,36.02565383911133,2.7666079998016357,2.568331480026245,3.7630455493927,3.1389832496643066,0.37525901198387146,36.02565383911133,36.02565383911133,,
2295,1783432447.8645248,,,,,1.601090431213379,1.3691189289093018,0.23197147250175476,1.601090431213379,36.59727478027344,2.768306255340576,2.596111536026001,3.77254581451416,3.235222101211548,0.3826071321964264,36.59727478027344,36.59727478027344,,
2300,1783432448.5973363,,,,,1.6362090110778809,1.4099831581115723,0.2262258231639862,1.6362090110778809,35.42876434326172,2.774940013885498,2.583012104034424,3.6666572093963623,3.1986474990844727,0.3631155490875244,35.42876434326172,35.42876434326172,,
2305,1783432449.3236847,,,,,1.5775099992752075,1.3529058694839478,0.22460414469242096,1.5775099992752075,37.788856506347656,2.7908153533935547,2.589604377746582,4.054186820983887,3.3964881896972656,0.3890463709831238,37.788856506347656,37.788856506347656,,
2310,1783432450.0577865,,,,,1.6472454071044922,1.3882842063903809,0.2589612603187561,1.6472454071044922,36.386016845703125,2.714487075805664,2.5960044860839844,3.8567869663238525,3.194767475128174,0.3771648406982422,36.386016845703125,36.386016845703125,,
2315,1783432450.7867196,,,,,1.5743916034698486,1.2988635301589966,0.2755281329154968,1.5743916034698486,36.57783126831055,2.8534624576568604,2.5599846839904785,3.7833855152130127,3.1659371852874756,0.38368311524391174,36.57783126831055,36.57783126831055,,
2320,1783432451.512862,,,,,1.6790696382522583,1.3788002729415894,0.30026933550834656,1.6790696382522583,36.041351318359375,2.8183796405792236,2.5115795135498047,3.8721811771392822,3.1534950733184814,0.3702230453491211,36.041351318359375,36.041351318359375,,
2325,1783432452.2323031,,,,,1.7242892980575562,1.4303466081619263,0.2939426600933075,1.7242892980575562,35.471004486083984,2.6455492973327637,2.576716423034668,3.5843725204467773,3.1497738361358643,0.37289878726005554,35.471004486083984,35.471004486083984,,
2330,1783432452.9435604,,,,,1.6693415641784668,1.4362616539001465,0.2330799400806427,1.6693415641784668,35.366634368896484,2.746983051300049,2.54732346534729,3.552820920944214,3.2185490131378174,0.36732417345046997,35.366634368896484,35.366634368896484,,
2335,1783432453.6548045,,,,,1.5404678583145142,1.3241462707519531,0.21632157266139984,1.5404678583145142,36.874122619628906,2.8751258850097656,2.5996782779693604,4.091655254364014,3.327890157699585,0.3680051267147064,36.874122619628906,36.874122619628906,,
2340,1783432454.350307,,,,,1.7231858968734741,1.4424008131027222,0.28078505396842957,1.7231858968734741,35.64940643310547,2.6253929138183594,2.4966073036193848,3.690415382385254,3.2032179832458496,0.37200304865837097,35.64940643310547,35.64940643310547,,
2340,1783432454.3534868,1.9880299600299884e-05,1.9880299600299884e-05,,,,,,,,,,,,,,,,
2340,1783432454.9865472,,,,,,,,,,,,,,,,,0.3699138447642326,0.3699138447642326
2340,1783432456.2650645,,,1275.613040000053,832.1025094985962,,,,,,,,,,,,,,
2340,1783432458.0823097,,,1811.7329720000726,832.1025094985962,,,,,,,,,,,,,,
2345,1783432459.9846766,,,,,1.724138617515564,1.4462766647338867,0.27786198258399963,1.724138617515564,35.34013366699219,2.943028211593628,2.522686004638672,3.445505380630493,3.0629003047943115,0.374613493680954,35.34013366699219,35.34013366699219,,
2350,1783432461.2029114,,,,,1.5301355123519897,1.3202213048934937,0.2099141776561737,1.5301355123519897,37.98902130126953,2.851900577545166,2.6495094299316406,3.898031234741211,3.3841047286987305,0.39829644560813904,37.98902130126953,37.98902130126953,,
2355,1783432462.1914282,,,,,1.583616852760315,1.354499340057373,0.2291174978017807,1.583616852760315,36.66590118408203,2.9530813694000244,2.5931813716888428,3.7921688556671143,3.2573599815368652,0.3782350718975067,36.66590118408203,36.66590118408203,,
2360,1783432462.9970076,,,,,1.6576390266418457,1.401708722114563,0.2559303045272827,1.6576390266418457,35.566925048828125,2.8441827297210693,2.4824020862579346,3.6122891902923584,3.1502845287323,0.3714487850666046,35.566925048828125,35.566925048828125,,
2365,1783432463.737941,,,,,1.5347968339920044,1.3132210969924927,0.2215757817029953,1.5347968339920044,37.981163024902344,2.8748631477355957,2.610095977783203,4.070948600769043,3.3286538124084473,0.3932666778564453,37.981163024902344,37.981163024902344,,
2370,1783432464.483445,,,,,1.5897681713104248,1.3485620021820068,0.24120616912841797,1.5897681713104248,37.33986282348633,2.923323631286621,2.567624568939209,4.014931678771973,3.33156418800354,0.3812427222728729,37.33986282348633,37.33986282348633,,
2375,1783432465.2166402,,,,,1.7047059535980225,1.4267568588256836,0.27794912457466125,1.7047059535980225,36.528648376464844,2.9571022987365723,2.5190043449401855,3.7612102031707764,3.1935300827026367,0.38095685839653015,36.528648376464844,36.528648376464844,,
2380,1783432465.9576802,,,,,1.612760305404663,1.3567759990692139,0.255984365940094,1.612760305404663,36.50379180908203,2.819894313812256,2.6145172119140625,3.8371059894561768,3.246873617172241,0.37558713555336,36.50379180908203,36.50379180908203,,
2385,1783432466.6899328,,,,,1.5369176864624023,1.2592644691467285,0.2776532471179962,1.5369176864624023,38.97494888305664,3.1058881282806396,2.618333339691162,4.278670787811279,3.330814838409424,0.4007057249546051,38.97494888305664,38.97494888305664,,
2390,1783432467.429849,,,,,1.628374695777893,1.403960943222046,0.22441376745700836,1.628374695777893,36.746639251708984,2.743457317352295,2.570861577987671,3.8310954570770264,3.268643856048584,0.38295209407806396,36.746639251708984,36.746639251708984,,
2395,1783432468.1575541,,,,,1.6188318729400635,1.3872625827789307,0.2315693348646164,1.6188318729400635,35.66178894042969,2.7956130504608154,2.549206256866455,3.6601743698120117,3.185993194580078,0.3694363236427307,35.66178894042969,35.66178894042969,,
2400,1783432468.8838818,,,,,1.5815839767456055,1.3198858499526978,0.2616980969905853,1.5815839767456055,37.1994743347168,2.760558843612671,2.618635892868042,4.173103332519531,3.317150115966797,0.3742171823978424,37.1994743347168,37.1994743347168,,
2405,1783432469.73709,,,,,1.6977046728134155,1.4599655866622925,0.23773913085460663,1.6977046728134155,36.07723617553711,2.809055805206299,2.5977578163146973,3.7474772930145264,3.2580413818359375,0.37020859122276306,36.07723617553711,36.07723617553711,,
2410,1783432470.4872775,,,,,1.6134518384933472,1.3812485933303833,0.23220320045948029,1.6134518384933472,36.44579315185547,2.84517765045166,2.595341682434082,3.7853872776031494,3.2236499786376953,0.37749338150024414,36.44579315185547,36.44579315185547,,
2415,1783432471.2197316,,,,,1.6552897691726685,1.3775063753128052,0.2777833640575409,1.6552897691726685,35.78615951538086,2.845569610595703,2.503840446472168,3.7483975887298584,3.1614255905151367,0.3692689538002014,35.78615951538086,35.78615951538086,,
2420,1783432471.9440901,,,,,1.7493747472763062,1.4604703187942505,0.2889043986797333,1.7493747472763062,34.77101516723633,2.668384075164795,2.580981731414795,3.51322078704834,3.050995349884033,0.3642936646938324,34.77101516723633,34.77101516723633,,
2425,1783432472.6701872,,,,,1.656137228012085,1.4232889413833618,0.23284833133220673,1.656137228012085,35.692115783691406,2.7277045249938965,2.600100517272949,3.6261708736419678,3.206103563308716,0.37110579013824463,35.692115783691406,35.692115783691406,,
2430,1783432473.3934429,,,,,1.68117356300354,1.4155912399291992,0.2655823826789856,1.68117356300354,35.64482498168945,2.7771646976470947,2.5362091064453125,3.6185805797576904,3.1635549068450928,0.37260404229164124,35.64482498168945,35.64482498168945,,
2435,1783432474.1196878,,,,,1.6165934801101685,1.381653070449829,0.23494040966033936,1.6165934801101685,36.59965896606445,2.8057851791381836,2.5742220878601074,3.9016976356506348,3.3423309326171875,0.3718131482601166,36.59965896606445,36.59965896606445,,
2440,1783432474.8477535,,,,,1.6264090538024902,1.372196912765503,0.25421208143234253,1.6264090538024902,35.38822937011719,2.698244571685791,2.518949270248413,3.812277317047119,3.153327703475952,0.36088499426841736,35.38822937011719,35.38822937011719,,
2445,1783432475.5762806,,,,,1.595111608505249,1.3929438591003418,0.20216777920722961,1.595111608505249,36.648624420166016,2.804013252258301,2.589534282684326,3.8370895385742188,3.3092105388641357,0.3769438862800598,36.648624420166016,36.648624420166016,,
2450,1783432476.312249,,,,,1.6434657573699951,1.4004348516464233,0.24303096532821655,1.6434657573699951,36.59672546386719,2.9787204265594482,2.579728603363037,3.7728044986724854,3.269023895263672,0.37676939368247986,36.59672546386719,36.59672546386719,,
2455,1783432477.0428967,,,,,1.5592691898345947,1.3052846193313599,0.2539845407009125,1.5592691898345947,37.48397445678711,2.8760108947753906,2.5926895141601562,4.031068325042725,3.1930739879608154,0.39037758111953735,37.48397445678711,37.48397445678711,,
2460,1783432477.7713075,,,,,1.6070446968078613,1.3546514511108398,0.25239330530166626,1.6070446968078613,36.827430725097656,2.8925325870513916,2.600522756576538,3.8738784790039062,3.2279577255249023,0.3806823194026947,36.827430725097656,36.827430725097656,,
2465,1783432478.4964232,,,,,1.4631810188293457,1.2389079332351685,0.22427314519882202,1.4631810188293457,37.777870178222656,3.1074275970458984,2.6054296493530273,4.197354316711426,3.331681489944458,0.377932071685791,37.777870178222656,37.777870178222656,,
2470,1783432479.2207928,,,,,1.6345198154449463,1.3920834064483643,0.2424364686012268,1.6345198154449463,36.63227844238281,2.7779183387756348,2.581653356552124,3.9220328330993652,3.2878472805023193,0.37450990080833435,36.63227844238281,36.63227844238281,,
2475,1783432479.943593,,,,,1.6431821584701538,1.3623894453048706,0.2807927429676056,1.6431821584701538,36.699729919433594,2.8877053260803223,2.6319117546081543,3.7694900035858154,3.1559762954711914,0.3850928544998169,36.699729919433594,36.699729919433594,,
2480,1783432480.6626985,,,,,1.6471691131591797,1.3919731378555298,0.2551960349082947,1.6471691131591797,36.197635650634766,2.8441574573516846,2.534179210662842,3.8019089698791504,3.2577221393585205,0.3711119294166565,36.197635650634766,36.197635650634766,,
2485,1783432481.3853269,,,,,1.5611165761947632,1.3179949522018433,0.2431216537952423,1.5611165761947632,36.574676513671875,2.9898719787597656,2.5826401710510254,3.8417301177978516,3.208001136779785,0.37561556696891785,36.574676513671875,36.574676513671875,,
2490,1783432482.1118846,,,,,1.7298455238342285,1.4323612451553345,0.29748430848121643,1.7298455238342285,34.83976745605469,2.7166872024536133,2.490464210510254,3.318443775177002,3.069956064224243,0.374573677778244,34.83976745605469,34.83976745605469,,
2495,1783432482.8461227,,,,,1.5434508323669434,1.2914143800735474,0.25203651189804077,1.5434508323669434,37.19826126098633,2.8999886512756348,2.5132951736450195,4.1313252449035645,3.2660224437713623,0.37756186723709106,37.19826126098633,37.19826126098633,,
2500,1783432483.5976512,,,,,1.5754390954971313,1.331703782081604,0.24373532831668854,1.5754390954971313,38.15428924560547,2.7979981899261475,2.6840054988861084,4.145351409912109,3.3448989391326904,0.39315077662467957,38.15428924560547,38.15428924560547,,
2505,1783432484.3383925,,,,,1.5747923851013184,1.3638625144958496,0.21092990040779114,1.5747923851013184,37.03908157348633,2.808946132659912,2.6258351802825928,4.071465969085693,3.324354887008667,0.373614639043808,37.03908157348633,37.03908157348633,,
2510,1783432485.0891454,,,,,1.6441693305969238,1.43681001663208,0.20735937356948853,1.6441693305969238,36.78136444091797,2.6708288192749023,2.6226754188537598,3.883307933807373,3.2702412605285645,0.3817947506904602,36.78136444091797,36.78136444091797,,
2515,1783432485.8472114,,,,,1.718623161315918,1.4288824796676636,0.2897406816482544,1.718623161315918,35.731632232666016,2.933196544647217,2.535252094268799,3.560015916824341,3.1080429553985596,0.3761570453643799,35.731632232666016,35.731632232666016,,
2520,1783432486.5927813,,,,,1.6975808143615723,1.4089072942733765,0.2886735796928406,1.6975808143615723,36.805267333984375,2.7926478385925293,2.522850275039673,3.941502571105957,3.209498882293701,0.38195037841796875,36.805267333984375,36.805267333984375,,
2525,1783432487.3282986,,,,,1.5947461128234863,1.3501696586608887,0.24457645416259766,1.5947461128234863,36.45587158203125,2.773649215698242,2.5540168285369873,3.8761141300201416,3.2750420570373535,0.3739086985588074,36.45587158203125,36.45587158203125,,
2530,1783432488.0638828,,,,,1.5809643268585205,1.3362749814987183,0.24468931555747986,1.5809643268585205,36.0416374206543,2.769942045211792,2.529331684112549,3.901742458343506,3.2053089141845703,0.36729466915130615,36.0416374206543,36.0416374206543,,
2535,1783432488.791613,,,,,1.7202754020690918,1.449705719947815,0.27056974172592163,1.7202754020690918,35.927738189697266,2.7568483352661133,2.5718846321105957,3.6203501224517822,3.1796813011169434,0.37775424122810364,35.927738189697266,35.927738189697266,,
2540,1783432489.5113492,,,,,1.5103802680969238,1.2628061771392822,0.24757415056228638,1.5103802680969238,38.64924621582031,3.0668656826019287,2.5671651363372803,4.281118392944336,3.3321681022644043,0.3953031599521637,38.64924621582031,38.64924621582031,,
2545,1783432490.2327905,,,,,1.6557488441467285,1.3751598596572876,0.28058892488479614,1.6557488441467285,37.451473236083984,2.7587838172912598,2.5583391189575195,4.0590596199035645,3.2434186935424805,0.3895420730113983,37.451473236083984,37.451473236083984,,
2550,1783432490.9542565,,,,,1.767181158065796,1.4834924936294556,0.28368860483169556,1.767181158065796,34.39183044433594,2.721439838409424,2.512850761413574,3.4793968200683594,3.0120317935943604,0.35943737626075745,34.39183044433594,34.39183044433594,,
2555,1783432491.6746385,,,,,1.6926050186157227,1.4231069087982178,0.2694980800151825,1.6926050186157227,37.2192497253418,2.772048234939575,2.562859535217285,3.995939016342163,3.2914886474609375,0.384655237197876,37.2192497253418,37.2192497253418,,
2560,1783432492.3954473,,,,,1.6931028366088867,1.3755508661270142,0.31755197048187256,1.6931028366088867,35.69269561767578,2.712578296661377,2.4862797260284424,3.6871652603149414,3.073491334915161,0.3771671950817108,35.69269561767578,35.69269561767578,,
2565,1783432493.1156437,,,,,1.57145357131958,1.3382588624954224,0.23319464921951294,1.57145357131958,37.15977096557617,2.9155523777008057,2.530548334121704,3.9846410751342773,3.232980251312256,0.38396501541137695,37.15977096557617,37.15977096557617,,
2570,1783432493.8443458,,,,,1.5351403951644897,1.3104609251022339,0.22467947006225586,1.5351403951644897,36.991676330566406,3.0195374488830566,2.6245951652526855,3.9251351356506348,3.277181625366211,0.3765091001987457,36.991676330566406,36.991676330566406,,
2575,1783432494.5756898,,,,,1.4981898069381714,1.2866517305374146,0.21153806149959564,1.4981898069381714,37.70866394042969,2.8901004791259766,2.6081533432006836,4.091413497924805,3.37187123298645,0.38408541679382324,37.70866394042969,37.70866394042969,,
2580,1783432495.298465,,,,,1.7340641021728516,1.4901844263076782,0.24387972056865692,1.7340641021728516,35.09835433959961,2.6533150672912598,2.5998055934906006,3.5178184509277344,3.191413164138794,0.3650393486022949,35.09835433959961,35.09835433959961,,
2585,1783432496.022183,,,,,1.5765820741653442,1.3204975128173828,0.2560845911502838,1.5765820741653442,36.757869720458984,2.899557113647461,2.5612149238586426,3.9713850021362305,3.2870101928710938,0.3728956878185272,36.757869720458984,36.757869720458984,,
2590,1783432496.7548227,,,,,1.5434132814407349,1.3132964372634888,0.2301167994737625,1.5434132814407349,37.851295471191406,2.866286039352417,2.5343539714813232,4.193655967712402,3.292189359664917,0.3884214460849762,37.851295471191406,37.851295471191406,,
2595,1783432497.4858117,,,,,1.6510870456695557,1.400038719177246,0.2510482668876648,1.6510870456695557,35.57115173339844,2.7383275032043457,2.4860153198242188,3.740752696990967,3.1174042224884033,0.36956650018692017,35.57115173339844,35.57115173339844,,
2600,1783432498.217292,,,,,1.785002589225769,1.5284206867218018,0.2565819323062897,1.785002589225769,34.99797058105469,2.6045339107513428,2.508578300476074,3.445868968963623,3.0936760902404785,0.3734614849090576,34.99797058105469,34.99797058105469,,
2605,1783432498.9500952,,,,,1.5623135566711426,1.338860034942627,0.22345352172851562,1.5623135566711426,37.2689323425293,2.869394063949585,2.6412901878356934,4.0459513664245605,3.3479886054992676,0.3771193027496338,37.2689323425293,37.2689323425293,,
2610,1783432499.686279,,,,,1.6304363012313843,1.377943754196167,0.2524925172328949,1.6304363012313843,36.26485061645508,2.7381200790405273,2.6206445693969727,3.7083160877227783,3.24607253074646,0.3777179718017578,36.26485061645508,36.26485061645508,,
2615,1783432500.42179,,,,,1.6740021705627441,1.4354428052902222,0.2385593205690384,1.6740021705627441,35.650455474853516,2.692888021469116,2.557704210281372,3.6695804595947266,3.236353635787964,0.3686220645904541,35.650455474853516,35.650455474853516,,
2620,1783432501.15566,,,,,1.7694717645645142,1.4449659585952759,0.32450583577156067,1.7694717645645142,34.68086624145508,2.7643051147460938,2.387427568435669,3.561781406402588,2.968596935272217,0.3659639060497284,34.68086624145508,34.68086624145508,,
2625,1783432501.876292,,,,,1.6011807918548584,1.3651505708694458,0.2360302358865738,1.6011807918548584,36.80508041381836,2.9255669116973877,2.571434736251831,3.9228665828704834,3.265981435775757,0.37623071670532227,36.80508041381836,36.80508041381836,,
2630,1783432502.6077282,,,,,1.5825358629226685,1.3566060066223145,0.2259298413991928,1.5825358629226685,36.256065368652344,2.9239938259124756,2.599090099334717,3.6732699871063232,3.209796905517578,0.3770410716533661,36.256065368652344,36.256065368652344,,
2635,1783432503.3351812,,,,,1.59413480758667,1.3379641771316528,0.2561706602573395,1.59413480758667,36.44221496582031,2.899034023284912,2.6113152503967285,3.813838005065918,3.2404165267944336,0.37385234236717224,36.44221496582031,36.44221496582031,,
2640,1783432504.0663936,,,,,1.522250771522522,1.293631672859192,0.22861912846565247,1.522250771522522,37.58259963989258,2.988882064819336,2.6209235191345215,4.013510704040527,3.288550853729248,0.38597044348716736,37.58259963989258,37.58259963989258,,
2645,1783432504.7994993,,,,,1.7626776695251465,1.5069329738616943,0.25574466586112976,1.7626776695251465,34.1109619140625,2.759023427963257,2.618217945098877,3.270486354827881,3.0816915035247803,0.3562081754207611,34.1109619140625,34.1109619140625,,
2650,1783432505.5292077,,,,,1.7372816801071167,1.4918413162231445,0.24544036388397217,1.7372816801071167,35.97232437133789,2.805696964263916,2.5640950202941895,3.5749969482421875,3.1212310791015625,0.38244616985321045,35.97232437133789,35.97232437133789,,
2655,1783432506.266265,,,,,1.5588077306747437,1.3341281414031982,0.2246796041727066,1.5588077306747437,37.346439361572266,2.839170455932617,2.6106648445129395,4.081686019897461,3.3588337898254395,0.37812361121177673,37.346439361572266,37.346439361572266,,
2660,1783432507.0011036,,,,,1.6225028038024902,1.4003551006317139,0.22214765846729279,1.6225028038024902,37.14295959472656,2.9267091751098633,2.6227290630340576,3.933837890625,3.27536940574646,0.3816690742969513,37.14295959472656,37.14295959472656,,
2665,1783432507.7314284,,,,,1.5740668773651123,1.333192229270935,0.24087463319301605,1.5740668773651123,37.15656280517578,2.906564712524414,2.5277252197265625,3.798550605773926,3.253976583480835,0.3914937674999237,37.15656280517578,37.15656280517578,,
2670,1783432508.4668994,,,,,1.6617590188980103,1.3738075494766235,0.2879514992237091,1.6617590188980103,35.478981018066406,2.792229652404785,2.5129213333129883,3.6691627502441406,3.075068473815918,0.3707859218120575,35.478981018066406,35.478981018066406,,
2675,1783432509.1954777,,,,,1.616952896118164,1.325458288192749,0.2914946675300598,1.616952896118164,36.605377197265625,2.8554861545562744,2.55863881111145,3.936973810195923,3.229344367980957,0.3746359348297119,36.605377197265625,36.605377197265625,,
2680,1783432509.9329808,,,,,1.5916796922683716,1.332468867301941,0.2592107951641083,1.5916796922683716,36.892173767089844,2.8570656776428223,2.5860307216644287,3.8952322006225586,3.218499183654785,0.3827025592327118,36.892173767089844,36.892173767089844,,
2685,1783432510.6696908,,,,,1.6399022340774536,1.3792259693145752,0.26067623496055603,1.6399022340774536,36.119598388671875,2.970179319381714,2.5646355152130127,3.820708751678467,3.1826937198638916,0.3683994710445404,36.119598388671875,36.119598388671875,,
2690,1783432511.403401,,,,,1.6659009456634521,1.415583610534668,0.25031739473342896,1.6659009456634521,36.53632354736328,2.78463077545166,2.478832721710205,3.9083187580108643,3.205531358718872,0.37878137826919556,36.53632354736328,36.53632354736328,,
2695,1783432512.1363354,,,,,1.6611287593841553,1.4311915636062622,0.22993718087673187,1.6611287593841553,35.98909378051758,2.734238624572754,2.6047110557556152,3.7732648849487305,3.226191997528076,0.3700273036956787,35.98909378051758,35.98909378051758,,
2700,1783432512.8712854,,,,,1.600754976272583,1.3767868280410767,0.22396817803382874,1.600754976272583,36.6807861328125,2.835602045059204,2.5935165882110596,3.847407102584839,3.2440130710601807,0.37930724024772644,36.6807861328125,36.6807861328125,,
2705,1783432513.6090188,,,,,1.5981591939926147,1.3479893207550049,0.25016987323760986,1.5981591939926147,36.77663803100586,2.803638458251953,2.518723964691162,3.9718971252441406,3.2416298389434814,0.37838274240493774,36.77663803100586,36.77663803100586,,
2710,1783432514.3597934,,,,,1.612156867980957,1.405974268913269,0.2061825692653656,1.612156867980957,36.33784484863281,2.79506778717041,2.6100077629089355,3.7720534801483154,3.3014402389526367,0.3730173707008362,36.33784484863281,36.33784484863281,,
2715,1783432515.0875103,,,,,1.5631077289581299,1.3153927326202393,0.24771493673324585,1.5631077289581299,36.765316009521484,2.9818918704986572,2.5835180282592773,3.83795166015625,3.2446043491363525,0.3785509765148163,36.765316009521484,36.765316009521484,,
2720,1783432515.7988489,,,,,1.5315464735031128,1.3159139156341553,0.2156325876712799,1.5315464735031128,36.95341491699219,2.9348113536834717,2.542336940765381,4.041665554046631,3.258270263671875,0.3750309646129608,36.95341491699219,36.95341491699219,,
2725,1783432516.5130146,,,,,1.643843650817871,1.4131067991256714,0.23073680698871613,1.643843650817871,36.293617248535156,2.8171088695526123,2.578239679336548,3.798448085784912,3.2493631839752197,0.37339210510253906,36.293617248535156,36.293617248535156,,
2730,1783432517.220014,,,,,1.7010055780410767,1.4308035373687744,0.27020207047462463,1.7010055780410767,35.42506408691406,2.818117618560791,2.5103201866149902,3.663865327835083,3.162978172302246,0.36539870500564575,35.42506408691406,35.42506408691406,,
2730,1783432517.2231402,1.9860419300699585e-05,1.9860419300699585e-05,,,,,,,,,,,,,,,,
2730,1783432517.89979,,,,,,,,,,,,,,,,,0.36798436850309374,0.36798436850309374
2730,1783432519.2204337,,,1317.9738159999488,832.1025094985962,,,,,,,,,,,,,,
2730,1783432520.8635232,,,1636.6803900000377,832.1025094985962,,,,,,,,,,,,,,
2735,1783432521.678766,,,,,1.7407782077789307,1.476399540901184,0.26437869668006897,1.7407782077789307,35.13426208496094,2.664236545562744,2.5138680934906006,3.6030964851379395,3.137712001800537,0.36610087752342224,35.13426208496094,35.13426208496094,,
2740,1783432522.4078321,,,,,1.6079925298690796,1.3613981008529663,0.2465944141149521,1.6079925298690796,36.037654876708984,2.848979949951172,2.544048309326172,3.8011085987091064,3.2128469944000244,0.36926037073135376,36.037654876708984,36.037654876708984,,
2745,1783432523.1481392,,,,,1.5050408840179443,1.269716739654541,0.23532409965991974,1.5050408840179443,38.69003677368164,2.9359915256500244,2.5604465007781982,4.271294593811035,3.40901517868042,0.3962884545326233,38.69003677368164,38.69003677368164,,
2750,1783432523.8839095,,,,,1.6030577421188354,1.378147840499878,0.2249099165201187,1.6030577421188354,36.283966064453125,2.7553319931030273,2.580570697784424,3.808501720428467,3.2719521522521973,0.3730478882789612,36.283966064453125,36.283966064453125,,
2755,1783432524.6163008,,,,,1.5675735473632812,1.3408408164978027,0.22673267126083374,1.5675735473632812,36.13468551635742,2.9298973083496094,2.6102843284606934,3.682137966156006,3.2118828296661377,0.37347695231437683,36.13468551635742,36.13468551635742,,
2760,1783432525.3512502,,,,,1.6685682535171509,1.4293928146362305,0.23917542397975922,1.6685682535171509,37.36701583862305,2.8276824951171875,2.6198160648345947,3.9040286540985107,3.331101655960083,0.38776126503944397,37.36701583862305,37.36701583862305,,
2765,1783432526.0849383,,,,,1.70846688747406,1.4325708150863647,0.2758960723876953,1.70846688747406,35.18537902832031,2.6985673904418945,2.4816794395446777,3.5433297157287598,3.1295700073242188,0.37020736932754517,35.18537902832031,35.18537902832031,,
2770,1783432526.8097303,,,,,1.7040902376174927,1.4089579582214355,0.2951323091983795,1.7040902376174927,35.797157287597656,2.8668878078460693,2.4229090213775635,3.775826930999756,3.1387927532196045,0.37062492966651917,35.797157287597656,35.797157287597656,,
2775,1783432527.5410795,,,,,1.6062407493591309,1.3493595123291016,0.2568812370300293,1.6062407493591309,36.55293273925781,2.813837766647339,2.636105537414551,3.9878318309783936,3.2760534286499023,0.3683382272720337,36.55293273925781,36.55293273925781,,
2780,1783432528.2718856,,,,,1.6688165664672852,1.4424196481704712,0.22639691829681396,1.6688165664672852,35.92216491699219,2.702364683151245,2.5681705474853516,3.757213592529297,3.231201171875,0.37055107951164246,35.92216491699219,35.92216491699219,,
2785,1783432529.0119174,,,,,1.5482454299926758,1.2768902778625488,0.27135521173477173,1.5482454299926758,38.075706481933594,2.9351587295532227,2.5673208236694336,4.19573450088501,3.2995572090148926,0.3907254636287689,38.075706481933594,38.075706481933594,,
2790,1783432529.7570996,,,,,1.556063175201416,1.332547903060913,0.22351522743701935,1.556063175201416,37.263710021972656,2.9145538806915283,2.5255861282348633,4.099310398101807,3.2676310539245605,0.37977081537246704,37.263710021972656,37.263710021972656,,
2795,1783432530.5428991,,,,,1.598732352256775,1.3296055793762207,0.2691267728805542,1.598732352256775,36.36078643798828,2.881031036376953,2.468991279602051,3.8184237480163574,3.155585527420044,0.37917208671569824,36.36078643798828,36.36078643798828,,
2800,1783432531.3645833,,,,,1.6519556045532227,1.4072961807250977,0.24465937912464142,1.6519556045532227,35.25376510620117,2.673177719116211,2.5101704597473145,3.599233865737915,3.1530814170837402,0.36812856793403625,35.25376510620117,35.25376510620117,,
2805,1783432532.1600053,,,,,1.7360512018203735,1.4109851121902466,0.32506611943244934,1.7360512018203735,35.238765716552734,2.719184160232544,2.5242862701416016,3.6619462966918945,3.116239547729492,0.3653094470500946,35.238765716552734,35.238765716552734,,
2810,1783432532.891593,,,,,1.6597868204116821,1.4204168319702148,0.23936998844146729,1.6597868204116821,36.303035736083984,2.7165493965148926,2.5526819229125977,3.8674416542053223,3.2234554290771484,0.3744891583919525,36.303035736083984,36.303035736083984,,
2815,1783432533.6284654,,,,,1.5717052221298218,1.3406598567962646,0.23104538023471832,1.5717052221298218,37.219749450683594,2.865825653076172,2.5181357860565186,4.0072221755981445,3.261925220489502,0.3843887746334076,37.219749450683594,37.219749450683594,,
2820,1783432534.3583503,,,,,1.5554864406585693,1.3419923782348633,0.21349406242370605,1.5554864406585693,37.085548400878906,2.9156248569488525,2.581143856048584,3.969831705093384,3.297762870788574,0.378968745470047,37.085548400878906,37.085548400878906,,
2825,1783432535.092532,,,,,1.5480923652648926,1.3148589134216309,0.2332335114479065,1.5480923652648926,36.9152946472168,2.7864670753479004,2.5277156829833984,3.9239726066589355,3.269725799560547,0.3825269937515259,36.9152946472168,36.9152946472168,,
2830,1783432535.8278332,,,,,1.6516849994659424,1.3913154602050781,0.2603694796562195,1.6516849994659424,36.08318328857422,2.84706449508667,2.4650912284851074,3.76005220413208,3.1264936923980713,0.37773188948631287,36.08318328857422,36.08318328857422,,
2835,1783432536.5597897,,,,,1.5384025573730469,1.2887424230575562,0.24966008961200714,1.5384025573730469,36.73102569580078,2.8662028312683105,2.571326494216919,3.9571549892425537,3.182765007019043,0.3780812621116638,36.73102569580078,36.73102569580078,,
2840,1783432537.2943454,,,,,1.5847443342208862,1.3483110666275024,0.2364332526922226,1.5847443342208862,36.8881721496582,2.905515193939209,2.493976593017578,3.9318153858184814,3.2586209774017334,0.3801734745502472,36.8881721496582,36.8881721496582,,
2845,1783432538.024087,,,,,1.6025060415267944,1.3888746500015259,0.21363137662410736,1.6025060415267944,36.232425689697266,2.8743536472320557,2.553839683532715,3.8672213554382324,3.291372537612915,0.3663787841796875,36.232425689697266,36.232425689697266,,
2850,1783432538.8574898,,,,,1.6473056077957153,1.4076021909713745,0.23970340192317963,1.6473056077957153,36.264869689941406,2.8137898445129395,2.492464542388916,3.7649710178375244,3.1792104244232178,0.37933894991874695,36.264869689941406,36.264869689941406,,
2855,1783432539.6917655,,,,,1.6423190832138062,1.339733600616455,0.3025854527950287,1.6423190832138062,36.40361785888672,2.9450418949127197,2.5407516956329346,3.8667731285095215,3.1069812774658203,0.37711814045906067,36.40361785888672,36.40361785888672,,
2860,1783432540.431461,,,,,1.5678155422210693,1.3223000764846802,0.24551545083522797,1.5678155422210693,37.02267837524414,2.807554244995117,2.6485848426818848,4.021420955657959,3.2434263229370117,0.37859657406806946,37.02267837524414,37.02267837524414,,
2865,1783432541.187316,,,,,1.7371931076049805,1.4754530191421509,0.2617400884628296,1.7371931076049805,34.615966796875,2.7212915420532227,2.5403637886047363,3.355518102645874,3.0727295875549316,0.36661815643310547,34.615966796875,34.615966796875,,
2870,1783432541.9294147,,,,,1.6281605958938599,1.3519806861877441,0.2761799395084381,1.6281605958938599,36.971717834472656,2.9476799964904785,2.527174234390259,3.8883540630340576,3.210489273071289,0.38442617654800415,36.971717834472656,36.971717834472656,,
2875,1783432542.6652098,,,,,1.5439960956573486,1.2917752265930176,0.2522208094596863,1.5439960956573486,36.71161651611328,2.8358242511749268,2.510263442993164,4.008220195770264,3.229673385620117,0.37532761693000793,36.71161651611328,36.71161651611328,,
2880,1783432543.4045587,,,,,1.6019701957702637,1.3469665050506592,0.25500375032424927,1.6019701957702637,36.76691436767578,2.8569085597991943,2.539186477661133,3.8734817504882812,3.202789783477783,0.38262835144996643,36.76691436767578,36.76691436767578,,
2885,1783432544.146378,,,,,1.7501963376998901,1.474605679512024,0.2755906581878662,1.7501963376998901,36.054779052734375,2.732710123062134,2.552628755569458,3.642031669616699,3.2606797218322754,0.3769781291484833,36.054779052734375,36.054779052734375,,
2890,1783432544.8880115,,,,,1.6344200372695923,1.3718088865280151,0.26261112093925476,1.6344200372695923,36.85869598388672,2.7628862857818604,2.585212469100952,3.928133249282837,3.2508444786071777,0.38116979598999023,36.85869598388672,36.85869598388672,,
2895,1783432545.6279519,,,,,1.514904260635376,1.3079899549484253,0.20691435039043427,1.514904260635376,38.564640045166016,3.079885482788086,2.6447439193725586,4.052600383758545,3.430886745452881,0.39717862010002136,38.564640045166016,38.564640045166016,,
2900,1783432546.3653657,,,,,1.5849685668945312,1.3594920635223389,0.22547650337219238,1.5849685668945312,37.59010314941406,2.900235176086426,2.6154184341430664,4.037775039672852,3.390434741973877,0.38262295722961426,37.59010314941406,37.59010314941406,,
2905,1783432547.103035,,,,,1.5636277198791504,1.3604933023452759,0.2031344324350357,1.5636277198791504,37.536922454833984,2.7982616424560547,2.6311473846435547,4.023842811584473,3.3655202388763428,0.38508421182632446,37.536922454833984,37.536922454833984,,
2910,1783432547.838516,,,,,1.6085983514785767,1.3986942768096924,0.2099040448665619,1.6085983514785767,36.520423889160156,2.7523303031921387,2.6304993629455566,3.929090976715088,3.3048510551452637,0.37043794989585876,36.520423889160156,36.520423889160156,,
2915,1783432548.5704844,,,,,1.610398292541504,1.3221791982650757,0.288219153881073,1.610398292541504,37.89036560058594,2.924137592315674,2.543086528778076,4.2493205070495605,3.305934190750122,0.38472509384155273,37.89036560058594,37.89036560058594,,
2920,1783432549.305325,,,,,1.5476986169815063,1.3047895431518555,0.24290911853313446,1.5476986169815063,38.1810302734375,2.9266161918640137,2.627936840057373,4.18241024017334,3.3702006340026855,0.3893612325191498,38.1810302734375,38.1810302734375,,
2925,1783432550.0438173,,,,,1.590319037437439,1.3510327339172363,0.23928627371788025,1.590319037437439,36.8689079284668,2.8452532291412354,2.625779628753662,3.9451003074645996,3.2667839527130127,0.3772023320198059,36.8689079284668,36.8689079284668,,
2930,1783432550.7781887,,,,,1.6279611587524414,1.3513541221618652,0.2766070067882538,1.6279611587524414,36.11527633666992,2.809483528137207,2.499497175216675,3.8860549926757812,3.165606737136841,0.37117716670036316,36.11527633666992,36.11527633666992,,
2935,1783432551.6900835,,,,,1.6344120502471924,1.3763999938964844,0.2580121159553528,1.6344120502471924,35.893592834472656,2.83769154548645,2.5509870052337646,3.7115492820739746,3.1538941860198975,0.37275615334510803,35.893592834472656,35.893592834472656,,
2940,1783432552.5208995,,,,,1.5668038129806519,1.3172247409820557,0.249579057097435,1.5668038129806519,37.37343978881836,2.8920607566833496,2.6088874340057373,4.025214672088623,3.3135619163513184,0.38210973143577576,37.37343978881836,37.37343978881836,,
2945,1783432553.2908566,,,,,1.6205737590789795,1.3444455862045288,0.2761281728744507,1.6205737590789795,37.184356689453125,2.873469352722168,2.5267529487609863,4.012251853942871,3.2404892444610596,0.38397011160850525,37.184356689453125,37.184356689453125,,
2950,1783432554.0275023,,,,,1.6800583600997925,1.3686176538467407,0.31144073605537415,1.6800583600997925,35.54124450683594,2.9237890243530273,2.4299511909484863,3.6379222869873047,3.037465810775757,0.37414953112602234,35.54124450683594,35.54124450683594,,
2955,1783432554.8636901,,,,,1.5813274383544922,1.3326377868652344,0.24868960678577423,1.5813274383544922,36.43273162841797,2.8743338584899902,2.5129683017730713,3.895188331604004,3.2624142169952393,0.3717827796936035,36.43273162841797,36.43273162841797,,
2960,1783432555.89069,,,,,1.659262776374817,1.3725296258926392,0.2867331802845001,1.659262776374817,36.440067291259766,2.900120735168457,2.503810405731201,3.9173991680145264,3.1501662731170654,0.3755779266357422,36.440067291259766,36.440067291259766,,
2965,1783432557.1243875,,,,,1.6215547323226929,1.3755158185958862,0.24603892862796783,1.6215547323226929,36.61720657348633,2.7568280696868896,2.5436277389526367,3.8736186027526855,3.190999984741211,0.3819446861743927,36.61720657348633,36.61720657348633,,
2970,1783432557.9757357,,,,,1.6376087665557861,1.3637226819992065,0.2738860249519348,1.6376087665557861,36.9908332824707,2.979480743408203,2.647858142852783,3.8650314807891846,3.219456672668457,0.382100373506546,36.9908332824707,36.9908332824707,,
2975,1783432558.7454016,,,,,1.8021106719970703,1.5005464553833008,0.3015642762184143,1.8021106719970703,34.04730987548828,2.589916229248047,2.544217824935913,3.430158853530884,3.003798246383667,0.35656142234802246,34.04730987548828,34.04730987548828,,
2980,1783432559.4740555,,,,,1.7151029109954834,1.4466062784194946,0.26849663257598877,1.7151029109954834,36.022972106933594,2.8884835243225098,2.4808497428894043,3.683974266052246,3.200582504272461,0.3752117156982422,36.022972106933594,36.022972106933594,,
2985,1783432560.1990774,,,,,1.6427881717681885,1.376000165939331,0.2667880356311798,1.6427881717681885,35.54383850097656,2.771470308303833,2.5389113426208496,3.5775210857391357,3.140813112258911,0.3732619881629944,35.54383850097656,35.54383850097656,,
2990,1783432560.9266186,,,,,1.7365788221359253,1.4838331937789917,0.252745658159256,1.7365788221359253,36.19221878051758,2.831103563308716,2.5900895595550537,3.6262869834899902,3.2042627334594727,0.3802206218242645,36.19221878051758,36.19221878051758,,
2995,1783432561.6709862,,,,,1.6782982349395752,1.4253206253051758,0.25297755002975464,1.6782982349395752,35.833499908447266,2.7738630771636963,2.602108955383301,3.857301950454712,3.2065060138702393,0.362886905670166,35.833499908447266,35.833499908447266,,
3000,1783432562.4133718,,,,,1.6050422191619873,1.3600711822509766,0.24497099220752716,1.6050422191619873,36.72097396850586,2.874542236328125,2.5357179641723633,3.996459484100342,3.207432270050049,0.37562063336372375,36.72097396850586,36.72097396850586,,
3005,1783432563.1681352,,,,,1.6970652341842651,1.4047495126724243,0.2923157215118408,1.6970652341842651,36.63310623168945,2.829265832901001,2.541233539581299,3.814850330352783,3.1603317260742188,0.3847164809703827,36.63310623168945,36.63310623168945,,
3010,1783432563.9139862,,,,,1.6518231630325317,1.3897607326507568,0.2620624005794525,1.6518231630325317,35.65049743652344,2.6870434284210205,2.5604934692382812,3.6910457611083984,3.161346435546875,0.37107062339782715,35.65049743652344,35.65049743652344,,
3015,1783432564.6588027,,,,,1.4534088373184204,1.246975064277649,0.20643381774425507,1.4534088373184204,37.94173812866211,3.0684616565704346,2.6898915767669678,4.1265482902526855,3.3522582054138184,0.38279491662979126,37.94173812866211,37.94173812866211,,
3020,1783432565.4017699,,,,,1.6622753143310547,1.3757933378219604,0.28648197650909424,1.6622753143310547,36.58464813232422,2.8021271228790283,2.5921545028686523,3.8747878074645996,3.207575798034668,0.37834760546684265,36.58464813232422,36.58464813232422,,
3025,1783432566.145689,,,,,1.5472134351730347,1.303322434425354,0.24389104545116425,1.5472134351730347,36.86030197143555,2.804229259490967,2.5255560874938965,3.9701075553894043,3.282150983810425,0.37835556268692017,36.86030197143555,36.86030197143555,,
3030,1783432566.886945,,,,,1.5765961408615112,1.3578296899795532,0.21876643598079681,1.5765961408615112,37.057037353515625,2.928680419921875,2.5472888946533203,4.046966075897217,3.2719292640686035,0.37651729583740234,37.057037353515625,37.057037353515625,,
3035,1783432567.624559,,,,,1.630629062652588,1.3739948272705078,0.25663429498672485,1.630629062652588,36.17414093017578,2.7995259761810303,2.5877490043640137,3.8880436420440674,3.1692748069763184,0.37049397826194763,36.17414093017578,36.17414093017578,,
3040,1783432568.3699152,,,,,1.6270778179168701,1.3690675497055054,0.25801026821136475,1.6270778179168701,37.12770462036133,2.899164915084839,2.563349485397339,3.9177517890930176,3.2580606937408447,0.38474592566490173,37.12770462036133,37.12770462036133,,
3045,1783432569.1239347,,,,,1.521457314491272,1.2970572710037231,0.22440004348754883,1.521457314491272,38.02555465698242,2.951038360595703,2.5587456226348877,4.336517810821533,3.3677735328674316,0.3801597058773041,38.02555465698242,38.02555465698242,,
3050,1783432569.8691242,,,,,1.5748114585876465,1.3311461210250854,0.24366535246372223,1.5748114585876465,37.17498779296875,2.9028539657592773,2.630999803543091,3.849071979522705,3.2276227474212646,0.3886166214942932,37.17498779296875,37.17498779296875,,
3055,1783432570.6082506,,,,,1.6138355731964111,1.3771061897277832,0.23672935366630554,1.6138355731964111,37.526527404785156,2.905186176300049,2.5921525955200195,4.169772148132324,3.2987773418426514,0.3798242211341858,37.526527404785156,37.526527404785156,,
3060,1783432571.3482115,,,,,1.69015371799469,1.4307674169540405,0.2593863308429718,1.69015371799469,36.20978927612305,2.8150548934936523,2.5406534671783447,3.801882743835449,3.1892709732055664,0.3749283254146576,36.20978927612305,36.20978927612305,,
3065,1783432572.087231,,,,,1.7916525602340698,1.4288322925567627,0.36282023787498474,1.7916525602340698,35.21418380737305,2.727142095565796,2.374396324157715,3.5642263889312744,2.9724245071411133,0.37865209579467773,35.21418380737305,35.21418380737305,,
3070,1783432572.8298876,,,,,1.5758888721466064,1.3160302639007568,0.259858638048172,1.5758888721466064,36.32917785644531,2.813093662261963,2.502206563949585,3.877983570098877,3.212390899658203,0.37406954169273376,36.32917785644531,36.32917785644531,,
3075,1783432573.5669813,,,,,1.6237510442733765,1.396414041519165,0.227337047457695,1.6237510442733765,37.1834831237793,2.8782286643981934,2.511977195739746,4.056210517883301,3.340904951095581,0.3777565658092499,37.1834831237793,37.1834831237793,,
3080,1783432574.2995696,,,,,1.6197502613067627,1.3463807106018066,0.2733694911003113,1.6197502613067627,36.870758056640625,2.8056235313415527,2.5993149280548096,3.891281843185425,3.2061333656311035,0.38379979133605957,36.870758056640625,36.870758056640625,,
3085,1783432575.0319648,,,,,1.7095863819122314,1.470391035079956,0.2391953021287918,1.7095863819122314,34.83686065673828,2.6408374309539795,2.630880355834961,3.426464557647705,3.1803789138793945,0.36336570978164673,34.83686065673828,34.83686065673828,,
3090,1783432575.765811,,,,,1.6173717975616455,1.3668462038040161,0.2505256235599518,1.6173717975616455,36.73170852661133,2.895766496658325,2.5462489128112793,3.8749351501464844,3.2404637336730957,0.37908655405044556,36.73170852661133,36.73170852661133,,
3095,1783432576.4970875,,,,,1.6233065128326416,1.3678737878799438,0.25543275475502014,1.6233065128326416,36.43395233154297,2.8265318870544434,2.5323872566223145,3.90692400932312,3.190429925918579,0.37511834502220154,36.43395233154297,36.43395233154297,,
3100,1783432577.2229724,,,,,1.7353317737579346,1.4585752487182617,0.27675655484199524,1.7353317737579346,35.442787170410156,2.9039645195007324,2.6020712852478027,3.535841941833496,3.1063411235809326,0.3700529634952545,35.442787170410156,35.442787170410156,,
3105,1783432577.942611,,,,,1.6104816198349,1.343051791191101,0.26742979884147644,1.6104816198349,36.890628814697266,2.7605552673339844,2.6343698501586914,4.042806625366211,3.2580060958862305,0.37542399764060974,36.890628814697266,36.890628814697266,,
3110,1783432578.6569335,,,,,1.5884425640106201,1.3385268449783325,0.2499157041311264,1.5884425640106201,36.199623107910156,3.0183351039886475,2.514968156814575,3.8620362281799316,3.2165915966033936,0.36686810851097107,36.199623107910156,36.199623107910156,,
3115,1783432579.3652902,,,,,1.6295554637908936,1.3647359609603882,0.26481956243515015,1.6295554637908936,37.173500061035156,2.692147731781006,2.628753900527954,4.113974571228027,3.2299485206604004,0.3814389407634735,37.173500061035156,37.173500061035156,,
3120,1783432580.078916,,,,,1.5703338384628296,1.323071837425232,0.24726203083992004,1.5703338384628296,37.15843963623047,2.9432427883148193,2.6323394775390625,3.9059784412384033,3.298166275024414,0.38165706396102905,37.15843963623047,37.15843963623047,,
3120,1783432580.0819578,1.9840558881398886e-05,1.9840558881398886e-05,,,,,,,,,,,,,,,,
3120,1783432580.7350464,,,,,,,,,,,,,,,,,0.36753379344940185,0.36753379344940185
3120,1783432582.3460305,,,1608.0858299999363,832.1025094985962,,,,,,,,,,,,,,
3120,1783432583.7129483,,,1359.374058999947,832.1025094985962,,,,,,,,,,,,,,
3125,1783432584.5018282,,,,,1.5800180435180664,1.3228263854980469,0.2571916878223419,1.5800180435180664,36.851051330566406,2.841019630432129,2.6115505695343018,3.9846577644348145,3.2961742877960205,0.37415146827697754,36.851051330566406,36.851051330566406,,
3130,1783432585.2342572,,,,,1.5721845626831055,1.3358590602874756,0.23632556200027466,1.5721845626831055,37.68984603881836,2.8511977195739746,2.568025588989258,4.068777084350586,3.3135948181152344,0.38901957869529724,37.68984603881836,37.68984603881836,,
3135,1783432585.9644275,,,,,1.6782045364379883,1.4247496128082275,0.25345492362976074,1.6782045364379883,35.975704193115234,2.7394356727600098,2.5711231231689453,3.8222928047180176,3.232970714569092,0.3678804337978363,35.975704193115234,35.975704193115234,,
3140,1783432586.691666,,,,,1.5672619342803955,1.3142255544662476,0.2530364394187927,1.5672619342803955,36.86797332763672,3.0201926231384277,2.5962488651275635,3.8301444053649902,3.213408946990967,0.3814316391944885,36.86797332763672,36.86797332763672,,
3145,1783432587.4246008,,,,,1.6370354890823364,1.3645920753479004,0.27244338393211365,1.6370354890823364,35.46802520751953,2.864846706390381,2.6355905532836914,3.7009572982788086,3.1042070388793945,0.3634946346282959,35.46802520751953,35.46802520751953,,
3150,1783432588.1552913,,,,,1.5687553882598877,1.353511095046997,0.21524423360824585,1.5687553882598877,36.408592224121094,2.856013774871826,2.524413585662842,3.800318479537964,3.243885040283203,0.37643906474113464,36.408592224121094,36.408592224121094,,
3155,1783432588.8937674,,,,,1.5882543325424194,1.3424735069274902,0.24578078091144562,1.5882543325424194,37.28504943847656,2.890026330947876,2.5351433753967285,3.9761946201324463,3.2790744304656982,0.3855409026145935,37.28504943847656,37.28504943847656,,
3160,1783432589.639586,,,,,1.7240855693817139,1.4509695768356323,0.27311596274375916,1.7240855693817139,35.55400848388672,2.699479103088379,2.5765066146850586,3.6511683464050293,3.1399085521698,0.3710193336009979,35.55400848388672,35.55400848388672,,
3165,1783432590.5755353,,,,,1.675697922706604,1.4145722389221191,0.26112568378448486,1.675697922706604,36.64912414550781,2.8903462886810303,2.5002975463867188,3.8268074989318848,3.2702255249023438,0.3792091906070709,36.64912414550781,36.64912414550781,,
3170,1783432591.3356867,,,,,1.5822432041168213,1.2711772918701172,0.3110659718513489,1.5822432041168213,37.483192443847656,2.9155914783477783,2.481142044067383,4.201714038848877,3.1984004974365234,0.38413843512535095,37.483192443847656,37.483192443847656,,
3175,1783432592.0723166,,,,,1.5567539930343628,1.3187816143035889,0.23797236382961273,1.5567539930343628,36.52028274536133,2.7924728393554688,2.564818859100342,3.8718323707580566,3.21683931350708,0.3774588108062744,36.52028274536133,36.52028274536133,,
3180,1783432592.8023214,,,,,1.6814649105072021,1.4411932229995728,0.2402716428041458,1.6814649105072021,36.87275695800781,2.865323543548584,2.593350887298584,3.804412841796875,3.2201285362243652,0.3858889043331146,36.87275695800781,36.87275695800781,,
3185,1783432593.5414777,,,,,1.6211483478546143,1.367553472518921,0.25359490513801575,1.6211483478546143,36.621177673339844,2.706904411315918,2.502453088760376,4.036656856536865,3.222864866256714,0.3753950893878937,36.621177673339844,36.621177673339844,,
3190,1783432594.2729867,,,,,1.6566176414489746,1.3923624753952026,0.2642551362514496,1.6566176414489746,35.83223342895508,2.8280205726623535,2.51053786277771,3.7215824127197266,3.136383533477783,0.37283870577812195,35.83223342895508,35.83223342895508,,
3195,1783432595.0050647,,,,,1.6892882585525513,1.398452639579773,0.29083558917045593,1.6892882585525513,36.20681381225586,2.7965331077575684,2.486675262451172,3.8302080631256104,3.1786770820617676,0.3756852149963379,36.20681381225586,36.20681381225586,,
3200,1783432595.7364113,,,,,1.6569099426269531,1.3743809461593628,0.2825290262699127,1.6569099426269531,36.053279876708984,2.687608242034912,2.4295568466186523,3.860107183456421,3.1525120735168457,0.37579724192619324,36.053279876708984,36.053279876708984,,
3205,1783432596.471426,,,,,1.582354187965393,1.347088098526001,0.2352660745382309,1.582354187965393,37.60533905029297,2.9820308685302734,2.6265172958374023,3.9395251274108887,3.3024368286132812,0.3891748785972595,37.60533905029297,37.60533905029297,,
3210,1783432597.2047698,,,,,1.539458155632019,1.3013635873794556,0.23809459805488586,1.539458155632019,38.22043991088867,2.8943161964416504,2.672347068786621,4.063708782196045,3.34602689743042,0.3963179588317871,38.22043991088867,38.22043991088867,,
3215,1783432597.947359,,,,,1.6369411945343018,1.4058765172958374,0.23106469213962555,1.6369411945343018,36.640071868896484,2.777770519256592,2.54616117477417,3.938162326812744,3.2726218700408936,0.3754349648952484,36.640071868896484,36.640071868896484,,
3220,1783432598.6867933,,,,,1.6406906843185425,1.3533825874328613,0.28730809688568115,1.6406906843185425,36.52305603027344,2.817185401916504,2.486344575881958,3.9523651599884033,3.119941234588623,0.3794424533843994,36.52305603027344,36.52305603027344,,
3225,1783432599.4164176,,,,,1.6132524013519287,1.3697186708450317,0.24353379011154175,1.6132524013519287,36.06214141845703,2.8724403381347656,2.568626880645752,3.7225170135498047,3.1798787117004395,0.3736951947212219,36.06214141845703,36.06214141845703,,
3230,1783432600.1514304,,,,,1.5753200054168701,1.340578556060791,0.23474138975143433,1.5753200054168701,36.19501495361328,2.899742603302002,2.484713077545166,3.890634775161743,3.260817050933838,0.3668367564678192,36.19501495361328,36.19501495361328,,
3235,1783432600.8844635,,,,,1.6855651140213013,1.396379828453064,0.2891852557659149,1.6855651140213013,35.152587890625,2.7579472064971924,2.474886894226074,3.692495584487915,3.0376648902893066,0.36576518416404724,35.152587890625,35.152587890625,,
3240,1783432601.6239495,,,,,1.6363508701324463,1.3925424814224243,0.24380844831466675,1.6363508701324463,36.37069320678711,2.821133613586426,2.5542378425598145,3.8303420543670654,3.2554168701171875,0.3738623261451721,36.37069320678711,36.37069320678711,,
3245,1783432602.3611305,,,,,1.5968449115753174,1.3464019298553467,0.2504430413246155,1.5968449115753174,36.338844299316406,2.834561586380005,2.5755081176757812,3.9063589572906494,3.1456799507141113,0.37388211488723755,36.338844299316406,36.338844299316406,,
3250,1783432603.0975378,,,,,1.5715786218643188,1.3802706003189087,0.19130797684192657,1.5715786218643188,37.090301513671875,2.823871612548828,2.6728615760803223,3.998192310333252,3.3719418048858643,0.3745177388191223,37.090301513671875,37.090301513671875,,
3255,1783432603.8283162,,,,,1.7007945775985718,1.439673662185669,0.2611209452152252,1.7007945775985718,36.738887786865234,2.8578314781188965,2.584885358810425,3.7739288806915283,3.238673686981201,0.3837992250919342,36.738887786865234,36.738887786865234,,
3260,1783432604.5623202,,,,,1.5778759717941284,1.3390722274780273,0.23880378901958466,1.5778759717941284,36.3223876953125,2.796475887298584,2.5233566761016846,3.831636428833008,3.2039377689361572,0.3762534558773041,36.3223876953125,36.3223876953125,,
3265,1783432605.3042986,,,,,1.8178362846374512,1.4786255359649658,0.3392108082771301,1.8178362846374512,34.52207946777344,2.6823573112487793,2.456660032272339,3.564242362976074,2.975846767425537,0.36228638887405396,34.52207946777344,34.52207946777344,,
3270,1783432606.0742872,,,,,1.835843801498413,1.5347204208374023,0.30112341046333313,1.835843801498413,34.18773651123047,2.748122453689575,2.4727957248687744,3.4410834312438965,3.0158185958862305,0.35673364996910095,34.18773651123047,34.18773651123047,,
3275,1783432606.816095,,,,,1.7104674577713013,1.403260588645935,0.3072068393230438,1.7104674577713013,35.781185150146484,2.72756290435791,2.500096321105957,3.7416954040527344,3.1201717853546143,0.3739953637123108,35.781185150146484,35.781185150146484,,
3280,1783432607.5577137,,,,,1.6302863359451294,1.3091872930526733,0.32109901309013367,1.6302863359451294,37.13093566894531,2.959949016571045,2.4828269481658936,3.9870166778564453,3.150618553161621,0.3869531452655792,37.13093566894531,37.13093566894531,,
3285,1783432608.2904427,,,,,1.6154236793518066,1.3689740896224976,0.2464495748281479,1.6154236793518066,36.71488952636719,2.801483631134033,2.62899112701416,3.8256232738494873,3.274421215057373,0.3796517252922058,36.71488952636719,36.71488952636719,,
3290,1783432609.0324545,,,,,1.5876473188400269,1.3448209762573242,0.24282634258270264,1.5876473188400269,36.50819396972656,2.8109214305877686,2.6017823219299316,3.8958077430725098,3.2294254302978516,0.37433385848999023,36.50819396972656,36.50819396972656,,
3295,1783432609.7636552,,,,,1.6794424057006836,1.4385181665420532,0.2409241944551468,1.6794424057006836,35.69834518432617,2.7128708362579346,2.6076738834381104,3.689321279525757,3.1657660007476807,0.3703916668891907,35.69834518432617,35.69834518432617,,
3300,1783432610.7350314,,,,,1.7472456693649292,1.4970020055770874,0.2502436637878418,1.7472456693649292,35.134559631347656,2.7402937412261963,2.48103666305542,3.683460235595703,3.1654956340789795,0.36034032702445984,35.134559631347656,35.134559631347656,,
3305,1783432611.5968623,,,,,1.7399015426635742,1.4596275091171265,0.280273973941803,1.7399015426635742,35.21585464477539,2.7489848136901855,2.4723615646362305,3.666740894317627,3.1208431720733643,0.3648742139339447,35.21585464477539,35.21585464477539,,
3310,1783432612.5197158,,,,,1.5411970615386963,1.3105324506759644,0.23066462576389313,1.5411970615386963,38.006446838378906,3.2568397521972656,2.6025352478027344,4.004798889160156,3.285783529281616,0.3903534710407257,38.006446838378906,38.006446838378906,,
3315,1783432613.4415047,,,,,1.5758607387542725,1.3629348278045654,0.21292588114738464,1.5758607387542725,36.855648040771484,2.862499952316284,2.659172534942627,3.865159034729004,3.2551844120025635,0.379850834608078,36.855648040771484,36.855648040771484,,
3320,1783432614.3282907,,,,,1.7892078161239624,1.5028200149536133,0.2863878011703491,1.7892078161239624,34.71706008911133,2.8531322479248047,2.4319961071014404,3.4682822227478027,3.079434871673584,0.3630332946777344,34.71706008911133,34.71706008911133,,
3325,1783432615.070475,,,,,1.6281969547271729,1.3681327104568481,0.2600642740726471,1.6281969547271729,36.319732666015625,2.6302144527435303,2.590545415878296,3.9731638431549072,3.1834604740142822,0.3730160892009735,36.319732666015625,36.319732666015625,,
3330,1783432615.803956,,,,,1.6467554569244385,1.3927183151245117,0.254037082195282,1.6467554569244385,35.73790740966797,2.716247797012329,2.4858150482177734,3.7929458618164062,3.2325611114501953,0.36632952094078064,35.73790740966797,35.73790740966797,,
3335,1783432616.5343568,,,,,1.6733298301696777,1.3736191987991333,0.29971063137054443,1.6733298301696777,36.385902404785156,2.716535806655884,2.542088031768799,3.871828556060791,3.152038097381592,0.3795454502105713,36.385902404785156,36.385902404785156,,
3340,1783432617.2652643,,,,,1.6266015768051147,1.3548798561096191,0.2717217206954956,1.6266015768051147,37.6503791809082,2.856316328048706,2.5984609127044678,4.079608917236328,3.324301242828369,0.3863951861858368,37.6503791809082,37.6503791809082,,
3345,1783432617.997751,,,,,1.7592568397521973,1.4611519575119019,0.2981048822402954,1.7592568397521973,35.539432525634766,2.7118515968322754,2.4718666076660156,3.7101054191589355,3.0873382091522217,0.37246283888816833,35.539432525634766,35.539432525634766,,
3350,1783432618.7395778,,,,,1.7357796430587769,1.4716066122055054,0.2641730308532715,1.7357796430587769,35.207298278808594,2.7021238803863525,2.5080761909484863,3.537569522857666,3.0979669094085693,0.37168946862220764,35.207298278808594,35.207298278808594,,
3355,1783432619.4673686,,,,,1.6134884357452393,1.2963165044784546,0.31717196106910706,1.6134884357452393,37.23160934448242,3.0632667541503906,2.494933605194092,4.140334606170654,3.1490859985351562,0.3798792362213135,37.23160934448242,37.23160934448242,,
3360,1783432620.1913986,,,,,1.7491724491119385,1.4588767290115356,0.29029569029808044,1.7491724491119385,36.78181457519531,2.6600706577301025,2.5443851947784424,3.7802364826202393,3.1803040504455566,0.39236170053482056,36.78181457519531,36.78181457519531,,
3365,1783432620.914657,,,,,1.6730930805206299,1.416845440864563,0.2562476098537445,1.6730930805206299,35.46725845336914,2.762491464614868,2.4393372535705566,3.671863555908203,3.2155745029449463,0.3664567172527313,35.46725845336914,35.46725845336914,,
3370,1783432621.6315532,,,,,1.5751146078109741,1.3088688850402832,0.2662457525730133,1.5751146078109741,36.8400993347168,2.8370444774627686,2.598235607147217,3.992525100708008,3.2461905479431152,0.37616416811943054,36.8400993347168,36.8400993347168,,
3375,1783432622.3708377,,,,,1.461708664894104,1.2538487911224365,0.2078598439693451,1.461708664894104,37.48542785644531,2.864771842956543,2.552432060241699,4.0497565269470215,3.3375725746154785,0.38430142402648926,37.48542785644531,37.48542785644531,,
3380,1783432623.1197913,,,,,1.5891402959823608,1.3111834526062012,0.27795684337615967,1.5891402959823608,36.88462448120117,2.8717870712280273,2.556478977203369,4.012991428375244,3.1818363666534424,0.37926003336906433,36.88462448120117,36.88462448120117,,
3385,1783432623.8554094,,,,,1.590980887413025,1.3487669229507446,0.24221400916576385,1.590980887413025,36.51478958129883,2.8294403553009033,2.581120491027832,3.840611457824707,3.222932815551758,0.37726980447769165,36.51478958129883,36.51478958129883,,
3390,1783432624.5881705,,,,,1.5257905721664429,1.290196418762207,0.23559412360191345,1.5257905721664429,37.012813568115234,3.021308183670044,2.5632569789886475,3.9897186756134033,3.2219161987304688,0.37788841128349304,37.012813568115234,37.012813568115234,,
3395,1783432625.3212392,,,,,1.6323643922805786,1.3640429973602295,0.2683213949203491,1.6323643922805786,35.979576110839844,2.7088959217071533,2.5051536560058594,3.6911439895629883,3.1388096809387207,0.38012486696243286,35.979576110839844,35.979576110839844,,
3400,1783432626.054872,,,,,1.6092629432678223,1.340999960899353,0.26826292276382446,1.6092629432678223,36.69108200073242,2.8059606552124023,2.531646251678467,3.9493415355682373,3.219141960144043,0.37814459204673767,36.69108200073242,36.69108200073242,,
3405,1783432626.7820184,,,,,1.611388921737671,1.3639695644378662,0.24741937220096588,1.611388921737671,36.955902099609375,2.774519920349121,2.5993030071258545,3.999493360519409,3.281589984893799,0.37822026014328003,36.955902099609375,36.955902099609375,,
3410,1783432627.5114102,,,,,1.6632665395736694,1.408919334411621,0.2543472349643707,1.6632665395736694,36.599796295166016,2.8766367435455322,2.709677219390869,3.7939846515655518,3.2604568004608154,0.3756577670574188,36.599796295166016,36.599796295166016,,
3415,1783432628.2431552,,,,,1.5956525802612305,1.3659985065460205,0.22965411841869354,1.5956525802612305,36.898597717285156,2.8261239528656006,2.604240894317627,4.073124408721924,3.2650184631347656,0.3731544017791748,36.898597717285156,36.898597717285156,,
3420,1783432628.9663908,,,,,1.6106994152069092,1.3722561597824097,0.23844324052333832,1.6106994152069092,35.995365142822266,2.768329620361328,2.5490946769714355,3.941873550415039,3.2621936798095703,0.3615512549877167,35.995365142822266,35.995365142822266,,
3425,1783432629.692967,,,,,1.537371277809143,1.3114413022994995,0.22592996060848236,1.537371277809143,37.716346740722656,2.972935199737549,2.5645246505737305,4.108830451965332,3.339832305908203,0.3840347230434418,37.716346740722656,37.716346740722656,,
3430,1783432630.4162967,,,,,1.4630504846572876,1.2683064937591553,0.1947440207004547,1.4630504846572876,37.63818359375,2.8970985412597656,2.635591506958008,4.155439376831055,3.463670492172241,0.3748283088207245,37.63818359375,37.63818359375,,
3435,1783432631.135028,,,,,1.4747440814971924,1.231083869934082,0.24366021156311035,1.4747440814971924,38.2635498046875,2.936793327331543,2.57849383354187,4.317745685577393,3.398026943206787,0.3848159909248352,38.2635498046875,38.2635498046875,,
3440,1783432631.8580046,,,,,1.7053492069244385,1.414683222770691,0.29066595435142517,1.7053492069244385,35.14350509643555,2.7644155025482178,2.4752204418182373,3.592801809310913,3.0773634910583496,0.3680786192417145,35.14350509643555,35.14350509643555,,
3445,1783432632.584769,,,,,1.5976282358169556,1.336488127708435,0.2611401379108429,1.5976282358169556,36.166019439697266,2.820134401321411,2.550224781036377,3.752286911010742,3.197127342224121,0.3754851520061493,36.166019439697266,36.166019439697266,,
3450,1783432633.3086166,,,,,1.6373958587646484,1.3622655868530273,0.2751302123069763,1.6373958587646484,36.567626953125,2.8561244010925293,2.522080183029175,3.843380928039551,3.2011919021606445,0.3800061047077179,36.567626953125,36.567626953125,,
3455,1783432634.0366726,,,,,1.7750968933105469,1.4784077405929565,0.29668915271759033,1.7750968933105469,34.85419464111328,2.74519681930542,2.431072473526001,3.5413553714752197,3.0776376724243164,0.3653320372104645,34.85419464111328,34.85419464111328,,
3460,1783432634.7709172,,,,,1.7024089097976685,1.4357925653457642,0.2666163444519043,1.7024089097976685,35.77459716796875,2.8188674449920654,2.4874143600463867,3.8016514778137207,3.1030097007751465,0.3701998293399811,35.77459716796875,35.77459716796875,,
3465,1783432635.5076382,,,,,1.6035332679748535,1.3349958658218384,0.26853737235069275,1.6035332679748535,37.95063781738281,2.812276840209961,2.530426025390625,4.089358329772949,3.319147825241089,0.395353764295578,37.95063781738281,37.95063781738281,,
3470,1783432636.2444236,,,,,1.7065322399139404,1.4420121908187866,0.26451998949050903,1.7065322399139404,35.91465759277344,2.8674700260162354,2.553579330444336,3.746591091156006,3.1587276458740234,0.37073272466659546,35.91465759277344,35.91465759277344,,
3475,1783432636.9764733,,,,,1.6056301593780518,1.3506609201431274,0.25496920943260193,1.6056301593780518,36.96940231323242,2.7695467472076416,2.5880002975463867,3.8687641620635986,3.291124105453491,0.3842684328556061,36.96940231323242,36.96940231323242,,
3480,1783432637.7159848,,,,,1.5547668933868408,1.3251713514328003,0.22959548234939575,1.5547668933868408,37.681678771972656,2.826448440551758,2.5310349464416504,4.212497234344482,3.3810856342315674,0.38082289695739746,37.681678771972656,37.681678771972656,,
3485,1783432638.4739728,,,,,1.6771483421325684,1.4295525550842285,0.24759584665298462,1.6771483421325684,36.31182098388672,2.8788509368896484,2.461740732192993,3.8659512996673584,3.18798565864563,0.3747412860393524,36.31182098388672,36.31182098388672,,
3490,1783432639.207417,,,,,1.659400463104248,1.347109317779541,0.31229108572006226,1.659400463104248,35.885650634765625,2.8181827068328857,2.4167051315307617,3.8409924507141113,3.1252737045288086,0.3715161979198456,35.885650634765625,35.885650634765625,,
3495,1783432639.9313707,,,,,1.6362769603729248,1.3816087245941162,0.2546681761741638,1.6362769603729248,36.22073745727539,2.7884933948516846,2.600616455078125,3.7682414054870605,3.1941378116607666,0.3757082223892212,36.22073745727539,36.22073745727539,,
3500,1783432640.6426797,,,,,1.6942343711853027,1.4257698059082031,0.268464595079422,1.6942343711853027,35.79267883300781,2.6410953998565674,2.6023154258728027,3.7177584171295166,3.141925096511841,0.3739978075027466,35.79267883300781,35.79267883300781,,
3505,1783432641.3947308,,,,,1.7549450397491455,1.4502280950546265,0.30471694469451904,1.7549450397491455,35.401180267333984,2.692110061645508,2.486600875854492,3.60901141166687,3.1049633026123047,0.3732115626335144,35.401180267333984,35.401180267333984,,
3510,1783432642.0961652,,,,,1.5972371101379395,1.3599625825881958,0.23727457225322723,1.5972371101379395,36.83891677856445,2.753459930419922,2.5149734020233154,3.9870104789733887,3.2384586334228516,0.3804343342781067,36.83891677856445,36.83891677856445,,
3510,1783432642.0993538,1.982071832251749e-05,1.982071832251749e-05,,,,,,,,,,,,,,,,
3510,1783432642.7528956,,,,,,,,,,,,,,,,,0.3668230351805687,0.3668230351805687
3510,1783432644.181891,,,1426.4195020000443,832.1025094985962,,,,,,,,,,,,,,
3510,1783432645.5246532,,,1338.3175060000667,832.1025094985962,,,,,,,,,,,,,,
3515,1783432646.315995,,,,,1.5642600059509277,1.309638261795044,0.254621684551239,1.5642600059509277,36.737186431884766,2.9744980335235596,2.563723564147949,3.949469804763794,3.203571081161499,0.3753974139690399,36.737186431884766,36.737186431884766,,
3520,1783432647.0449646,,,,,1.642838954925537,1.3686245679855347,0.27421435713768005,1.642838954925537,36.19221878051758,2.6463069915771484,2.592008113861084,3.8593380451202393,3.167452812194824,0.37556275725364685,36.19221878051758,36.19221878051758,,
3525,1783432647.9251945,,,,,1.5409685373306274,1.2745015621185303,0.26646697521209717,1.5409685373306274,37.1710090637207,2.953047752380371,2.41369366645813,4.144883155822754,3.234916925430298,0.3787704110145569,37.1710090637207,37.1710090637207,,
3530,1783432648.8405547,,,,,1.6077755689620972,1.3304870128631592,0.2772885262966156,1.6077755689620972,36.204036712646484,2.7828516960144043,2.495816707611084,3.808276414871216,3.1346325874328613,0.37865665555000305,36.204036712646484,36.204036712646484,,
3535,1783432649.5967348,,,,,1.6388270854949951,1.3331820964813232,0.3056449592113495,1.6388270854949951,36.98561477661133,2.8933560848236084,2.513808250427246,3.918760299682617,3.2210354804992676,0.3844190835952759,36.98561477661133,36.98561477661133,,
3540,1783432650.3260615,,,,,1.6128625869750977,1.3734077215194702,0.23945491015911102,1.6128625869750977,37.03691482543945,2.908612012863159,2.5508837699890137,3.9251129627227783,3.3245184421539307,0.3795146048069,37.03691482543945,37.03691482543945,,
3545,1783432651.055945,,,,,1.7246882915496826,1.4494613409042358,0.27522698044776917,1.7246882915496826,34.83186340332031,2.63210129737854,2.545933961868286,3.5139060020446777,3.08290958404541,0.36578214168548584,34.83186340332031,34.83186340332031,,
3550,1783432651.78157,,,,,1.6322084665298462,1.3664851188659668,0.265723317861557,1.6322084665298462,36.5219841003418,2.784844160079956,2.486570358276367,3.9672605991363525,3.1938023567199707,0.37618762254714966,36.5219841003418,36.5219841003418,,
3555,1783432652.5068417,,,,,1.7135009765625,1.4698117971420288,0.24368911981582642,1.7135009765625,35.5444450378418,2.81967830657959,2.49625825881958,3.8063952922821045,3.173845052719116,0.3615117371082306,35.5444450378418,35.5444450378418,,
3560,1783432653.232131,,,,,1.7432337999343872,1.4212175607681274,0.32201623916625977,1.7432337999343872,35.54474639892578,2.8014535903930664,2.5995571613311768,3.6923553943634033,3.0892648696899414,0.3684554100036621,35.54474639892578,35.54474639892578,,
3565,1783432653.9574182,,,,,1.6089694499969482,1.32362961769104,0.2853398025035858,1.6089694499969482,36.6358642578125,2.9030628204345703,2.554961681365967,3.952845335006714,3.14174222946167,0.3775259256362915,36.6358642578125,36.6358642578125,,
3570,1783432654.69312,,,,,1.7042936086654663,1.4053410291671753,0.2989526093006134,1.7042936086654663,34.90333557128906,2.8163042068481445,2.477247476577759,3.6133110523223877,3.0571701526641846,0.36152932047843933,34.90333557128906,34.90333557128906,,
3575,1783432655.4154458,,,,,1.659844994544983,1.3859107494354248,0.2739342451095581,1.659844994544983,35.787681579589844,2.7404556274414062,2.5996744632720947,3.822615146636963,3.0873849391937256,0.3695012032985687,35.787681579589844,35.787681579589844,,
3580,1783432656.14293,,,,,1.7503776550292969,1.4742430448532104,0.2761346697807312,1.7503776550292969,35.6448974609375,2.8201169967651367,2.5437614917755127,3.6554861068725586,3.160822868347168,0.36996445059776306,35.6448974609375,35.6448974609375,,
3585,1783432656.872452,,,,,1.6168653964996338,1.3596975803375244,0.257167786359787,1.6168653964996338,36.73945617675781,2.8398661613464355,2.5275931358337402,3.8485138416290283,3.192195177078247,0.38423508405685425,36.73945617675781,36.73945617675781,,
3590,1783432657.6010118,,,,,1.7062900066375732,1.3661679029464722,0.34012216329574585,1.7062900066375732,36.8889045715332,2.856876850128174,2.413519859313965,4.007699012756348,3.157010555267334,0.3842019736766815,36.8889045715332,36.8889045715332,,
3595,1783432658.3317006,,,,,1.6186994314193726,1.3537567853927612,0.26494261622428894,1.6186994314193726,35.91265106201172,2.738224744796753,2.4993295669555664,3.778172016143799,3.16707706451416,0.37299105525016785,35.91265106201172,35.91265106201172,,
3600,1783432659.0551262,,,,,1.5912543535232544,1.3026682138442993,0.28858616948127747,1.5912543535232544,36.76247024536133,2.8977549076080322,2.545870542526245,4.011122226715088,3.1943936347961426,0.37572914361953735,36.76247024536133,36.76247024536133,,
3605,1783432659.7766647,,,,,1.716048002243042,1.4239193201065063,0.2921287417411804,1.716048002243042,35.84918975830078,2.8351998329162598,2.541344165802002,3.716150999069214,3.134530544281006,0.3726951777935028,35.84918975830078,35.84918975830078,,
3610,1783432660.504127,,,,,1.7157965898513794,1.4455196857452393,0.2702769339084625,1.7157965898513794,35.42597579956055,2.7585723400115967,2.5776002407073975,3.596482038497925,3.1679697036743164,0.3680199384689331,35.42597579956055,35.42597579956055,,
3615,1783432661.229882,,,,,1.7008284330368042,1.4260715246200562,0.27475693821907043,1.7008284330368042,36.07099533081055,2.736854076385498,2.544550657272339,3.8412458896636963,3.2069640159606934,0.3709593415260315,36.07099533081055,36.07099533081055,,
3620,1783432661.971967,,,,,1.7520864009857178,1.452995777130127,0.29909059405326843,1.7520864009857178,35.760013580322266,2.6914985179901123,2.4933793544769287,3.77435302734375,3.201120138168335,0.3694263994693756,35.760013580322266,35.760013580322266,,
3625,1783432662.7126155,,,,,1.5205061435699463,1.2837649583816528,0.23674124479293823,1.5205061435699463,37.90781784057617,3.059772253036499,2.697582721710205,3.999904155731201,3.3106606006622314,0.38954073190689087,37.90781784057617,37.90781784057617,,
3630,1783432663.4435537,,,,,1.5780901908874512,1.3244454860687256,0.2536446452140808,1.5780901908874512,37.49428176879883,2.8488059043884277,2.5281434059143066,4.131736755371094,3.3345842361450195,0.381881982088089,37.49428176879883,37.49428176879883,,
3635,1783432664.1702743,,,,,1.7739880084991455,1.4721949100494385,0.3017931282520294,1.7739880084991455,36.30742263793945,2.6443698406219482,2.4638211727142334,3.9373011589050293,3.0990443229675293,0.3805897533893585,36.30742263793945,36.30742263793945,,
3640,1783432664.897145,,,,,1.530646562576294,1.2799805402755737,0.25066596269607544,1.530646562576294,37.2806396484375,2.9251363277435303,2.557900905609131,4.074093818664551,3.278496265411377,0.3798316419124603,37.2806396484375,37.2806396484375,,
3645,1783432665.6468625,,,,,1.7719610929489136,1.4813038110733032,0.29065725207328796,1.7719610929489136,35.142539978027344,2.660024404525757,2.4687185287475586,3.451169967651367,3.0545814037323,0.3778287470340729,35.142539978027344,35.142539978027344,,
3650,1783432666.378459,,,,,1.6396992206573486,1.369890809059143,0.2698083519935608,1.6396992206573486,36.49351119995117,2.8737616539001465,2.5243396759033203,3.8951492309570312,3.1859850883483887,0.37629202008247375,36.49351119995117,36.49351119995117,,
3655,1783432667.1065664,,,,,1.6490501165390015,1.3962877988815308,0.2527623176574707,1.6490501165390015,36.21229934692383,2.869098663330078,2.552903890609741,3.7052175998687744,3.153549909591675,0.3793947100639343,36.21229934692383,36.21229934692383,,
3660,1783432667.8320801,,,,,1.6015502214431763,1.3545939922332764,0.24695627391338348,1.6015502214431763,36.99578857421875,2.875314474105835,2.576737642288208,4.016204833984375,3.289823055267334,0.37625953555107117,36.99578857421875,36.99578857421875,,
3665,1783432668.5621905,,,,,1.6203460693359375,1.3059272766113281,0.3144187331199646,1.6203460693359375,36.65092086791992,2.873920440673828,2.517719030380249,3.9225926399230957,3.1706037521362305,0.37939751148223877,36.65092086791992,36.65092086791992,,
3670,1783432669.293422,,,,,1.6432602405548096,1.4055427312850952,0.23771747946739197,1.6432602405548096,35.99567413330078,2.7446041107177734,2.5075416564941406,3.8558030128479004,3.227691173553467,0.36836758255958557,35.99567413330078,35.99567413330078,,
3675,1783432670.0252388,,,,,1.498910665512085,1.2396039962768555,0.2593066692352295,1.498910665512085,38.10002136230469,3.075575828552246,2.5622918605804443,4.25830078125,3.3110036849975586,0.3849676847457886,38.10002136230469,38.10002136230469,,
3680,1783432670.7552748,,,,,1.5945528745651245,1.3458287715911865,0.2487240731716156,1.5945528745651245,36.89955520629883,2.847635269165039,2.6398673057556152,3.9377176761627197,3.3026623725891113,0.3762509822845459,36.89955520629883,36.89955520629883,,
3685,1783432671.4951303,,,,,1.5907846689224243,1.3477901220321655,0.2429945021867752,1.5907846689224243,37.62683868408203,2.8257620334625244,2.536376714706421,4.022681713104248,3.3495383262634277,0.3893391788005829,37.62683868408203,37.62683868408203,,
3690,1783432672.3407063,,,,,1.6837255954742432,1.4073255062103271,0.276400089263916,1.6837255954742432,36.34226989746094,2.711592197418213,2.5014312267303467,3.839245557785034,3.17077374458313,0.38020458817481995,36.34226989746094,36.34226989746094,,
3695,1783432673.343122,,,,,1.6408225297927856,1.3919380903244019,0.2488844245672226,1.6408225297927856,37.267208099365234,2.8829007148742676,2.599803924560547,4.131633758544922,3.312654972076416,0.3754650056362152,37.267208099365234,37.267208099365234,,
3700,1783432674.2112622,,,,,1.7243438959121704,1.3941688537597656,0.3301750123500824,1.7243438959121704,36.335514068603516,2.8680710792541504,2.483835220336914,3.868516445159912,3.1582844257354736,0.3762223720550537,36.335514068603516,36.335514068603516,,
3705,1783432674.9782536,,,,,1.8313345909118652,1.5163607597351074,0.31497377157211304,1.8313345909118652,34.34925842285156,2.479137420654297,2.4344072341918945,3.6338324546813965,3.0564353466033936,0.3567817807197571,34.34925842285156,34.34925842285156,,
3710,1783432675.7056887,,,,,1.577886939048767,1.2964568138122559,0.2814301550388336,1.577886939048767,37.17636489868164,2.8785300254821777,2.528735876083374,4.003103733062744,3.271958351135254,0.3826439380645752,37.17636489868164,37.17636489868164,,
3715,1783432676.457721,,,,,1.7626078128814697,1.4139786958694458,0.34862905740737915,1.7626078128814697,36.388389587402344,2.6591875553131104,2.3822097778320312,3.977158784866333,3.1134119033813477,0.38146334886550903,36.388389587402344,36.388389587402344,,
3720,1783432677.1922383,,,,,1.824541449546814,1.486833930015564,0.33770751953125,1.824541449546814,35.432830810546875,2.6909170150756836,2.485708236694336,3.593355894088745,3.121495008468628,0.37392231822013855,35.432830810546875,35.432830810546875,,
3725,1783432677.9504526,,,,,1.5832769870758057,1.2760646343231201,0.30721232295036316,1.5832769870758057,36.20508575439453,2.949770450592041,2.470414400100708,3.8884034156799316,3.1321678161621094,0.37208351492881775,36.20508575439453,36.20508575439453,,
3730,1783432678.6920538,,,,,1.6383174657821655,1.3792386054992676,0.25907883048057556,1.6383174657821655,36.737796783447266,2.931595802307129,2.6046416759490967,3.729297161102295,3.1868224143981934,0.385984867811203,36.737796783447266,36.737796783447266,,
3735,1783432679.430537,,,,,1.578564167022705,1.348344087600708,0.23022013902664185,1.578564167022705,36.775753021240234,2.80655574798584,2.534210681915283,3.9041361808776855,3.2910802364349365,0.37876784801483154,36.775753021240234,36.775753021240234,,
3740,1783432680.1687963,,,,,1.604926586151123,1.3687925338745117,0.23613408207893372,1.604926586151123,36.10133361816406,2.7888755798339844,2.4733221530914307,3.936138391494751,3.196336030960083,0.36831530928611755,36.10133361816406,36.10133361816406,,
3745,1783432680.89924,,,,,1.6419190168380737,1.3504266738891602,0.29149237275123596,1.6419190168380737,36.035579681396484,2.864293098449707,2.562166690826416,3.852104425430298,3.135159492492676,0.36965763568878174,36.035579681396484,36.035579681396484,,
3750,1783432681.6296983,,,,,1.5719205141067505,1.3037264347076416,0.2681940495967865,1.5719205141067505,36.97844314575195,2.899132013320923,2.5555262565612793,4.003448009490967,3.208062171936035,0.3800170123577118,36.97844314575195,36.97844314575195,,
3755,1783432682.3696053,,,,,1.6175384521484375,1.3572492599487305,0.26028913259506226,1.6175384521484375,36.34405517578125,2.8192172050476074,2.578611373901367,3.847027063369751,3.2382006645202637,0.3727949261665344,36.34405517578125,36.34405517578125,,
3760,1783432683.1033049,,,,,1.5723183155059814,1.3264214992523193,0.24589680135250092,1.5723183155059814,37.113914489746094,2.86586332321167,2.598299026489258,3.9708216190338135,3.3316431045532227,0.37877389788627625,37.113914489746094,37.113914489746094,,
3765,1783432683.8412812,,,,,1.6676874160766602,1.3638346195220947,0.30385273694992065,1.6676874160766602,36.704654693603516,2.8865678310394287,2.5436432361602783,3.992856979370117,3.1517746448516846,0.3774484395980835,36.704654693603516,36.704654693603516,,
3770,1783432684.5861347,,,,,1.6169261932373047,1.3849873542785645,0.231938898563385,1.6169261932373047,36.59453582763672,2.7218074798583984,2.506495475769043,3.883831739425659,3.2971959114074707,0.37787064909935,36.59453582763672,36.59453582763672,,
3775,1783432685.3126338,,,,,1.6910556554794312,1.4219385385513306,0.269117146730423,1.6910556554794312,35.7150993347168,2.849806785583496,2.4825234413146973,3.8674464225769043,3.1681342124938965,0.3624802231788635,35.7150993347168,35.7150993347168,,
3780,1783432686.0438504,,,,,1.5171164274215698,1.264879584312439,0.25223687291145325,1.5171164274215698,36.896759033203125,2.9715309143066406,2.5282177925109863,3.954153060913086,3.2105939388275146,0.3792780935764313,36.896759033203125,36.896759033203125,,
3785,1783432686.7725706,,,,,1.8064590692520142,1.489965558052063,0.31649354100227356,1.8064590692520142,35.17412567138672,2.6429851055145264,2.5149717330932617,3.6618101596832275,3.0824551582336426,0.3672808110713959,35.17412567138672,35.17412567138672,,
3790,1783432687.5021307,,,,,1.6728999614715576,1.386901617050171,0.2859983742237091,1.6728999614715576,36.008296966552734,2.8949460983276367,2.508139133453369,3.6392064094543457,3.138887882232666,0.37886714935302734,36.008296966552734,36.008296966552734,,
3795,1783432688.2295783,,,,,1.5868256092071533,1.3572105169296265,0.22961507737636566,1.5868256092071533,37.0538444519043,3.0098888874053955,2.629366397857666,3.926136016845703,3.2858448028564453,0.3775694966316223,37.0538444519043,37.0538444519043,,
3800,1783432688.9612083,,,,,1.6452239751815796,1.3979955911636353,0.24722839891910553,1.6452239751815796,36.153953552246094,2.828380584716797,2.5845673084259033,3.7501609325408936,3.193251371383667,0.37453731894493103,36.153953552246094,36.153953552246094,,
3805,1783432689.6932771,,,,,1.5996966361999512,1.3483730554580688,0.2513236403465271,1.5996966361999512,36.158470153808594,2.8937156200408936,2.575495719909668,3.8970065116882324,3.24338960647583,0.36463260650634766,36.158470153808594,36.158470153808594,,
3810,1783432690.4175448,,,,,1.727163314819336,1.4268112182617188,0.3003521263599396,1.727163314819336,34.98252868652344,2.628626823425293,2.519395112991333,3.502945899963379,3.0605218410491943,0.3712792992591858,34.98252868652344,34.98252868652344,,
3815,1783432691.148324,,,,,1.6790543794631958,1.4253920316696167,0.2536623477935791,1.6790543794631958,35.54737854003906,2.923590898513794,2.5510430335998535,3.643876552581787,3.116128921508789,0.36783847212791443,35.54737854003906,35.54737854003906,,
3820,1783432691.8847752,,,,,1.5665658712387085,1.349704623222351,0.21686123311519623,1.5665658712387085,36.53956604003906,2.7740366458892822,2.6488194465637207,3.8791964054107666,3.293304681777954,0.3727046251296997,36.53956604003906,36.53956604003906,,
3825,1783432692.6185136,,,,,1.541670560836792,1.2980901002883911,0.2435804009437561,1.541670560836792,38.14472961425781,3.017808198928833,2.5881426334381104,4.195511341094971,3.3456501960754395,0.3879213035106659,38.14472961425781,38.14472961425781,,
3830,1783432693.3491905,,,,,1.6180667877197266,1.3510643243789673,0.26700252294540405,1.6180667877197266,37.558021545410156,2.8651678562164307,2.564408540725708,4.114790916442871,3.210862636566162,0.38838085532188416,37.558021545410156,37.558021545410156,,
3835,1783432694.0773447,,,,,1.6589922904968262,1.3924498558044434,0.2665424644947052,1.6589922904968262,36.48541259765625,2.8432230949401855,2.493844985961914,3.9686527252197266,3.2011444568634033,0.37352776527404785,36.48541259765625,36.48541259765625,,
3840,1783432694.8113754,,,,,1.7155611515045166,1.3977802991867065,0.31778082251548767,1.7155611515045166,36.338165283203125,2.785454034805298,2.457010507583618,3.954697847366333,3.1671838760375977,0.3744874894618988,36.338165283203125,36.338165283203125,,
3845,1783432695.5531363,,,,,1.6490991115570068,1.42918062210083,0.21991854906082153,1.6490991115570068,37.11318588256836,2.774212121963501,2.595865249633789,3.7862391471862793,3.337674379348755,0.3887840211391449,37.11318588256836,37.11318588256836,,
3850,1783432696.2879324,,,,,1.6545113325119019,1.422770380973816,0.23174095153808594,1.6545113325119019,36.73157501220703,2.859348773956299,2.583197832107544,3.9018640518188477,3.26819109916687,0.3766426146030426,36.73157501220703,36.73157501220703,,
3855,1783432697.0220172,,,,,1.6510635614395142,1.3353379964828491,0.31572553515434265,1.6510635614395142,37.05602264404297,3.0222346782684326,2.5619115829467773,4.023322582244873,3.2175185680389404,0.3775599002838135,37.05602264404297,37.05602264404297,,
3860,1783432697.7598705,,,,,1.6558568477630615,1.3543407917022705,0.3015160858631134,1.6558568477630615,36.42422866821289,2.927520275115967,2.5397446155548096,3.8728537559509277,3.141132354736328,0.37619978189468384,36.42422866821289,36.42422866821289,,
3865,1783432698.4946291,,,,,1.7302234172821045,1.4501692056655884,0.2800542414188385,1.7302234172821045,34.890560150146484,2.7790849208831787,2.4620673656463623,3.547088623046875,3.0833258628845215,0.36419063806533813,34.890560150146484,34.890560150146484,,
3870,1783432699.2331808,,,,,1.505824089050293,1.2917078733444214,0.21411621570587158,1.505824089050293,37.867042541503906,2.9807703495025635,2.6534461975097656,4.165380477905273,3.394926071166992,0.3802713453769684,37.867042541503906,37.867042541503906,,
3875,1783432699.9677103,,,,,1.7796937227249146,1.5082316398620605,0.2714620530605316,1.7796937227249146,35.133079528808594,2.5927186012268066,2.528249502182007,3.6988449096679688,3.188234567642212,0.36084339022636414,35.133079528808594,35.133079528808594,,
3880,1783432700.6990774,,,,,1.547882080078125,1.2904692888259888,0.2574128210544586,1.547882080078125,37.7189826965332,2.9147424697875977,2.5404412746429443,4.16281795501709,3.3072285652160645,0.3849712014198303,37.7189826965332,37.7189826965332,,
3885,1783432701.43053,,,,,1.548315167427063,1.2961554527282715,0.2521597146987915,1.548315167427063,37.976478576660156,2.8511645793914795,2.580820083618164,4.144362926483154,3.2868502140045166,0.3929348886013031,37.976478576660156,37.976478576660156,,
3890,1783432702.1448755,,,,,1.66775643825531,1.42255699634552,0.24519941210746765,1.66775643825531,35.6470947265625,2.7711422443389893,2.611271381378174,3.605360984802246,3.184217929840088,0.37078937888145447,35.6470947265625,35.6470947265625,,
3895,1783432702.858997,,,,,1.6787972450256348,1.4453845024108887,0.23341280221939087,1.6787972450256348,34.9461555480957,2.7625856399536133,2.5608909130096436,3.4633331298828125,3.1284067630767822,0.3653155267238617,34.9461555480957,34.9461555480957,,
3900,1783432703.5603626,,,,,1.803149938583374,1.5127493143081665,0.29040059447288513,1.803149938583374,35.02688980102539,2.6532273292541504,2.424502372741699,3.5681910514831543,3.069835662841797,0.3705134987831116,35.02688980102539,35.02688980102539,,
3900,1783432703.5637982,1.980089760419497e-05,1.980089760419497e-05,,,,,,,,,,,,,,,,
3900,1783432704.2009997,,,,,,,,,,,,,,,,,0.36573410719633104,0.36573410719633104
3900,1783432705.5241213,,,1320.3609239999423,832.1025094985962,,,,,,,,,,,,,,
3900,1783432707.1909618,,,1663.170349999973,832.1025094985962,,,,,,,,,,,,,,
3905,1783432708.0783777,,,,,1.5135719776153564,1.2758276462554932,0.2377443164587021,1.5135719776153564,37.39659118652344,2.9411745071411133,2.5584404468536377,4.0875563621521,3.3181488513946533,0.3796791732311249,37.39659118652344,37.39659118652344,,
3910,1783432709.03461,,,,,1.764397144317627,1.4697434902191162,0.29465362429618835,1.764397144317627,35.655765533447266,2.83066725730896,2.5424253940582275,3.689509391784668,3.138777256011963,0.36946889758110046,35.655765533447266,35.655765533447266,,
3915,1783432709.786961,,,,,1.567629098892212,1.3252593278884888,0.24236978590488434,1.567629098892212,36.76289749145508,2.8280742168426514,2.535301446914673,4.049005508422852,3.2155611515045166,0.3748975396156311,36.76289749145508,36.76289749145508,,
3920,1783432710.5197003,,,,,1.837195634841919,1.5384860038757324,0.29870960116386414,1.837195634841919,34.82692337036133,2.7131783962249756,2.5235910415649414,3.4895756244659424,3.106464147567749,0.364401638507843,34.82692337036133,34.82692337036133,,
3925,1783432711.2503936,,,,,1.6016007661819458,1.3642983436584473,0.23730239272117615,1.6016007661819458,37.84572219848633,2.9798054695129395,2.591426372528076,4.061221599578857,3.29148006439209,0.3904241621494293,37.84572219848633,37.84572219848633,,
3930,1783432711.9809704,,,,,1.5852587223052979,1.3240166902542114,0.26124197244644165,1.5852587223052979,36.98292922973633,2.927598714828491,2.520719528198242,4.028112888336182,3.2350339889526367,0.37796255946159363,36.98292922973633,36.98292922973633,,
3935,1783432712.7070127,,,,,1.6767393350601196,1.4621319770812988,0.2146073877811432,1.6767393350601196,35.120941162109375,2.659419536590576,2.6261239051818848,3.5798630714416504,3.2073612213134766,0.36135435104370117,35.120941162109375,35.120941162109375,,
3940,1783432713.4374816,,,,,1.6033225059509277,1.3592090606689453,0.24411338567733765,1.6033225059509277,36.42201232910156,2.754509210586548,2.5352725982666016,3.9663777351379395,3.19736385345459,0.3734387755393982,36.42201232910156,36.42201232910156,,
3945,1783432714.16776,,,,,1.708146095275879,1.4568126201629639,0.25133341550827026,1.708146095275879,34.8430290222168,2.7188825607299805,2.5163187980651855,3.525055408477783,3.123229742050171,0.36247241497039795,34.8430290222168,34.8430290222168,,
3950,1783432714.8976767,,,,,1.7859892845153809,1.4282819032669067,0.3577074408531189,1.7859892845153809,36.39248275756836,2.6727213859558105,2.4739131927490234,3.8739800453186035,3.1537795066833496,0.38200733065605164,36.39248275756836,36.39248275756836,,
3955,1783432715.6298225,,,,,1.7402207851409912,1.4897956848144531,0.2504250407218933,1.7402207851409912,35.271907806396484,2.6423914432525635,2.477839708328247,3.6087889671325684,3.195706367492676,0.3676152229309082,35.271907806396484,35.271907806396484,,
3960,1783432716.3577003,,,,,1.6235605478286743,1.370757818222046,0.2528027296066284,1.6235605478286743,36.46226119995117,2.8414499759674072,2.5549144744873047,3.9910671710968018,3.215176582336426,0.3700757622718811,36.46226119995117,36.46226119995117,,
3965,1783432717.0832386,,,,,1.4390861988067627,1.2197420597076416,0.2193441241979599,1.4390861988067627,38.81935119628906,2.983180522918701,2.6630568504333496,4.358470916748047,3.405797004699707,0.3921017646789551,38.81935119628906,38.81935119628906,,
3970,1783432717.838297,,,,,1.7948710918426514,1.4332727193832397,0.3615983724594116,1.7948710918426514,35.080055236816406,2.721618413925171,2.4013688564300537,3.7345664501190186,3.027212619781494,0.3651891350746155,35.080055236816406,35.080055236816406,,
3975,1783432718.6859112,,,,,1.5351461172103882,1.290273666381836,0.24487246572971344,1.5351461172103882,36.68226623535156,2.815295696258545,2.5012247562408447,3.997676372528076,3.2304482460021973,0.3757665753364563,36.68226623535156,36.68226623535156,,
3980,1783432719.4210403,,,,,1.7713218927383423,1.4829750061035156,0.28834688663482666,1.7713218927383423,35.40331268310547,2.7721962928771973,2.532241106033325,3.640583038330078,3.205562114715576,0.3645907938480377,35.40331268310547,35.40331268310547,,
3985,1783432720.1475325,,,,,1.6596616506576538,1.4435441493988037,0.21611754596233368,1.6596616506576538,35.54575729370117,2.692047595977783,2.59993577003479,3.628974199295044,3.198323965072632,0.36887064576148987,35.54575729370117,35.54575729370117,,
3990,1783432720.8761938,,,,,1.6562318801879883,1.3894777297973633,0.2667542099952698,1.6562318801879883,36.69780349731445,2.7851858139038086,2.5408823490142822,3.912985324859619,3.251802921295166,0.3787146508693695,36.69780349731445,36.69780349731445,,
3995,1783432721.6007864,,,,,1.6563591957092285,1.408346176147461,0.248012974858284,1.6563591957092285,35.929176330566406,2.6870193481445312,2.5324509143829346,3.9269018173217773,3.1828877925872803,0.3664472997188568,35.929176330566406,35.929176330566406,,
4000,1783432722.324709,,,,,1.6224966049194336,1.336800456047058,0.2856960892677307,1.6224966049194336,36.166221618652344,2.8484606742858887,2.486234664916992,3.817234516143799,3.1668267250061035,0.3747423589229584,36.166221618652344,36.166221618652344,,
4005,1783432723.0535073,,,,,1.7553536891937256,1.4767155647277832,0.27863809466362,1.7553536891937256,35.738826751708984,2.6318891048431396,2.477463722229004,3.8514771461486816,3.1884655952453613,0.3677685856819153,35.738826751708984,35.738826751708984,,
4010,1783432723.7808273,,,,,1.7098288536071777,1.4511585235595703,0.2586703598499298,1.7098288536071777,34.675048828125,2.869842290878296,2.447103977203369,3.567966938018799,3.1041369438171387,0.35586434602737427,34.675048828125,34.675048828125,,
4015,1783432724.513201,,,,,1.5464520454406738,1.308639407157898,0.23781262338161469,1.5464520454406738,36.91498947143555,2.888476610183716,2.5797410011291504,4.071017742156982,3.238668918609619,0.37394216656684875,36.91498947143555,36.91498947143555,,
4020,1783432725.239265,,,,,1.6411380767822266,1.3641606569290161,0.27697739005088806,1.6411380767822266,35.96141052246094,2.8379600048065186,2.5135626792907715,3.786961555480957,3.1683552265167236,0.37109455466270447,35.96141052246094,35.96141052246094,,
4025,1783432725.9661942,,,,,1.6850779056549072,1.3981812000274658,0.286896675825119,1.6850779056549072,35.28908157348633,2.7466518878936768,2.458754301071167,3.7873308658599854,3.0956411361694336,0.36261627078056335,35.28908157348633,35.28908157348633,,
4030,1783432726.6879091,,,,,1.5756328105926514,1.3304111957550049,0.24522165954113007,1.5756328105926514,36.943519592285156,2.744011402130127,2.629112720489502,3.810375690460205,3.2867066860198975,0.3861384689807892,36.943519592285156,36.943519592285156,,
4035,1783432727.4175675,,,,,1.6294912099838257,1.36723792552948,0.2622532844543457,1.6294912099838257,36.18910217285156,2.928588628768921,2.559354305267334,3.7486274242401123,3.1415672302246094,0.37601709365844727,36.18910217285156,36.18910217285156,,
4040,1783432728.1441443,,,,,1.774785041809082,1.437152624130249,0.3376324474811554,1.774785041809082,35.167083740234375,2.7104458808898926,2.404982805252075,3.799128770828247,3.0363857746124268,0.3640138804912567,35.167083740234375,35.167083740234375,,
4045,1783432728.871307,,,,,1.5753495693206787,1.3429055213928223,0.23244401812553406,1.5753495693206787,37.24978256225586,2.843442440032959,2.6259305477142334,4.036287307739258,3.333477020263672,0.37868621945381165,37.24978256225586,37.24978256225586,,
4050,1783432729.6026406,,,,,1.665729284286499,1.3904670476913452,0.2752622067928314,1.665729284286499,36.031890869140625,2.8111281394958496,2.5405726432800293,3.82766056060791,3.215672254562378,0.36874493956565857,36.031890869140625,36.031890869140625,,
4055,1783432730.32842,,,,,1.4999157190322876,1.2706295251846313,0.22928614914417267,1.4999157190322876,38.65159225463867,3.069420099258423,2.6492419242858887,4.318442344665527,3.415640354156494,0.3881058394908905,38.65159225463867,38.65159225463867,,
4060,1783432731.0596566,,,,,1.5179592370986938,1.2847603559494019,0.233198881149292,1.5179592370986938,37.434844970703125,2.949167013168335,2.581096649169922,3.967332363128662,3.358010768890381,0.38341984152793884,37.434844970703125,37.434844970703125,,
4065,1783432731.8018482,,,,,1.6313157081604004,1.3646323680877686,0.26668331027030945,1.6313157081604004,36.5377311706543,2.92149019241333,2.5291075706481934,3.9153292179107666,3.166565418243408,0.37607431411743164,36.5377311706543,36.5377311706543,,
4070,1783432732.5420089,,,,,1.6107964515686035,1.3692021369934082,0.24159426987171173,1.6107964515686035,36.11765670776367,2.824903726577759,2.5156753063201904,3.8540663719177246,3.2367732524871826,0.36878663301467896,36.11765670776367,36.11765670776367,,
4075,1783432733.2776952,,,,,1.6179708242416382,1.3542957305908203,0.26367512345314026,1.6179708242416382,36.7562370300293,2.900557041168213,2.468107223510742,3.9172868728637695,3.196592330932617,0.381329208612442,36.7562370300293,36.7562370300293,,
4080,1783432734.01656,,,,,1.6692187786102295,1.3898900747299194,0.27932873368263245,1.6692187786102295,36.33355712890625,2.742243528366089,2.513678789138794,3.9651150703430176,3.2332983016967773,0.37068459391593933,36.33355712890625,36.33355712890625,,
4085,1783432734.756853,,,,,1.6592909097671509,1.4051395654678345,0.2541513442993164,1.6592909097671509,37.14256286621094,2.827878713607788,2.645451545715332,4.0563645362854,3.288999557495117,0.37730011343955994,37.14256286621094,37.14256286621094,,
4090,1783432735.5029953,,,,,1.6518274545669556,1.3843095302581787,0.26751795411109924,1.6518274545669556,35.67228698730469,2.689539670944214,2.4550833702087402,3.869265556335449,3.192422389984131,0.3645397424697876,35.67228698730469,35.67228698730469,,
4095,1783432736.2461693,,,,,1.687246561050415,1.4272600412368774,0.2599864602088928,1.687246561050415,35.74740982055664,2.6934914588928223,2.433495044708252,3.8224446773529053,3.2130672931671143,0.3677644431591034,35.74740982055664,35.74740982055664,,
4100,1783432736.9828837,,,,,1.687095046043396,1.3911579847335815,0.29593703150749207,1.687095046043396,35.95520782470703,2.9619855880737305,2.493767499923706,3.7419793605804443,3.1295759677886963,0.3723631799221039,35.95520782470703,35.95520782470703,,
4105,1783432737.715861,,,,,1.6334285736083984,1.3631958961486816,0.2702327072620392,1.6334285736083984,37.20948028564453,2.9773573875427246,2.5977752208709717,3.8933918476104736,3.2475671768188477,0.38560950756073,37.20948028564453,37.20948028564453,,
4110,1783432738.451297,,,,,1.6371204853057861,1.3453210592269897,0.2917994260787964,1.6371204853057861,36.61567306518555,2.8232274055480957,2.534770965576172,3.905478000640869,3.2188827991485596,0.37797674536705017,36.61567306518555,36.61567306518555,,
4115,1783432739.1884315,,,,,1.7019875049591064,1.42240309715271,0.2795843780040741,1.7019875049591064,35.668418884277344,2.6831252574920654,2.4634499549865723,3.8178775310516357,3.144796848297119,0.3688109815120697,35.668418884277344,35.668418884277344,,
4120,1783432739.921135,,,,,1.6038105487823486,1.3195436000823975,0.28426697850227356,1.6038105487823486,37.40726089477539,2.9393420219421387,2.502357244491577,4.0982489585876465,3.2003602981567383,0.38596320152282715,37.40726089477539,37.40726089477539,,
4125,1783432740.6562483,,,,,1.631590485572815,1.3490550518035889,0.2825354337692261,1.631590485572815,36.606849670410156,2.8179423809051514,2.524301290512085,4.034346103668213,3.1693053245544434,0.3746066987514496,36.606849670410156,36.606849670410156,,
4130,1783432741.387524,,,,,1.628544807434082,1.3742001056671143,0.2543447017669678,1.628544807434082,36.27307891845703,2.959264039993286,2.5849316120147705,3.809584617614746,3.207948923110962,0.37097370624542236,36.27307891845703,36.27307891845703,,
4135,1783432742.119893,,,,,1.576869249343872,1.297053575515747,0.2798156440258026,1.576869249343872,36.45713806152344,2.742335557937622,2.5256130695343018,3.77719783782959,3.187872886657715,0.38353440165519714,36.45713806152344,36.45713806152344,,
4140,1783432742.848836,,,,,1.7224301099777222,1.3983566761016846,0.32407346367836,1.7224301099777222,34.200889587402344,2.8156700134277344,2.442722797393799,3.411405324935913,2.986699104309082,0.3588063418865204,34.200889587402344,34.200889587402344,,
4145,1783432743.5809839,,,,,1.6239988803863525,1.3613110780715942,0.2626878023147583,1.6239988803863525,36.836448669433594,2.810379981994629,2.543811321258545,4.023829936981201,3.2415785789489746,0.37669864296913147,36.836448669433594,36.836448669433594,,
4150,1783432744.3157496,,,,,1.6257973909378052,1.396705985069275,0.22909140586853027,1.6257973909378052,36.5748291015625,2.841810703277588,2.5314018726348877,3.811588764190674,3.2931320667266846,0.37760382890701294,36.5748291015625,36.5748291015625,,
4155,1783432745.0485609,,,,,1.6884394884109497,1.4062877893447876,0.2821516692638397,1.6884394884109497,36.2179069519043,2.795520782470703,2.49692440032959,3.796379566192627,3.181281328201294,0.3771142065525055,36.2179069519043,36.2179069519043,,
4160,1783432745.7790172,,,,,1.7060701847076416,1.417328953742981,0.28874117136001587,1.7060701847076416,35.4017448425293,2.868650436401367,2.5457820892333984,3.6207849979400635,3.064303159713745,0.3692696988582611,35.4017448425293,35.4017448425293,,
4165,1783432746.513423,,,,,1.509926438331604,1.2892742156982422,0.22065222263336182,1.509926438331604,36.910614013671875,2.8438353538513184,2.555570602416992,4.027456760406494,3.2771599292755127,0.3755994439125061,36.910614013671875,36.910614013671875,,
4170,1783432747.245835,,,,,1.6293107271194458,1.3925117254257202,0.2367989867925644,1.6293107271194458,37.32136154174805,2.794713020324707,2.5241451263427734,4.1415486335754395,3.3269996643066406,0.3792312741279602,37.32136154174805,37.32136154174805,,
4175,1783432747.9809449,,,,,1.731050968170166,1.463827133178711,0.26722386479377747,1.731050968170166,34.77854537963867,2.6874749660491943,2.562835216522217,3.6099867820739746,3.104055643081665,0.35778114199638367,34.77854537963867,34.77854537963867,,
4180,1783432748.7128916,,,,,1.6625503301620483,1.3633036613464355,0.2992466390132904,1.6625503301620483,36.40293884277344,2.7434945106506348,2.521031379699707,3.7368788719177246,3.1404080390930176,0.3863075375556946,36.40293884277344,36.40293884277344,,
4185,1783432749.4439716,,,,,1.6248290538787842,1.338056206703186,0.28677284717559814,1.6248290538787842,36.07551193237305,2.7942636013031006,2.5442392826080322,3.969038486480713,3.189013719558716,0.36490896344184875,36.07551193237305,36.07551193237305,,
4190,1783432750.1874464,,,,,1.6399669647216797,1.3732805252075195,0.26668649911880493,1.6399669647216797,37.170494079589844,2.854917287826538,2.5573923587799072,3.9911651611328125,3.271737575531006,0.3829417824745178,37.170494079589844,37.170494079589844,,
4195,1783432750.9271352,,,,,1.6112812757492065,1.3421775102615356,0.2691037356853485,1.6112812757492065,36.840240478515625,2.7616491317749023,2.560091257095337,4.0532121658325195,3.2053003311157227,0.3778105676174164,36.840240478515625,36.840240478515625,,
4200,1783432751.652412,,,,,1.5533034801483154,1.341986060142517,0.21131747961044312,1.5533034801483154,36.58015441894531,2.8405745029449463,2.575604200363159,3.9748923778533936,3.3074328899383545,0.3688738942146301,36.58015441894531,36.58015441894531,,
4205,1783432752.385386,,,,,1.613438367843628,1.3618696928024292,0.25156861543655396,1.613438367843628,36.89585876464844,2.8567230701446533,2.5392000675201416,4.007726669311523,3.251511812210083,0.37736573815345764,36.89585876464844,36.89585876464844,,
4210,1783432753.1065352,,,,,1.6447498798370361,1.3562067747116089,0.288543164730072,1.6447498798370361,36.567073822021484,2.7930550575256348,2.604907751083374,3.8490889072418213,3.1512181758880615,0.38152214884757996,36.567073822021484,36.567073822021484,,
4215,1783432753.8329556,,,,,1.5509873628616333,1.30776047706604,0.24322693049907684,1.5509873628616333,37.0916862487793,2.9387383460998535,2.582146644592285,3.957045316696167,3.2471606731414795,0.381386399269104,37.0916862487793,37.0916862487793,,
4220,1783432754.5560603,,,,,1.6821656227111816,1.3950905799865723,0.28707510232925415,1.6821656227111816,35.89247131347656,2.9282984733581543,2.4933180809020996,3.920137882232666,3.1150991916656494,0.36445286870002747,35.89247131347656,35.89247131347656,,
4225,1783432755.2797267,,,,,1.6348627805709839,1.3462966680526733,0.28856611251831055,1.6348627805709839,35.238807678222656,2.741072654724121,2.4390344619750977,3.7049124240875244,3.1180553436279297,0.364728182554245,35.238807678222656,35.238807678222656,,
4230,1783432756.00313,,,,,1.6979949474334717,1.4291515350341797,0.2688433527946472,1.6979949474334717,34.85430145263672,2.7319295406341553,2.5654919147491455,3.593109130859375,3.1578822135925293,0.3567754924297333,34.85430145263672,34.85430145263672,,
4235,1783432756.7234375,,,,,1.5911391973495483,1.3585560321807861,0.23258312046527863,1.5911391973495483,37.63589859008789,2.8346829414367676,2.566967010498047,4.144667625427246,3.3089261054992676,0.3850457966327667,37.63589859008789,37.63589859008789,,
4240,1783432757.4416313,,,,,1.6539859771728516,1.382904291152954,0.27108174562454224,1.6539859771728516,35.55036163330078,2.776914358139038,2.581418514251709,3.76560640335083,3.1554694175720215,0.36333057284355164,35.55036163330078,35.55036163330078,,
4245,1783432758.1596475,,,,,1.6732068061828613,1.3692039251327515,0.30400294065475464,1.6732068061828613,36.332542419433594,2.77559494972229,2.5533523559570312,3.820225715637207,3.180044174194336,0.3778456747531891,36.332542419433594,36.332542419433594,,
4250,1783432758.8827302,,,,,1.782747507095337,1.4985220432281494,0.2842254936695099,1.782747507095337,34.09072494506836,2.5778822898864746,2.468472719192505,3.283090829849243,3.1351771354675293,0.3601740896701813,34.09072494506836,34.09072494506836,,
4255,1783432759.607003,,,,,1.7136814594268799,1.4211801290512085,0.2925013601779938,1.7136814594268799,35.48014831542969,2.633897542953491,2.4454312324523926,3.8367271423339844,3.1071553230285645,0.36695677042007446,35.48014831542969,35.48014831542969,,
4260,1783432760.3271737,,,,,1.6456711292266846,1.4247381687164307,0.2209329456090927,1.6456711292266846,36.83858871459961,2.8800551891326904,2.5889689922332764,3.904447317123413,3.322539806365967,0.375901997089386,36.83858871459961,36.83858871459961,,
4265,1783432761.0511954,,,,,1.6641738414764404,1.3873399496078491,0.2768339514732361,1.6641738414764404,36.388484954833984,2.854691505432129,2.5037343502044678,3.90168833732605,3.214625835418701,0.3732762038707733,36.388484954833984,36.388484954833984,,
4270,1783432761.7754123,,,,,1.764478325843811,1.4862977266311646,0.27818062901496887,1.764478325843811,35.22148132324219,2.701266288757324,2.4928431510925293,3.622244119644165,3.1223745346069336,0.36751413345336914,35.22148132324219,35.22148132324219,,
4275,1783432762.5022795,,,,,1.8177186250686646,1.4727853536605835,0.34493330121040344,1.8177186250686646,35.071903228759766,2.6780877113342285,2.4122371673583984,3.6678946018218994,3.079803943634033,0.36635956168174744,35.071903228759766,35.071903228759766,,
4280,1783432763.208086,,,,,1.5575900077819824,1.3383690118789673,0.21922093629837036,1.5575900077819824,37.40971374511719,2.772279739379883,2.558351516723633,4.127284049987793,3.3577213287353516,0.3802015781402588,37.40971374511719,37.40971374511719,,
4285,1783432763.9135737,,,,,1.728689432144165,1.4386008977890015,0.29008859395980835,1.728689432144165,36.057456970214844,2.8287596702575684,2.4798946380615234,3.773136615753174,3.1357457637786865,0.37624531984329224,36.057456970214844,36.057456970214844,,
4290,1783432764.6117287,,,,,1.546745777130127,1.3346388339996338,0.21210697293281555,1.546745777130127,37.019935607910156,2.9263336658477783,2.5042850971221924,3.934309244155884,3.3009228706359863,0.38041889667510986,37.019935607910156,37.019935607910156,,
4290,1783432764.6146307,1.9781096706590777e-05,1.9781096706590777e-05,,,,,,,,,,,,,,,,
4290,1783432765.250355,,,,,,,,,,,,,,,,,0.3644154393672943,0.3644154393672943
4290,1783432766.6013947,,,1347.9220310000528,832.1025094985962,,,,,,,,,,,,,,
4290,1783432768.1241126,,,1516.2427799999705,832.1025094985962,,,,,,,,,,,,,,
4295,1783432769.1486936,,,,,1.528648853302002,1.3065147399902344,0.22213415801525116,1.528648853302002,37.428871154785156,2.836012601852417,2.615713357925415,3.997718095779419,3.2868847846984863,0.38684311509132385,37.428871154785156,37.428871154785156,,
4300,1783432769.8792841,,,,,1.649483561515808,1.413621187210083,0.2358623594045639,1.649483561515808,35.34010314941406,2.7117254734039307,2.5803072452545166,3.7655117511749268,3.2354507446289062,0.3565809726715088,35.34010314941406,35.34010314941406,,
4305,1783432770.608661,,,,,1.4598419666290283,1.2438844442367554,0.21595752239227295,1.4598419666290283,38.09104537963867,3.089005947113037,2.5989413261413574,4.305116653442383,3.3821892738342285,0.37841078639030457,38.09104537963867,38.09104537963867,,
4310,1783432771.338327,,,,,1.7096444368362427,1.415600299835205,0.29404416680336,1.7096444368362427,36.83835220336914,2.7543299198150635,2.4693939685821533,4.052254676818848,3.2159900665283203,0.3795141875743866,36.83835220336914,36.83835220336914,,
4315,1783432772.0664606,,,,,1.6311733722686768,1.399665117263794,0.2315082848072052,1.6311733722686768,37.137386322021484,2.7756235599517822,2.540440559387207,4.095427513122559,3.3284547328948975,0.3771902024745941,37.137386322021484,37.137386322021484,,
4320,1783432772.7962768,,,,,1.778784155845642,1.4942444562911987,0.28453969955444336,1.778784155845642,35.06678771972656,2.6828715801239014,2.59442138671875,3.4753499031066895,3.1135926246643066,0.3691469132900238,35.06678771972656,35.06678771972656,,
4325,1783432773.5208526,,,,,1.558031439781189,1.3286837339401245,0.22934770584106445,1.558031439781189,36.9853401184082,2.851022958755493,2.540656328201294,4.057098388671875,3.3171653747558594,0.37433627247810364,36.9853401184082,36.9853401184082,,
4330,1783432774.2457137,,,,,1.6158826351165771,1.3733271360397339,0.24255551397800446,1.6158826351165771,37.41710662841797,2.8886890411376953,2.610199213027954,4.139625549316406,3.265874147415161,0.38016048073768616,37.41710662841797,37.41710662841797,,
4335,1783432774.9711332,,,,,1.5444986820220947,1.290001392364502,0.25449734926223755,1.5444986820220947,37.938785552978516,2.818838596343994,2.6006393432617188,4.315639495849609,3.3371567726135254,0.3825269639492035,37.938785552978516,37.938785552978516,,
4340,1783432775.6973345,,,,,1.7355884313583374,1.4911797046661377,0.24440869688987732,1.7355884313583374,34.88912582397461,2.718548536300659,2.5216736793518066,3.487093687057495,3.167098045349121,0.3631226420402527,34.88912582397461,34.88912582397461,,
4345,1783432776.4264164,,,,,1.614903450012207,1.3397293090820312,0.2751741409301758,1.614903450012207,36.870147705078125,2.794390916824341,2.5803780555725098,4.027930736541748,3.2588508129119873,0.3760403096675873,36.870147705078125,36.870147705078125,,
4350,1783432777.2263744,,,,,1.841698169708252,1.5651729106903076,0.27652522921562195,1.841698169708252,35.235748291015625,2.5912959575653076,2.5544073581695557,3.625800609588623,3.1117775440216064,0.36921975016593933,35.235748291015625,35.235748291015625,,
4355,1783432777.9624734,,,,,1.5331461429595947,1.2816449403762817,0.2515011727809906,1.5331461429595947,37.04153823852539,2.975879669189453,2.563133955001831,4.161262512207031,3.221451997756958,0.3719354271888733,37.04153823852539,37.04153823852539,,
4360,1783432778.6901596,,,,,1.7365587949752808,1.470536470413208,0.26602232456207275,1.7365587949752808,35.47930145263672,2.646878480911255,2.535362720489502,3.6165692806243896,3.1208744049072266,0.3738260269165039,35.47930145263672,35.47930145263672,,
4365,1783432779.4223537,,,,,1.7401795387268066,1.4053068161010742,0.33487269282341003,1.7401795387268066,36.00230026245117,2.8584041595458984,2.436220645904541,3.6824302673339844,3.0883021354675293,0.3814713954925537,36.00230026245117,36.00230026245117,,
4370,1783432780.1555889,,,,,1.6142024993896484,1.374488115310669,0.23971439898014069,1.6142024993896484,36.6463623046875,2.794956922531128,2.6186716556549072,3.859071731567383,3.2879559993743896,0.37641504406929016,36.6463623046875,36.6463623046875,,
4375,1783432780.8862877,,,,,1.714818000793457,1.4404664039611816,0.2743515372276306,1.714818000793457,36.203712463378906,2.6766669750213623,2.4489712715148926,3.744455575942993,3.2232613563537598,0.3809475898742676,36.203712463378906,36.203712463378906,,
4380,1783432781.622509,,,,,1.6678842306137085,1.392747402191162,0.2751368284225464,1.6678842306137085,35.729618072509766,2.8612220287323,2.3551228046417236,3.897569179534912,3.1444976329803467,0.365092009305954,35.729618072509766,35.729618072509766,,
4385,1783432782.3563619,,,,,1.6536945104599,1.3819206953048706,0.2717737853527069,1.6536945104599,36.434974670410156,2.667318105697632,2.511812210083008,3.878734588623047,3.2025463581085205,0.37985074520111084,36.434974670410156,36.434974670410156,,
4390,1783432783.0910563,,,,,1.6553373336791992,1.402572512626648,0.25276488065719604,1.6553373336791992,35.71586608886719,2.8578672409057617,2.589243173599243,3.8457093238830566,3.193056583404541,0.3598049581050873,35.71586608886719,35.71586608886719,,
4395,1783432783.8264115,,,,,1.6492164134979248,1.4118086099624634,0.23740775883197784,1.6492164134979248,36.669403076171875,2.7984375953674316,2.570463180541992,3.916626453399658,3.2047231197357178,0.37906232476234436,36.669403076171875,36.669403076171875,,
4400,1783432784.5594432,,,,,1.709712028503418,1.4300936460494995,0.27961844205856323,1.709712028503418,35.79292297363281,2.778968095779419,2.578280210494995,3.7824785709381104,3.1409034729003906,0.3686424791812897,35.79292297363281,35.79292297363281,,
4405,1783432785.290313,,,,,1.673643708229065,1.438355803489685,0.23528791964054108,1.673643708229065,36.26776123046875,2.6956143379211426,2.629183530807495,3.7865426540374756,3.312067985534668,0.37212759256362915,36.26776123046875,36.26776123046875,,
4410,1783432786.0261111,,,,,1.5792100429534912,1.2983332872390747,0.2808767557144165,1.5792100429534912,36.60135269165039,2.818772315979004,2.4712867736816406,3.9260804653167725,3.222011089324951,0.37811359763145447,36.60135269165039,36.60135269165039,,
4415,1783432786.7581244,,,,,1.4956029653549194,1.267745018005371,0.22785790264606476,1.4956029653549194,36.82130813598633,2.937035322189331,2.5750880241394043,3.918360471725464,3.321164846420288,0.37400302290916443,36.82130813598633,36.82130813598633,,
4420,1783432787.4908233,,,,,1.6850837469100952,1.4466273784637451,0.2384563833475113,1.6850837469100952,36.51800537109375,2.782994508743286,2.5566513538360596,3.769911289215088,3.3099236488342285,0.37819305062294006,36.51800537109375,36.51800537109375,,
4425,1783432788.223511,,,,,1.7514393329620361,1.4804208278656006,0.27101844549179077,1.7514393329620361,35.49211883544922,2.741727352142334,2.4561996459960938,3.605713129043579,3.1366922855377197,0.37354180216789246,35.49211883544922,35.49211883544922,,
4430,1783432789.385591,,,,,1.808814525604248,1.4944329261779785,0.31438153982162476,1.808814525604248,35.94121551513672,2.791408061981201,2.571023941040039,3.670492172241211,3.1586661338806152,0.37601038813591003,35.94121551513672,35.94121551513672,,
4435,1783432790.7438903,,,,,1.5326075553894043,1.2981736660003662,0.23443391919136047,1.5326075553894043,37.089229583740234,2.8513851165771484,2.586060047149658,4.125205993652344,3.256514072418213,0.3752965033054352,37.089229583740234,37.089229583740234,,
4440,1783432791.8906186,,,,,1.5318984985351562,1.2779028415679932,0.2539956569671631,1.5318984985351562,36.44242858886719,2.9370951652526855,2.5590789318084717,3.906665086746216,3.1958260536193848,0.37202826142311096,36.44242858886719,36.44242858886719,,
4445,1783432792.7565982,,,,,1.5572574138641357,1.345439076423645,0.21181829273700714,1.5572574138641357,35.50235366821289,2.8051493167877197,2.6974072456359863,3.621805429458618,3.2076427936553955,0.3631311357021332,35.50235366821289,35.50235366821289,,
4450,1783432793.8137062,,,,,1.6037096977233887,1.3501222133636475,0.2535874545574188,1.6037096977233887,36.49972915649414,2.809255361557007,2.5914716720581055,3.9930052757263184,3.214906692504883,0.37073731422424316,36.49972915649414,36.49972915649414,,
4455,1783432794.9475403,,,,,1.714475393295288,1.4043748378753662,0.3101004958152771,1.714475393295288,35.15994644165039,2.8459930419921875,2.4733738899230957,3.6892201900482178,3.0615782737731934,0.3630885183811188,35.15994644165039,35.15994644165039,,
4460,1783432795.943361,,,,,1.752345085144043,1.4938244819641113,0.25852063298225403,1.752345085144043,35.1123046875,2.7920613288879395,2.4956791400909424,3.6659584045410156,3.1003198623657227,0.36204466223716736,35.1123046875,35.1123046875,,
4465,1783432796.7910388,,,,,1.6347447633743286,1.3696551322937012,0.26508966088294983,1.6347447633743286,35.722442626953125,2.794253349304199,2.445805549621582,3.8753371238708496,3.1062026023864746,0.3670956790447235,35.722442626953125,35.722442626953125,,
4470,1783432797.5642385,,,,,1.5969886779785156,1.3193109035491943,0.2776778042316437,1.5969886779785156,36.55615997314453,3.018620491027832,2.5243823528289795,4.008546829223633,3.1777939796447754,0.3697883188724518,36.55615997314453,36.55615997314453,,
4475,1783432798.3276756,,,,,1.8406239748001099,1.5104548931121826,0.33016905188560486,1.8406239748001099,33.99011993408203,2.723498821258545,2.4575183391571045,3.412555694580078,2.939769744873047,0.3578767776489258,33.99011993408203,33.99011993408203,,
4480,1783432799.079521,,,,,1.6579662561416626,1.3889135122299194,0.26905274391174316,1.6579662561416626,35.68816375732422,2.7595129013061523,2.558715581893921,3.8954339027404785,3.141315221786499,0.36214303970336914,35.68816375732422,35.68816375732422,,
4485,1783432799.8156652,,,,,1.6071922779083252,1.336036205291748,0.27115604281425476,1.6071922779083252,36.18858337402344,2.755784034729004,2.4966883659362793,3.963529586791992,3.227217435836792,0.36788034439086914,36.18858337402344,36.18858337402344,,
4490,1783432800.5534902,,,,,1.547975778579712,1.313564658164978,0.23441116511821747,1.547975778579712,36.882164001464844,2.9248046875,2.495783567428589,4.13523530960083,3.2517120838165283,0.3708373010158539,36.882164001464844,36.882164001464844,,
4495,1783432801.2856505,,,,,1.7897346019744873,1.5129846334457397,0.27674993872642517,1.7897346019744873,35.1887321472168,2.727329730987549,2.5939924716949463,3.6059341430664062,3.1450936794281006,0.36367449164390564,35.1887321472168,35.1887321472168,,
4500,1783432802.018975,,,,,1.7147308588027954,1.4693193435668945,0.2454114854335785,1.7147308588027954,35.84284210205078,2.8643884658813477,2.550203800201416,3.5623486042022705,3.221349000930786,0.3746856451034546,35.84284210205078,35.84284210205078,,
4505,1783432802.755409,,,,,1.663245677947998,1.3987736701965332,0.2644720673561096,1.663245677947998,35.33879089355469,2.800830841064453,2.471207618713379,3.597773313522339,3.128634214401245,0.36919862031936646,35.33879089355469,35.33879089355469,,
4510,1783432803.4924004,,,,,1.626208782196045,1.3368346691131592,0.2893741726875305,1.626208782196045,36.469757080078125,2.7935309410095215,2.5790393352508545,4.054645538330078,3.1916956901550293,0.368988960981369,36.469757080078125,36.469757080078125,,
4515,1783432804.2208118,,,,,1.524374008178711,1.276342749595642,0.24803119897842407,1.524374008178711,37.47456741333008,2.944237232208252,2.5958337783813477,4.0838942527771,3.34260892868042,0.37958866357803345,37.47456741333008,37.47456741333008,,
4520,1783432804.9458392,,,,,1.559673547744751,1.2965524196624756,0.2631210684776306,1.559673547744751,36.68092727661133,2.972888231277466,2.5230822563171387,3.959425687789917,3.150122880935669,0.37701913714408875,36.68092727661133,36.68092727661133,,
4525,1783432805.6845615,,,,,1.6750893592834473,1.385961651802063,0.2891276776790619,1.6750893592834473,36.16836166381836,2.851776599884033,2.4603006839752197,3.889801263809204,3.1430976390838623,0.3731219470500946,36.16836166381836,36.16836166381836,,
4530,1783432806.418254,,,,,1.5135103464126587,1.2419816255569458,0.2715287208557129,1.5135103464126587,37.29396438598633,2.9326424598693848,2.5715396404266357,4.082859039306641,3.202280044555664,0.38265562057495117,37.29396438598633,37.29396438598633,,
4535,1783432807.1473973,,,,,1.5668973922729492,1.303908109664917,0.26298922300338745,1.5668973922729492,36.21651077270508,2.9104042053222656,2.4820587635040283,3.8693790435791016,3.2224464416503906,0.3697865605354309,36.21651077270508,36.21651077270508,,
4540,1783432807.8812563,,,,,1.6009469032287598,1.3586704730987549,0.2422763854265213,1.6009469032287598,35.95357894897461,2.8168716430664062,2.5420923233032227,3.896455764770508,3.2026546001434326,0.36436426639556885,35.95357894897461,35.95357894897461,,
4545,1783432808.6166627,,,,,1.695417881011963,1.4513009786605835,0.24411694705486298,1.695417881011963,35.214786529541016,2.6883482933044434,2.6131794452667236,3.5451459884643555,3.1934750080108643,0.3652448356151581,35.214786529541016,35.214786529541016,,
4550,1783432809.3484244,,,,,1.6988273859024048,1.4201407432556152,0.27868664264678955,1.6988273859024048,35.21949005126953,2.7432427406311035,2.555546998977661,3.6636698246002197,3.125753879547119,0.36315223574638367,35.21949005126953,35.21949005126953,,
4555,1783432810.0793598,,,,,1.7008302211761475,1.3907966613769531,0.31003355979919434,1.7008302211761475,36.21339797973633,2.7590348720550537,2.455282688140869,3.741870641708374,3.124387502670288,0.3837014138698578,36.21339797973633,36.21339797973633,,
4560,1783432810.8163483,,,,,1.847620964050293,1.5265156030654907,0.32110530138015747,1.847620964050293,34.30121612548828,2.51993727684021,2.3789772987365723,3.522777795791626,3.0424232482910156,0.36159783601760864,34.30121612548828,34.30121612548828,,
4565,1783432811.5486345,,,,,1.6630232334136963,1.3687543869018555,0.29426878690719604,1.6630232334136963,37.094703674316406,3.058788299560547,2.587813138961792,3.8710074424743652,3.164114475250244,0.38617458939552307,37.094703674316406,37.094703674316406,,
4570,1783432812.2798927,,,,,1.6084656715393066,1.3608272075653076,0.24763841927051544,1.6084656715393066,36.56198501586914,2.75699782371521,2.624053955078125,3.984264850616455,3.2008919715881348,0.3735693395137787,36.56198501586914,36.56198501586914,,
4575,1783432813.0108078,,,,,1.7233166694641113,1.4521925449371338,0.27112412452697754,1.7233166694641113,35.883628845214844,2.6776719093322754,2.52230167388916,3.6792924404144287,3.2366631031036377,0.374483197927475,35.883628845214844,35.883628845214844,,
4580,1783432813.7419827,,,,,1.6105029582977295,1.3876118659973145,0.22289106249809265,1.6105029582977295,36.44415283203125,2.941058874130249,2.5761308670043945,3.822355031967163,3.2835514545440674,0.37144777178764343,36.44415283203125,36.44415283203125,,
4585,1783432814.4749026,,,,,1.79206383228302,1.4705467224121094,0.32151710987091064,1.79206383228302,35.12173080444336,2.682849168777466,2.4059793949127197,3.7384297847747803,3.0181572437286377,0.367105096578598,35.12173080444336,35.12173080444336,,
4590,1783432815.205073,,,,,1.5570855140686035,1.3333609104156494,0.2237246334552765,1.5570855140686035,37.12055587768555,2.9161787033081055,2.6331210136413574,4.0674285888671875,3.3604557514190674,0.3714553117752075,37.12055587768555,37.12055587768555,,
4595,1783432815.9358492,,,,,1.5801739692687988,1.3310835361480713,0.24909040331840515,1.5801739692687988,37.21195602416992,2.8876736164093018,2.612441062927246,4.133057594299316,3.360053539276123,0.3716804087162018,37.21195602416992,37.21195602416992,,
4600,1783432816.6666355,,,,,1.6074455976486206,1.3893157243728638,0.21812985837459564,1.6074455976486206,36.62212371826172,2.8968396186828613,2.62695050239563,3.973745584487915,3.3065147399902344,0.3675069510936737,36.62212371826172,36.62212371826172,,
4605,1783432817.4071207,,,,,1.6566630601882935,1.3644582033157349,0.2922048270702362,1.6566630601882935,36.09996795654297,2.8156657218933105,2.556403160095215,3.9461939334869385,3.1568264961242676,0.3671524226665497,36.09996795654297,36.09996795654297,,
4610,1783432818.1356797,,,,,1.6246898174285889,1.320717692375183,0.30397212505340576,1.6246898174285889,35.790122985839844,2.748136520385742,2.430861473083496,3.756401300430298,3.111098051071167,0.37502503395080566,35.790122985839844,35.790122985839844,,
4615,1783432818.8690803,,,,,1.5874335765838623,1.3613578081130981,0.22607573866844177,1.5874335765838623,37.55120849609375,2.8746418952941895,2.587092399597168,4.06973934173584,3.301565647125244,0.38548582792282104,37.55120849609375,37.55120849609375,,
4620,1783432819.601114,,,,,1.691798448562622,1.3896217346191406,0.30217665433883667,1.691798448562622,37.04924011230469,2.8713841438293457,2.559195041656494,3.9135499000549316,3.1910858154296875,0.38687530159950256,37.04924011230469,37.04924011230469,,
4625,1783432820.3294272,,,,,1.6872296333312988,1.3710922002792358,0.316137433052063,1.6872296333312988,35.985897064208984,2.9475693702697754,2.4427852630615234,3.7634963989257812,3.061541795730591,0.3765659034252167,35.985897064208984,35.985897064208984,,
4630,1783432821.0584676,,,,,1.6712713241577148,1.4408905506134033,0.23038077354431152,1.6712713241577148,35.58637619018555,2.6575846672058105,2.5735301971435547,3.6551918983459473,3.207374334335327,0.3695584237575531,35.58637619018555,35.58637619018555,,
4635,1783432821.7868989,,,,,1.779526948928833,1.4978846311569214,0.28164228796958923,1.779526948928833,34.994293212890625,2.689985752105713,2.6214659214019775,3.6326401233673096,3.1072325706481934,0.36006882786750793,34.994293212890625,34.994293212890625,,
4640,1783432822.5192506,,,,,1.6912517547607422,1.3937060832977295,0.2975456118583679,1.6912517547607422,36.02826690673828,2.7665810585021973,2.51216459274292,3.9098362922668457,3.147583246231079,0.36965954303741455,36.02826690673828,36.02826690673828,,
4645,1783432823.248481,,,,,1.6013624668121338,1.324046015739441,0.27731645107269287,1.6013624668121338,36.81989288330078,2.8845391273498535,2.51564884185791,4.0210795402526855,3.185605049133301,0.3779185712337494,36.81989288330078,36.81989288330078,,
4650,1783432823.9846165,,,,,1.778863549232483,1.4380961656570435,0.34076735377311707,1.778863549232483,35.912776947021484,2.7127037048339844,2.5406947135925293,3.7488017082214355,3.1132659912109375,0.3763386905193329,35.912776947021484,35.912776947021484,,
4655,1783432824.710638,,,,,1.7737886905670166,1.4545106887817383,0.31927794218063354,1.7737886905670166,34.328392028808594,2.6363472938537598,2.4446675777435303,3.5589685440063477,3.0090622901916504,0.3580292761325836,34.328392028808594,34.328392028808594,,
4660,1783432825.4383893,,,,,1.6478718519210815,1.394120693206787,0.2537511885166168,1.6478718519210815,36.08494567871094,2.733738660812378,2.5614936351776123,3.7526426315307617,3.1963300704956055,0.37537261843681335,36.08494567871094,36.08494567871094,,
4665,1783432826.1611621,,,,,1.7161202430725098,1.450325846672058,0.26579439640045166,1.7161202430725098,35.77227783203125,2.6533203125,2.5023508071899414,3.8245608806610107,3.2568345069885254,0.3656403720378876,35.77227783203125,35.77227783203125,,
4670,1783432826.8714132,,,,,1.7179062366485596,1.4783196449279785,0.23958657681941986,1.7179062366485596,36.11410903930664,2.8011465072631836,2.5512404441833496,3.9068899154663086,3.2684640884399414,0.3646891713142395,36.11410903930664,36.11410903930664,,
4675,1783432827.5855563,,,,,1.7421824932098389,1.3815510272979736,0.36063152551651,1.7421824932098389,35.59557342529297,2.857057809829712,2.5779964923858643,3.7200493812561035,2.9923386573791504,0.3719054162502289,35.59557342529297,35.59557342529297,,
4680,1783432828.2813148,,,,,1.6261053085327148,1.3782463073730469,0.24785897135734558,1.6261053085327148,35.96980285644531,2.8558602333068848,2.5625452995300293,3.785411834716797,3.2047057151794434,0.3682480454444885,35.96980285644531,35.96980285644531,,
4680,1783432828.2840698,1.9761315609884187e-05,1.9761315609884187e-05,,,,,,,,,,,,,,,,
4680,1783432828.9130695,,,,,,,,,,,,,,,,,0.36326132237911224,0.36326132237911224
4680,1783432830.2249463,,,1309.126190000029,832.1025094985962,,,,,,,,,,,,,,
4680,1783432831.5775607,,,1347.248352000065,832.1025094985962,,,,,,,,,,,,,,
4685,1783432832.360475,,,,,1.6243774890899658,1.3868651390075684,0.23751229047775269,1.6243774890899658,36.88224792480469,2.8066530227661133,2.5551459789276123,4.0039753913879395,3.2431235313415527,0.3783610761165619,36.88224792480469,36.88224792480469,,
4690,1783432833.0851514,,,,,1.6240607500076294,1.3508358001708984,0.27322497963905334,1.6240607500076294,35.969085693359375,2.798844337463379,2.4737236499786377,3.8765125274658203,3.216569423675537,0.36689671874046326,35.969085693359375,35.969085693359375,,
4695,1783432833.8199396,,,,,1.6322309970855713,1.3813905715942383,0.2508404552936554,1.6322309970855713,35.86725997924805,2.800421953201294,2.581911563873291,3.8340656757354736,3.2134227752685547,0.36422109603881836,35.86725997924805,35.86725997924805,,
4700,1783432834.564259,,,,,1.5160002708435059,1.285322666168213,0.23067764937877655,1.5160002708435059,37.14616394042969,3.068713426589966,2.634493589401245,4.014636039733887,3.3462586402893066,0.3715815842151642,37.14616394042969,37.14616394042969,,
4705,1783432835.4056218,,,,,1.5938398838043213,1.326895833015442,0.2669439911842346,1.5938398838043213,36.580833435058594,2.950368881225586,2.5552029609680176,3.991960048675537,3.192657709121704,0.37124499678611755,36.580833435058594,36.580833435058594,,
4710,1783432836.1535153,,,,,1.7225587368011475,1.4165005683898926,0.3060581684112549,1.7225587368011475,36.008880615234375,2.7375845909118652,2.4934966564178467,3.922841787338257,3.1339900493621826,0.37031418085098267,36.008880615234375,36.008880615234375,,
4715,1783432836.8839266,,,,,1.6055355072021484,1.3249651193618774,0.2805703580379486,1.6055355072021484,37.353790283203125,2.884787082672119,2.59735107421875,4.150671005249023,3.2067108154296875,0.38126420974731445,37.353790283203125,37.353790283203125,,
4720,1783432837.6157491,,,,,1.7976701259613037,1.4607036113739014,0.33696654438972473,1.7976701259613037,35.866695404052734,2.77217960357666,2.4663615226745605,3.867372512817383,3.030148506164551,0.3740691840648651,35.866695404052734,35.866695404052734,,
4725,1783432838.3457854,,,,,1.6461174488067627,1.3796839714050293,0.2664334774017334,1.6461174488067627,36.492366790771484,2.758817672729492,2.4846267700195312,3.8311920166015625,3.1991074085235596,0.38196277618408203,36.492366790771484,36.492366790771484,,
4730,1783432839.0751998,,,,,1.6135841608047485,1.3536981344223022,0.2598859965801239,1.6135841608047485,36.34636688232422,2.850764751434326,2.5475053787231445,3.925438404083252,3.198612928390503,0.3711110055446625,36.34636688232422,36.34636688232422,,
4735,1783432839.8054104,,,,,1.5778793096542358,1.3568623065948486,0.2210170328617096,1.5778793096542358,36.873661041259766,2.812033176422119,2.651843547821045,3.945685386657715,3.3875186443328857,0.37207502126693726,36.873661041259766,36.873661041259766,,
4740,1783432840.542824,,,,,1.685044527053833,1.4547678232192993,0.2302766591310501,1.685044527053833,36.22282028198242,2.764601469039917,2.5773353576660156,3.7594895362854004,3.29298996925354,0.37279829382896423,36.22282028198242,36.22282028198242,,
4745,1783432841.2711496,,,,,1.6744060516357422,1.3780921697616577,0.2963138520717621,1.6744060516357422,35.96905517578125,2.9128549098968506,2.5554161071777344,3.900757312774658,3.1466379165649414,0.36457762122154236,35.96905517578125,35.96905517578125,,
4750,1783432841.9984896,,,,,1.5351639986038208,1.2919056415557861,0.24325837194919586,1.5351639986038208,37.44091033935547,2.866837978363037,2.4976582527160645,4.057758808135986,3.282731771469116,0.3865652084350586,37.44091033935547,37.44091033935547,,
4755,1783432842.7287147,,,,,1.685341477394104,1.4301824569702148,0.25515905022621155,1.685341477394104,36.113975524902344,2.7152488231658936,2.571207046508789,4.0197882652282715,3.2502894401550293,0.361941397190094,36.113975524902344,36.113975524902344,,
4760,1783432843.4588661,,,,,1.7627663612365723,1.4660780429840088,0.29668837785720825,1.7627663612365723,35.244384765625,2.755017042160034,2.4817473888397217,3.695253372192383,3.1152091026306152,0.3641488254070282,35.244384765625,35.244384765625,,
4765,1783432844.1923716,,,,,1.5081312656402588,1.2853267192840576,0.22280453145503998,1.5081312656402588,37.599266052246094,2.981844663619995,2.6746535301208496,4.144763469696045,3.369464159011841,0.3758736550807953,37.599266052246094,37.599266052246094,,
4770,1783432844.9218707,,,,,1.6802257299423218,1.4183107614517212,0.261914998292923,1.6802257299423218,36.64360046386719,2.702568769454956,2.631091833114624,3.7895514965057373,3.2798068523406982,0.38158273696899414,36.64360046386719,36.64360046386719,,
4775,1783432845.656892,,,,,1.4874868392944336,1.2600494623184204,0.227437362074852,1.4874868392944336,37.4051513671875,2.9848906993865967,2.552233934402466,4.105605602264404,3.375694990158081,0.37567615509033203,37.4051513671875,37.4051513671875,,
4780,1783432846.3883886,,,,,1.8188319206237793,1.5067505836486816,0.31208139657974243,1.8188319206237793,34.61106872558594,2.617098808288574,2.433997631072998,3.406968116760254,3.089725971221924,0.36814630031585693,34.61106872558594,34.61106872558594,,
4785,1783432847.1194243,,,,,1.8709931373596191,1.559315800666809,0.31167730689048767,1.8709931373596191,34.44575119018555,2.598353624343872,2.4754464626312256,3.3613507747650146,3.0630695819854736,0.3671802282333374,34.44575119018555,34.44575119018555,,
4790,1783432847.8497748,,,,,1.691908836364746,1.4170424938201904,0.27486640214920044,1.691908836364746,36.49160385131836,2.785031795501709,2.5074262619018555,3.8564236164093018,3.2502200603485107,0.3774634897708893,36.49160385131836,36.49160385131836,,
4795,1783432848.581356,,,,,1.6368091106414795,1.3526334762573242,0.2841756045818329,1.6368091106414795,36.25484085083008,2.786785125732422,2.5580923557281494,3.8600475788116455,3.190986156463623,0.3735087811946869,36.25484085083008,36.25484085083008,,
4800,1783432849.3108466,,,,,1.7428991794586182,1.4565128087997437,0.28638631105422974,1.7428991794586182,35.31101608276367,2.680483818054199,2.535142183303833,3.800598382949829,3.0528271198272705,0.3641897439956665,35.31101608276367,35.31101608276367,,
4805,1783432850.0374768,,,,,1.6684589385986328,1.4094964265823364,0.2589624524116516,1.6684589385986328,35.66438293457031,2.7575953006744385,2.5131020545959473,3.7929115295410156,3.2000203132629395,0.3646182119846344,35.66438293457031,35.66438293457031,,
4810,1783432850.7633965,,,,,1.7411119937896729,1.43009352684021,0.3110184967517853,1.7411119937896729,34.548828125,2.6789369583129883,2.450087785720825,3.5610740184783936,3.0338692665100098,0.36066484451293945,34.548828125,34.548828125,,
4815,1783432851.4937541,,,,,1.6870561838150024,1.3762438297271729,0.3108123540878296,1.6870561838150024,36.443023681640625,2.987704038619995,2.6057052612304688,3.9582407474517822,3.183206796646118,0.3681492805480957,36.443023681640625,36.443023681640625,,
4820,1783432852.216518,,,,,1.6754560470581055,1.422025203704834,0.25343090295791626,1.6754560470581055,36.69695281982422,2.7771224975585938,2.4890620708465576,4.046632289886475,3.234581232070923,0.3748520016670227,36.69695281982422,36.69695281982422,,
4825,1783432852.945166,,,,,1.7282226085662842,1.404916763305664,0.3233058750629425,1.7282226085662842,35.577369689941406,2.7914609909057617,2.5045506954193115,3.7989771366119385,3.084439992904663,0.3669893741607666,35.577369689941406,35.577369689941406,,
4830,1783432853.6728432,,,,,1.641384482383728,1.3718546628952026,0.2695298194885254,1.641384482383728,36.06678009033203,2.7916500568389893,2.503058910369873,3.851283550262451,3.1640758514404297,0.3720300793647766,36.06678009033203,36.06678009033203,,
4835,1783432854.4017427,,,,,1.7962154150009155,1.4810819625854492,0.3151334524154663,1.7962154150009155,35.6095085144043,2.7784383296966553,2.5098226070404053,3.6128013134002686,3.0375208854675293,0.3782356381416321,35.6095085144043,35.6095085144043,,
4840,1783432855.12889,,,,,1.8088515996932983,1.5312106609344482,0.2776409089565277,1.8088515996932983,35.49895095825195,2.6089699268341064,2.608738660812378,3.703766345977783,3.1426117420196533,0.3686330318450928,35.49895095825195,35.49895095825195,,
4845,1783432855.8530843,,,,,1.586220145225525,1.3191949129104614,0.2670252025127411,1.586220145225525,38.19721984863281,2.873410224914551,2.550774097442627,4.217357158660889,3.349315881729126,0.39199313521385193,38.19721984863281,38.19721984863281,,
4850,1783432856.5820887,,,,,1.6787517070770264,1.4056189060211182,0.2731328308582306,1.6787517070770264,35.254737854003906,2.695780038833618,2.5487313270568848,3.5263993740081787,3.156404972076416,0.36988043785095215,35.254737854003906,35.254737854003906,,
4855,1783432857.3115134,,,,,1.6933331489562988,1.4215216636657715,0.2718115448951721,1.6933331489562988,35.86728286743164,2.7844901084899902,2.529557704925537,3.630232810974121,3.1985602378845215,0.37545880675315857,35.86728286743164,35.86728286743164,,
4860,1783432858.0396218,,,,,1.6126781702041626,1.3387540578842163,0.2739240825176239,1.6126781702041626,37.134971618652344,2.7617177963256836,2.540668249130249,4.114917278289795,3.3039498329162598,0.37766334414482117,37.134971618652344,37.134971618652344,,
4865,1783432858.7655904,,,,,1.754715085029602,1.4396699666976929,0.3150450885295868,1.754715085029602,34.65330505371094,2.7089474201202393,2.513115406036377,3.666992425918579,3.032088041305542,0.35629066824913025,34.65330505371094,34.65330505371094,,
4870,1783432859.497429,,,,,1.7059111595153809,1.430179476737976,0.27573174238204956,1.7059111595153809,35.8039665222168,2.726876974105835,2.5304253101348877,3.822939872741699,3.1905946731567383,0.36710208654403687,35.8039665222168,35.8039665222168,,
4875,1783432860.2232993,,,,,1.704962134361267,1.460470199584961,0.24449196457862854,1.704962134361267,34.46840286254883,2.6816415786743164,2.54086971282959,3.453242063522339,3.1123948097229004,0.35810261964797974,34.46840286254883,34.46840286254883,,
4880,1783432860.9512787,,,,,1.5531558990478516,1.280080795288086,0.27307507395744324,1.5531558990478516,36.867218017578125,2.8871188163757324,2.4915456771850586,4.082713603973389,3.2457289695739746,0.3740370273590088,36.867218017578125,36.867218017578125,,
4885,1783432861.6785872,,,,,1.707475185394287,1.4427810907363892,0.2646941542625427,1.707475185394287,36.41905975341797,2.8342247009277344,2.606955051422119,3.875434637069702,3.2325682640075684,0.37248608469963074,36.41905975341797,36.41905975341797,,
4890,1783432862.4053226,,,,,1.7275655269622803,1.4625122547149658,0.2650532126426697,1.7275655269622803,35.47515106201172,2.7444863319396973,2.565856456756592,3.6492977142333984,3.1524062156677246,0.3680310845375061,35.47515106201172,35.47515106201172,,
4895,1783432863.137928,,,,,1.6051993370056152,1.3422343730926514,0.26296496391296387,1.6051993370056152,36.19843673706055,2.8235583305358887,2.6175692081451416,3.762686252593994,3.1560845375061035,0.37599483132362366,36.19843673706055,36.19843673706055,,
4900,1783432863.8676395,,,,,1.6274551153182983,1.3528592586517334,0.27459585666656494,1.6274551153182983,35.70783996582031,2.7631688117980957,2.5744073390960693,3.8017807006835938,3.2030344009399414,0.3635696470737457,35.70783996582031,35.70783996582031,,
4905,1783432864.6022334,,,,,1.722479224205017,1.439199447631836,0.28327974677085876,1.722479224205017,35.8765754699707,2.828864336013794,2.4405837059020996,3.7701759338378906,3.1217257976531982,0.37385162711143494,35.8765754699707,35.8765754699707,,
4910,1783432865.337787,,,,,1.5508828163146973,1.3245048522949219,0.22637799382209778,1.5508828163146973,36.967124938964844,2.8917441368103027,2.566956043243408,3.910740852355957,3.2613649368286133,0.38142696022987366,36.967124938964844,36.967124938964844,,
4915,1783432866.069673,,,,,1.633184552192688,1.322019100189209,0.311165452003479,1.633184552192688,36.16166687011719,2.7835960388183594,2.455275058746338,3.8251943588256836,3.113159656524658,0.3788018822669983,36.16166687011719,36.16166687011719,,
4920,1783432866.7986064,,,,,1.5679600238800049,1.2927446365356445,0.27521541714668274,1.5679600238800049,37.754886627197266,3.0218756198883057,2.649569511413574,4.237164497375488,3.2487823963165283,0.38025665283203125,37.754886627197266,37.754886627197266,,
4925,1783432867.5342126,,,,,1.6394636631011963,1.3647220134735107,0.27474167943000793,1.6394636631011963,36.26259994506836,2.755974292755127,2.5328102111816406,3.788067102432251,3.148643970489502,0.380008727312088,36.26259994506836,36.26259994506836,,
4930,1783432868.2598825,,,,,1.590762734413147,1.3453028202056885,0.24545995891094208,1.590762734413147,35.98694610595703,2.7491166591644287,2.533923387527466,3.7602076530456543,3.2199716567993164,0.37207886576652527,35.98694610595703,35.98694610595703,,
4935,1783432868.9970484,,,,,1.688082218170166,1.416843295097351,0.27123886346817017,1.688082218170166,35.55788040161133,2.8440663814544678,2.4964284896850586,3.7893784046173096,3.104966402053833,0.3650820851325989,35.55788040161133,35.55788040161133,,
4940,1783432869.732391,,,,,1.642246127128601,1.3978729248046875,0.24437323212623596,1.642246127128601,35.96437454223633,2.613999843597412,2.598519802093506,3.6902084350585938,3.2285890579223633,0.3758724629878998,35.96437454223633,35.96437454223633,,
4945,1783432870.4715354,,,,,1.5322937965393066,1.2674319744110107,0.2648618221282959,1.5322937965393066,38.83503341674805,3.130026340484619,2.5318117141723633,4.375170707702637,3.304985523223877,0.3958418071269989,38.83503341674805,38.83503341674805,,
4950,1783432871.205787,,,,,1.7902565002441406,1.4644604921340942,0.3257959485054016,1.7902565002441406,35.60074996948242,2.7766101360321045,2.4834651947021484,3.6256606578826904,3.1113295555114746,0.374815434217453,35.60074996948242,35.60074996948242,,
4955,1783432871.9374769,,,,,1.5761762857437134,1.3252615928649902,0.25091472268104553,1.5761762857437134,36.76148223876953,2.8255882263183594,2.571366310119629,3.995687484741211,3.2184042930603027,0.37636318802833557,36.76148223876953,36.76148223876953,,
4960,1783432872.6693926,,,,,1.5169248580932617,1.2992039918899536,0.2177208513021469,1.5169248580932617,37.65056610107422,3.002424716949463,2.594693660736084,3.99410343170166,3.393507957458496,0.3839605450630188,37.65056610107422,37.65056610107422,,
4965,1783432873.4012754,,,,,1.5844835042953491,1.3234330415725708,0.2610504925251007,1.5844835042953491,37.35572052001953,2.895820379257202,2.5442118644714355,3.9957008361816406,3.289586305618286,0.3854469954967499,37.35572052001953,37.35572052001953,,
4970,1783432874.1303902,,,,,1.6110291481018066,1.3909577131271362,0.2200714647769928,1.6110291481018066,36.14067077636719,2.89616322517395,2.609252452850342,3.690598249435425,3.219543933868408,0.37366601824760437,36.14067077636719,36.14067077636719,,
4975,1783432874.8672724,,,,,1.742598533630371,1.4007970094680786,0.3418014645576477,1.742598533630371,35.56526184082031,2.6612653732299805,2.414606809616089,3.6443490982055664,3.059584140777588,0.379589319229126,35.56526184082031,35.56526184082031,,
4980,1783432875.6002762,,,,,1.5565686225891113,1.3056385517120361,0.2509300410747528,1.5565686225891113,37.67631912231445,2.91677188873291,2.5385076999664307,4.265367031097412,3.2838850021362305,0.3805007338523865,37.67631912231445,37.67631912231445,,
4985,1783432876.3315778,,,,,1.5921473503112793,1.3467072248458862,0.24544017016887665,1.5921473503112793,37.09345245361328,2.9585182666778564,2.617114305496216,4.202795028686523,3.3054373264312744,0.3666968047618866,37.09345245361328,37.09345245361328,,
4990,1783432877.063493,,,,,1.621332049369812,1.401023030281067,0.2203090339899063,1.621332049369812,36.48286056518555,2.671811819076538,2.623814821243286,3.948387622833252,3.3600525856018066,0.36823004484176636,36.48286056518555,36.48286056518555,,
4995,1783432877.792799,,,,,1.627470850944519,1.3942140340805054,0.23325680196285248,1.627470850944519,35.699188232421875,2.813775062561035,2.5639805793762207,3.693302869796753,3.166861057281494,0.3689135015010834,35.699188232421875,35.699188232421875,,
5000,1783432878.5233185,,,,,1.7111107110977173,1.437225103378296,0.2738856375217438,1.7111107110977173,34.865814208984375,2.6278669834136963,2.4356002807617188,3.6288833618164062,3.156402587890625,0.360706090927124,34.865814208984375,34.865814208984375,,
5005,1783432879.2539122,,,,,1.636441946029663,1.3321261405944824,0.30431583523750305,1.636441946029663,35.81190872192383,2.866692304611206,2.5179829597473145,3.905665159225464,3.1141767501831055,0.3641677796840668,35.81190872192383,35.81190872192383,,
5010,1783432879.9841084,,,,,1.6857588291168213,1.3947328329086304,0.2910259962081909,1.6857588291168213,35.544708251953125,2.722963333129883,2.493793249130249,3.878185510635376,3.156007766723633,0.36132368445396423,35.544708251953125,35.544708251953125,,
5015,1783432880.7109425,,,,,1.6978799104690552,1.4082914590835571,0.28958842158317566,1.6978799104690552,34.99242401123047,2.7310433387756348,2.57639479637146,3.6534292697906494,3.051197052001953,0.3616829216480255,34.99242401123047,34.99242401123047,,
5020,1783432881.441354,,,,,1.616316795349121,1.3669627904891968,0.24935394525527954,1.616316795349121,35.72126388549805,2.782564163208008,2.5311272144317627,3.7296926975250244,3.2470691204071045,0.36564552783966064,35.72126388549805,35.72126388549805,,
5025,1783432882.1772301,,,,,1.6971209049224854,1.4563959836959839,0.2407248616218567,1.6971209049224854,34.79514694213867,2.7442898750305176,2.516293525695801,3.4474620819091797,3.136431932449341,0.363706111907959,34.79514694213867,34.79514694213867,,
5030,1783432882.9122891,,,,,1.652413249015808,1.3479176759719849,0.30449554324150085,1.652413249015808,35.36796188354492,2.873210906982422,2.537806510925293,3.617645740509033,3.0126826763153076,0.3710286319255829,35.36796188354492,35.36796188354492,,
5035,1783432883.6464891,,,,,1.7657521963119507,1.4691635370254517,0.296588659286499,1.7657521963119507,34.36420822143555,2.746098756790161,2.521007537841797,3.466038942337036,2.9804530143737793,0.3600914776325226,34.36420822143555,34.36420822143555,,
5040,1783432884.3781083,,,,,1.6087929010391235,1.3504304885864258,0.25836244225502014,1.6087929010391235,36.985145568847656,2.8395867347717285,2.5200297832489014,4.0174360275268555,3.2963509559631348,0.37773236632347107,36.985145568847656,36.985145568847656,,
5045,1783432885.106071,,,,,1.7443277835845947,1.481461524963379,0.26286622881889343,1.7443277835845947,36.07845687866211,2.832268714904785,2.4952809810638428,3.751796007156372,3.1930456161499023,0.3746938407421112,36.07845687866211,36.07845687866211,,
5050,1783432885.835417,,,,,1.5710842609405518,1.321702480316162,0.24938182532787323,1.5710842609405518,36.522560119628906,2.796225070953369,2.5642926692962646,3.9698665142059326,3.225409984588623,0.3726997971534729,36.522560119628906,36.522560119628906,,
5055,1783432886.560175,,,,,1.58488130569458,1.3650200366973877,0.2198612093925476,1.58488130569458,36.76934051513672,2.8758270740509033,2.611412525177002,4.029677867889404,3.2773501873016357,0.370400995016098,36.76934051513672,36.76934051513672,,
5060,1783432887.2714028,,,,,1.7045937776565552,1.4257969856262207,0.2787967920303345,1.7045937776565552,35.89280319213867,2.8033270835876465,2.593423366546631,3.6959469318389893,3.140162229537964,0.37386295199394226,35.89280319213867,35.89280319213867,,
5065,1783432887.9773424,,,,,1.5754033327102661,1.342156171798706,0.23324717581272125,1.5754033327102661,36.340179443359375,2.886864185333252,2.5130550861358643,3.836587905883789,3.2989463806152344,0.3704264760017395,36.340179443359375,36.340179443359375,,
5070,1783432888.6742382,,,,,1.5368359088897705,1.300891637802124,0.23594433069229126,1.5368359088897705,36.60625076293945,2.929778814315796,2.536796808242798,3.96254825592041,3.2640554904937744,0.3708104193210602,36.60625076293945,36.60625076293945,,
5070,1783432888.67743,1.9741554294274304e-05,1.9741554294274304e-05,,,,,,,,,,,,,,,,
5070,1783432889.3246038,,,,,,,,,,,,,,,,,0.36321514457464216,0.36321514457464216
5070,1783432890.6860309,,,1358.708360000037,832.1025094985962,,,,,,,,,,,,,,
5070,1783432892.344999,,,1654.0561200001775,832.1025094985962,,,,,,,,,,,,,,
